registered_number,route,component,page_file,title,route_state,sequence_number,source_bytes,dependency_count,primary_component,dependency_files,missing_imports,image_media_signals,interaction_signals,personal_voice_signals,design_tokens,error_signals,generic_signals,unknown_navigation_targets,boredom_risk,source_fingerprint,gift_present,memory,gift,compliment,message,surprise
"1","/","HomePage","src/pages/HomePage.jsx","Samjhana’s Birthday Door from Abu","sequence page 1","1","17146","3","page-specific JSX","src/pages/HomePage.jsx | src/data/personalVoice.js | src/data/roomSequence.js","","0","8","90","from-rose-200 via-orange-100 to-amber-100 from-sky-200 via-indigo-100 to-violet-100 from-emerald-200 via-teal-100 to-cyan-100 bg-[","","interaction with low media","","LOW","b44eaf96801f","true","Chau-Chau, Panipuri, momo, and the foods that became our language","a private letter from Abu","Your kindness is one of the reasons Abu keeps choosing you.","Samjhana, my Fuchee, Abu made the Abu’s birthday doorway room around Chau-Chau, Panipuri, momo, and the foods that became our language. This is a reminder that you are loved in the","Open this when you miss Abu. Your kindness is one of the reasons Abu keeps choosing you. This page is Abu’s a promise folded into a keepsake card for Samjhana."
"2","/curated-journey","CuratedJourneyPage","src/pages/CuratedJourneyPage.jsx","The Abu-to-Sanzu Journey","registered but not in sequence","","7225","2","page-specific JSX","src/pages/CuratedJourneyPage.jsx | src/data/personalVoice.js","","0","4","68","bg-[ text-[ rounded-full border-[ text-[10px] font-bold text-xs text-white/35 text-sm text-white/55","","interaction with low media","","MEDIUM","eb2c3c5d8d83","true","the future light-blue scooter ride toward Bardiya","a birthday blessing written in Abu’s handwriting","Your voice can cross the Nepalgunj-to-Sakai distance faster than any flight.","Samjhana, my Samjhana, Abu made the Curated Journey room around the future light-blue scooter ride toward Bardiya. The gift inside is not expensive; it is specific to you.","This is a reminder that you are loved in the details. Your voice can cross the Nepalgunj-to-Sakai distance faster than any flight. This page is Abu’s a tiny cinema ticket for one m"
"3","/story","StoryPage","src/pages/StoryPage.jsx","The Story of How Abu Met Samjhana","registered but not in sequence","","3803","1","page-specific JSX","src/pages/StoryPage.jsx","","0","5","19","bg-[ text-[ text-xs font-bold font-serif text-2xl rounded-full border-y border-[ text-[8rem]","","interaction with low media","","MEDIUM","e68543514e96","true","the dream of Pokhara, Manang, and Mustang waiting for us","a small surprise box with one true thing inside","You are beautiful in the moments you never think to pose for.","Samjhana, my Sanzu, Abu made the Story room around the dream of Pokhara, Manang, and Mustang waiting for us. Keep this for the next time distance feels loud.","Read this slowly, Sanu. It was made for your exact heart. You are beautiful in the moments you never think to pose for. This page is Abu’s a birthday blessing written in Abu’s hand"
"4","/gallery","GalleryPage","src/pages/GalleryPage.jsx","The Faces Abu Keeps Close","sequence page 2","2","55146","12","GallerySection","src/pages/GalleryPage.jsx | src/components/GallerySection.jsx | src/data/allMediaData.js | src/utils/mediaUtils.js | src/data/complimentsData.js | src/data/couplePhotosData.js | src/hooks/useDeviceGyro.js | src/components/AudioController.jsx | src/store/useAppStore.js | src/config.ts | src/data/roomSequence.js | src/utils/assetHelper.js","","46","79","58","bg-gradient-to-b from-[ via-[ to-[ text-center rounded-full bg-pink-100 border-pink-200 text-rose-600 text-xs","","","","LOW","6a9413e76652","true","the day “Abhay” became “Abu” because you made it yours","a tiny memory ticket from Nepalgunj","You are the person behind every name Abu says with a softer voice.","Samjhana, my Bebo, Abu made the Gallery room around the day “Abhay” became “Abu” because you made it yours. A small surprise: Abu remembers more than he says.","Keep this for the next time distance feels loud. You are the person behind every name Abu says with a softer voice. This page is Abu’s a voice-note moment for the nights you miss h"
"5","/video","VideoPage","src/pages/VideoPage.jsx","Samjhana in Motion","sequence page 3","3","13988","2","page-specific JSX","src/pages/VideoPage.jsx | src/utils/mediaUtils.js","","30","11","28","to-Osaka bg-[ text-[ border-b border-white/10 text-xs font-bold text-white/55 text-white text-amber-200/75","","","","LOW","e8ca7e931581","true","the dream of Pokhara, Manang, and Mustang waiting for us","a promise folded into a keepsake card","You are beautiful in the moments you never think to pose for.","Samjhana, my Samjhana, Abu made the Video room around the dream of Pokhara, Manang, and Mustang waiting for us. This page is a soft place to land when your day is heavy.","A small surprise: Abu remembers more than he says. You are beautiful in the moments you never think to pose for. This page is Abu’s a compliment saved for your next tired day for S"
"6","/letter","LetterPage","src/pages/LetterPage.jsx","A Letter from Abu","sequence page 4","4","99015","8","LetterSection","src/pages/LetterPage.jsx | src/components/LetterSection.jsx | src/data/birthdayData.js | src/utils/mediaUtils.js | src/components/AudioController.jsx | src/store/useAppStore.js | src/config.ts | src/data/roomSequence.js","","30","52","234","bg-gradient-to-b from-[ via-[ to-[ text-emerald-100 text-center rounded-full bg-emerald-500/20 text-emerald-300 border-emerald-400/30","","","","LOW","edce1cd68dd1","true","the dream of Pokhara, Manang, and Mustang waiting for us","a tiny memory ticket from Nepalgunj","You are beautiful in the moments you never think to pose for.","Samjhana, my Babe, Abu made the Letter room around the dream of Pokhara, Manang, and Mustang waiting for us. A small surprise: Abu remembers more than he says.","Keep this for the next time distance feels loud. You are beautiful in the moments you never think to pose for. This page is Abu’s a voice-note moment for the nights you miss home f"
"7","/bouquet","BouquetPage","src/pages/BouquetPage.jsx","A Bouquet of Words for Bhuntu","sequence page 5","5","101907","8","BouquetSection","src/pages/BouquetPage.jsx | src/components/BouquetSection.jsx | src/data/birthdayData.js | src/utils/mediaUtils.js | src/components/AudioController.jsx | src/store/useAppStore.js | src/config.ts | src/data/roomSequence.js","","34","59","235","bg-gradient-to-b from-[ via-[ to-[ text-center rounded-full bg-pink-100 border-pink-200 text-rose-600 text-xs","","","","LOW","e286506fadcc","true","the day “Abhay” became “Abu” because you made it yours","a promise folded into a keepsake card","You are the person behind every name Abu says with a softer voice.","Samjhana, my Sanzu, Abu made the Bouquet room around the day “Abhay” became “Abu” because you made it yours. This page is a soft place to land when your day is heavy.","A small surprise: Abu remembers more than he says. You are the person behind every name Abu says with a softer voice. This page is Abu’s a compliment saved for your next tired day "
"8","/distance","DistancePage","src/pages/DistancePage.jsx","Nepalgunj to Sakai, Osaka","sequence page 6","6","58501","10","NepalgunjToOsakaFlightSim","src/pages/DistancePage.jsx | src/components/NepalgunjToOsakaFlightSim.jsx | src/components/WorldShell.jsx | src/themes.js | src/components/AudioController.jsx | src/store/useAppStore.js | src/config.ts | src/data/roomSequence.js | src/utils/mediaUtils.js | src/utils/whatsappHelper.js","","27","54","49","text-sky-400 text-center font-ui rounded-3xl bg-slate-950 border-4 border-sky-500/80 shadow-[0_0_50px_rgba text-xs font-mono","","","","LOW","e40c69e9a76f","true","the dream of Pokhara, Manang, and Mustang waiting for us","a tiny memory ticket from Nepalgunj","You are beautiful in the moments you never think to pose for.","Samjhana, my Bebo, Abu made the Distance room around the dream of Pokhara, Manang, and Mustang waiting for us. A small surprise: Abu remembers more than he says.","Keep this for the next time distance feels loud. You are beautiful in the moments you never think to pose for. This page is Abu’s a voice-note moment for the nights you miss home f"
"9","/surprise","SurprisePage","src/pages/SurprisePage.jsx","The Surprise Abu Hid for You","sequence page 7","7","109674","11","FinaleSection","src/pages/SurprisePage.jsx | src/components/FinaleSection.jsx | src/3d/GiftBox3D.jsx | src/components/AudioController.jsx | src/store/useAppStore.js | src/config.ts | src/data/roomSequence.js | src/components/WebGLErrorBoundary.jsx | src/components/InteractiveCake.jsx | src/data/birthdayData.js | src/utils/mediaUtils.js","","30","65","233","bg-gradient-to-b from-[ via-[ to-[ text-pink-300 text-rose-400 text-center rounded-full bg-white/80 border-pink-200","","","","LOW","a14626290122","true","dropping you at the Language Institute before Japan","a tiny memory ticket from Nepalgunj","Your moods, your laugh, your quiet, and your Bhoot moments all belong to the girl Abu loves.","Samjhana, my Babe, Abu made the Surprise room around dropping you at the Language Institute before Japan. A small surprise: Abu remembers more than he says.","Keep this for the next time distance feels loud. Your moods, your laugh, your quiet, and your Bhoot moments all belong to the girl Abu loves. This page is Abu’s a voice-note moment"
"10","/ring","RingSurprisePage","src/pages/RingSurprisePage.jsx","A Little Promise for the Future","registered but not in sequence","","46393","5","AudioController","src/pages/RingSurprisePage.jsx | src/components/AudioController.jsx | src/store/useAppStore.js | src/config.ts | src/data/roomSequence.js","","0","78","30","rounded-full border-4 border-pink-400/40 shadow-2xl text-yellow-300 text-base rounded-t-xl bg-gradient-to-br from-rose-500 to-pink-600","","randomized output | interaction with low media","","LOW","4e48b1ef3bf4","true","the way you can be Sanzu, Bhuntu, Sanu, Babe, or Runchi and still be home","a birthday blessing written in Abu’s handwriting","You make Abu want to become gentler, steadier, and more worthy of your trust.","Samjhana, my Babe, Abu made the Ring room around the way you can be Sanzu, Bhuntu, Sanu, Babe, or Runchi and still be home. The gift inside is not expensive; it is specific to you.","This is a reminder that you are loved in the details. You make Abu want to become gentler, steadier, and more worthy of your trust. This page is Abu’s a tiny cinema ticket for one "
"11","/quiz","QuizPage","src/pages/QuizPage.jsx","The One Game Abu Made for Samjhana","sequence page 8","8","12352","2","page-specific JSX","src/pages/QuizPage.jsx | src/utils/mediaUtils.js","","31","12","17","bg-[ text-white rounded-[2rem] shadow-2xl border-cyan-200/20 bg-white/10 text-pink-400 text-5xl font-black text-lg","","","","LOW","ce22b3ae08c8","true","the day “Abhay” became “Abu” because you made it yours","a tiny memory ticket from Nepalgunj","You are the person behind every name Abu says with a softer voice.","Samjhana, my Sanu, Abu made the Quiz room around the day “Abhay” became “Abu” because you made it yours. A small surprise: Abu remembers more than he says.","Keep this for the next time distance feels loud. You are the person behind every name Abu says with a softer voice. This page is Abu’s a voice-note moment for the nights you miss h"
"12","/stars","StarsPage","src/pages/StarsPage.jsx","The Sky Map Abu Keeps for You","sequence page 9","9","321584","4","page-specific JSX","src/pages/StarsPage.jsx | src/utils/mediaUtils.js | src/data/pageGiftData.js | src/data/pageNames.js","","33","6","4138","bg-[ text-[ text-sky-200 text-xs font-black text-6xl text-8xl text-lg text-sky-100/60 rounded-full","","","","LOW","d31d852e1b94","true","dropping you at the Language Institute before Japan","a soft landing place for a difficult day","Your moods, your laugh, your quiet, and your Bhoot moments all belong to the girl Abu loves.","Samjhana, my Bhoot, Abu made the Stars room around dropping you at the Language Institute before Japan. Keep this for the next time distance feels loud.","Read this slowly, Sanu. It was made for your exact heart. Your moods, your laugh, your quiet, and your Bhoot moments all belong to the girl Abu loves. This page is Abu’s a bouquet "
"13","/time-capsule","TimeCapsulePage","src/pages/TimeCapsulePage.jsx","Open When You Miss Abu","sequence page 10","10","98558","8","OpenWhenLetters","src/pages/TimeCapsulePage.jsx | src/components/OpenWhenLetters.jsx | src/data/birthdayData.js | src/utils/mediaUtils.js | src/components/AudioController.jsx | src/store/useAppStore.js | src/config.ts | src/data/roomSequence.js","","30","58","230","text-center rounded-full bg-rose-100 border-rose-200 text-rose-600 font-bold text-xs shadow-sm text-pink-500 text-2xl","","","","LOW","a5cfd6bfffd7","true","the future light-blue scooter ride toward Bardiya","a birthday blessing written in Abu’s handwriting","Your voice can cross the Nepalgunj-to-Sakai distance faster than any flight.","Samjhana, my Fuchee, Abu made the Time Capsule room around the future light-blue scooter ride toward Bardiya. The gift inside is not expensive; it is specific to you.","This is a reminder that you are loved in the details. Your voice can cross the Nepalgunj-to-Sakai distance faster than any flight. This page is Abu’s a tiny cinema ticket for one m"
"14","/scratch-surprises","ScratchSurprisePage","src/pages/ScratchSurprisePage.jsx","Small Surprises Under the Surface","registered but not in sequence","","98048","8","ScratchCard","src/pages/ScratchSurprisePage.jsx | src/components/ScratchCard.jsx | src/data/birthdayData.js | src/utils/mediaUtils.js | src/components/AudioController.jsx | src/store/useAppStore.js | src/config.ts | src/data/roomSequence.js","","30","49","228","rounded-3xl border-2 border-pink-200 shadow-xl text-center bg-white text-xs font-bold font-ui rounded-full","","","","LOW","0d535e083aef","true","the day “Abhay” became “Abu” because you made it yours","a small surprise box with one true thing inside","You are the person behind every name Abu says with a softer voice.","Samjhana, my Runchi, Abu made the Scratch Surprises room around the day “Abhay” became “Abu” because you made it yours. Keep this for the next time distance feels loud.","Read this slowly, Sanu. It was made for your exact heart. You are the person behind every name Abu says with a softer voice. This page is Abu’s a birthday blessing written in Abu’s"
"15","/compliment-jar","ComplimentJarPage","src/pages/ComplimentJarPage.jsx","The Compliments Abu Saves","sequence page 11","11","12611","2","page-specific JSX","src/pages/ComplimentJarPage.jsx | src/utils/mediaUtils.js","","31","8","13","bg-[ text-[ rounded-[2.5rem] text-amber-50 text-amber-300 text-xs font-black text-5xl text-amber-100/75 rounded-2xl","","","","LOW","805358ab1035","true","late-night video calls between Nepalgunj and Sakai, Osaka","a compliment saved for your next tired day","You make ordinary food, ordinary calls, and ordinary rooms feel like memories.","Samjhana, my Sanu, Abu made the Compliment Jar room around late-night video calls between Nepalgunj and Sakai, Osaka. Open this when you miss Abu.","The secret is simple: Abu would still choose you in every version of the story. You make ordinary food, ordinary calls, and ordinary rooms feel like memories. This page is Abu’s a "
"16","/catcher-game","CatcherGamePage","src/pages/CatcherGamePage.jsx","Hearts Abu Would Catch for You","registered but not in sequence","","109663","10","HeartCatcherGame","src/pages/CatcherGamePage.jsx | src/components/HeartCatcherGame.jsx | src/components/WorldShell.jsx | src/themes.js | src/data/birthdayData.js | src/utils/mediaUtils.js | src/components/AudioController.jsx | src/store/useAppStore.js | src/config.ts | src/data/roomSequence.js","","30","63","229","font-ui text-sm font-bold text-gray-800 text-rose-600 rounded-full bg-gray-100 text-gray-700 bg-gray-200 rounded-3xl","","","","LOW","c53a74dc61ad","true","the future light-blue scooter ride toward Bardiya","a promise map for the places we still want to see","Your voice can cross the Nepalgunj-to-Sakai distance faster than any flight.","Samjhana, my Fuchee, Abu made the Catcher Game room around the future light-blue scooter ride toward Bardiya. Open this when you miss Abu.","The secret is simple: Abu would still choose you in every version of the story. Your voice can cross the Nepalgunj-to-Sakai distance faster than any flight. This page is Abu’s a ti"
"17","/memory-match","MemoryMatchPage","src/pages/MemoryMatchPage.jsx","The Memories Abu Recognizes","registered but not in sequence","","109384","10","MemoryMatchGame","src/pages/MemoryMatchPage.jsx | src/components/MemoryMatchGame.jsx | src/components/WorldShell.jsx | src/themes.js | src/data/birthdayData.js | src/utils/mediaUtils.js | src/components/AudioController.jsx | src/store/useAppStore.js | src/config.ts | src/data/roomSequence.js","","30","65","229","font-ui text-xs font-bold text-gray-700 text-rose-600 text-green-600 rounded-full bg-gray-100 bg-gray-200 rounded-2xl","","","","LOW","84b381e25e0d","true","late-night video calls between Nepalgunj and Sakai, Osaka","a birthday blessing written in Abu’s handwriting","You make ordinary food, ordinary calls, and ordinary rooms feel like memories.","Samjhana, my Babe, Abu made the Memory Match room around late-night video calls between Nepalgunj and Sakai, Osaka. The gift inside is not expensive; it is specific to you.","This is a reminder that you are loved in the details. You make ordinary food, ordinary calls, and ordinary rooms feel like memories. This page is Abu’s a tiny cinema ticket for one"
"18","/quote-generator","QuoteGeneratorPage","src/pages/QuoteGeneratorPage.jsx","Words Abu Wants You to Hear","sequence page 12","12","95058","8","TypewriterQuotes","src/pages/QuoteGeneratorPage.jsx | src/components/TypewriterQuotes.jsx | src/data/birthdayData.js | src/utils/mediaUtils.js | src/components/AudioController.jsx | src/store/useAppStore.js | src/config.ts | src/data/roomSequence.js","","30","48","228","text-center rounded-full bg-rose-100 border-rose-200 text-rose-600 font-bold text-xs shadow-sm font-ui text-pink-500","","","","LOW","bca69bfeb650","true","the future light-blue scooter ride toward Bardiya","a compliment saved for your next tired day","Your voice can cross the Nepalgunj-to-Sakai distance faster than any flight.","Samjhana, my Sanu, Abu made the Quote Generator room around the future light-blue scooter ride toward Bardiya. Open this when you miss Abu.","The secret is simple: Abu would still choose you in every version of the story. Your voice can cross the Nepalgunj-to-Sakai distance faster than any flight. This page is Abu’s a Sa"
"19","/mystery-gifts","MysteryGiftsPage","src/pages/MysteryGiftsPage.jsx","Four Gifts for Samjhana","sequence page 13","13","99114","9","MysteryGiftBoxes","src/pages/MysteryGiftsPage.jsx | src/components/MysteryGiftBoxes.jsx | src/data/birthdayData.js | src/utils/mediaUtils.js | src/components/AudioController.jsx | src/store/useAppStore.js | src/config.ts | src/data/roomSequence.js | src/utils/whatsappHelper.js","","30","59","231","text-center rounded-full bg-rose-100 border-rose-200 text-rose-600 font-bold text-xs shadow-sm font-ui text-pink-500","","","","LOW","5ce242350332","true","late-night video calls between Nepalgunj and Sakai, Osaka","a private letter from Abu","You make ordinary food, ordinary calls, and ordinary rooms feel like memories.","Samjhana, my Babe, Abu made the Mystery Gifts room around late-night video calls between Nepalgunj and Sakai, Osaka. This is a reminder that you are loved in the details.","Open this when you miss Abu. You make ordinary food, ordinary calls, and ordinary rooms feel like memories. This page is Abu’s a promise folded into a keepsake card for Runchi."
"20","/bouquet-reasons","BouquetReasonsPage","src/pages/BouquetReasonsPage.jsx","A Bouquet of Reasons Abu Loves You","registered but not in sequence","","321327","4","page-specific JSX","src/pages/BouquetReasonsPage.jsx | src/utils/mediaUtils.js | src/data/pageGiftData.js | src/data/pageNames.js","","32","6","4135","bg-[ text-[ text-xs font-black text-rose-500 text-6xl text-8xl text-lg rounded-[2rem] shadow-xl","","","","LOW","36bf59854808","true","Bageshwori Temple and the prayers we carried home","a compliment saved for your next tired day","Your smile makes Abu forget what he was worried about.","Samjhana, my Sanzu, Abu made the Bouquet of Reasons room around Bageshwori Temple and the prayers we carried home. Open this when you miss Abu.","The secret is simple: Abu would still choose you in every version of the story. Your smile makes Abu forget what he was worried about. This page is Abu’s a Sakai-to-Nepalgunj dista"
"21","/passport","PassportPage","src/pages/PassportPage.jsx","Our Nepalgunj-to-Sakai Ticket","sequence page 14","14","11831","2","page-specific JSX","src/pages/PassportPage.jsx | src/utils/mediaUtils.js","","31","6","14","bg-[ text-[ rounded-[2rem] border-2 border-dashed border-[ bg-white text-blue-700 text-xs font-black","","","","LOW","7cef503d8363","true","dropping you at the Language Institute before Japan","a tiny memory ticket from Nepalgunj","Your moods, your laugh, your quiet, and your Bhoot moments all belong to the girl Abu loves.","Samjhana, my Samjhana, Abu made the Passport room around dropping you at the Language Institute before Japan. A small surprise: Abu remembers more than he says.","Keep this for the next time distance feels loud. Your moods, your laugh, your quiet, and your Bhoot moments all belong to the girl Abu loves. This page is Abu’s a voice-note moment"
"22","/message-bottle","BottlePage","src/pages/BottlePage.jsx","A Message Abu Sent Across the Water","sequence page 15","15","110165","10","MessageInBottle","src/pages/BottlePage.jsx | src/components/MessageInBottle.jsx | src/components/WorldShell.jsx | src/themes.js | src/data/birthdayData.js | src/utils/mediaUtils.js | src/components/AudioController.jsx | src/store/useAppStore.js | src/config.ts | src/data/roomSequence.js","","30","64","229","rounded-3xl bg-gradient-to-b from-cyan-900 via-blue-900 to-indigo-950 border-2 border-cyan-400 shadow-2xl text-cyan-300 text-center","","","","LOW","85d794270d12","true","Water Park laughter and the day moving too quickly","a quiet “open when” note for your pocket","Your “huss” can make a long day feel close again.","Samjhana, my Fuchee, Abu made the Message Bottle room around Water Park laughter and the day moving too quickly. This page is a soft place to land when your day is heavy.","A small surprise: Abu remembers more than he says. Your “huss” can make a long day feel close again. This page is Abu’s a promise map for the places we still want to see for Samjha"
"23","/music-box","MusicBoxPage","src/pages/MusicBoxPage.jsx","The Song Abu Hears in Your Name","sequence page 16","16","112378","10","LoveMusicBox","src/pages/MusicBoxPage.jsx | src/components/LoveMusicBox.jsx | src/components/WorldShell.jsx | src/themes.js | src/data/birthdayData.js | src/utils/mediaUtils.js | src/components/AudioController.jsx | src/store/useAppStore.js | src/config.ts | src/data/roomSequence.js","","30","66","232","rounded-3xl border-2 border-purple-300 shadow-2xl bg-gradient-to-b from-amber-100 via-amber-50 to-pink-50 text-center text-rose-500","","","","LOW","9a9d0e60b3f4","true","Bageshwori Temple and the prayers we carried home","a voice-note moment for the nights you miss home","Your smile makes Abu forget what he was worried about.","Samjhana, my Babe, Abu made the Music Box room around Bageshwori Temple and the prayers we carried home. The secret is simple: Abu would still choose you in every version of the st","The gift inside is not expensive; it is specific to you. Your smile makes Abu forget what he was worried about. This page is Abu’s a small surprise box with one true thing inside f"
"24","/lanterns","LanternsPage","src/pages/LanternsPage.jsx","Wishes Abu Sends Up for You","sequence page 17","17","1554","1","page-specific JSX","src/pages/LanternsPage.jsx","","0","2","6","bg-gradient-to-b from-[ to-[ text-white text-center text-amber-200 text-xs font-black text-6xl text-lg","","interaction with low media","","HIGH","6337412444e2","true","the dream of Pokhara, Manang, and Mustang waiting for us","a tiny memory ticket from Nepalgunj","You are beautiful in the moments you never think to pose for.","Samjhana, my Sanzu, Abu made the Lanterns room around the dream of Pokhara, Manang, and Mustang waiting for us. A small surprise: Abu remembers more than he says.","Keep this for the next time distance feels loud. You are beautiful in the moments you never think to pose for. This page is Abu’s a voice-note moment for the nights you miss home f"
"25","/photo-booth","PhotoBoothPage","src/pages/PhotoBoothPage.jsx","The Photo Room for Sanzu","sequence page 18","18","56597","9","PolaroidPhotoBooth","src/pages/PhotoBoothPage.jsx | src/components/PolaroidPhotoBooth.jsx | src/components/WorldShell.jsx | src/themes.js | src/utils/mediaUtils.js | src/components/AudioController.jsx | src/store/useAppStore.js | src/config.ts | src/data/roomSequence.js","","28","60","35","bg-white border-2 border-pink-200 rounded-2xl shadow-2xl text-left rounded-xl bg-pink-50 border-gray-200 text-3xl","","","","LOW","b3e96de15600","true","Bageshwori Temple and the prayers we carried home","a birthday blessing written in Abu’s handwriting","Your smile makes Abu forget what he was worried about.","Samjhana, my Samjhana, Abu made the Photo Booth room around Bageshwori Temple and the prayers we carried home. The gift inside is not expensive; it is specific to you.","This is a reminder that you are loved in the details. Your smile makes Abu forget what he was worried about. This page is Abu’s a tiny cinema ticket for one moment Abu would replay"
"26","/promise-tree","PromiseTreePage","src/pages/PromiseTreePage.jsx","The Promises Abu Planted","sequence page 19","19","109844","10","SakuraPromiseTree","src/pages/PromiseTreePage.jsx | src/components/SakuraPromiseTree.jsx | src/components/WorldShell.jsx | src/themes.js | src/data/birthdayData.js | src/utils/mediaUtils.js | src/components/AudioController.jsx | src/store/useAppStore.js | src/config.ts | src/data/roomSequence.js","","30","64","229","rounded-3xl bg-gradient-to-b from-pink-50 via-rose-50 to-pink-100 border-2 border-pink-300 shadow-2xl bg-amber-800 rounded-t-full","","","","LOW","673fd0060733","true","late-night video calls between Nepalgunj and Sakai, Osaka","a compliment saved for your next tired day","You make ordinary food, ordinary calls, and ordinary rooms feel like memories.","Samjhana, my Bebo, Abu made the Promise Tree room around late-night video calls between Nepalgunj and Sakai, Osaka. Open this when you miss Abu.","The secret is simple: Abu would still choose you in every version of the story. You make ordinary food, ordinary calls, and ordinary rooms feel like memories. This page is Abu’s a "
"27","/treasure-chest","TreasureChestPage","src/pages/TreasureChestPage.jsx","The Keepsake Abu Locked Away","sequence page 20","20","11481","2","page-specific JSX","src/pages/TreasureChestPage.jsx | src/utils/mediaUtils.js","","31","6","12","bg-[ text-amber-50 text-amber-300 text-xs font-black text-6xl rounded-[2rem] border-amber-200/20 bg-amber-100/10 text-left","","","","LOW","d736eef32e6f","true","the way you can be Sanzu, Bhuntu, Sanu, Babe, or Runchi and still be home","a bouquet of words for your soft days","You make Abu want to become gentler, steadier, and more worthy of your trust.","Samjhana, my Bebo, Abu made the Treasure Chest room around the way you can be Sanzu, Bhuntu, Sanu, Babe, or Runchi and still be home. The gift inside is not expensive; it is specif","This is a reminder that you are loved in the details. You make Abu want to become gentler, steadier, and more worthy of your trust. This page is Abu’s a future postcard from the li"
"28","/love-slots","LoveSlotsPage","src/pages/LoveSlotsPage.jsx","The Little Luck Abu Wishes You","registered but not in sequence","","108621","10","LoveSlots","src/pages/LoveSlotsPage.jsx | src/components/LoveSlots.jsx | src/components/WorldShell.jsx | src/themes.js | src/data/birthdayData.js | src/utils/mediaUtils.js | src/components/AudioController.jsx | src/store/useAppStore.js | src/config.ts | src/data/roomSequence.js","","30","61","230","rounded-3xl border-2 border-pink-300 shadow-2xl bg-gradient-to-b from-slate-900 to-indigo-950 text-white bg-slate-800 rounded-2xl","","","","LOW","a4691c517ac1","true","Bageshwori Temple and the prayers we carried home","a birthday blessing written in Abu’s handwriting","Your smile makes Abu forget what he was worried about.","Samjhana, my Samjhana, Abu made the Love Slots room around Bageshwori Temple and the prayers we carried home. The gift inside is not expensive; it is specific to you.","This is a reminder that you are loved in the details. Your smile makes Abu forget what he was worried about. This page is Abu’s a tiny cinema ticket for one moment Abu would replay"
"29","/horoscope","HoroscopePage","src/pages/HoroscopePage.jsx","Samjhana Written in the Stars","sequence page 21","21","1469","1","page-specific JSX","src/pages/HoroscopePage.jsx","","0","2","8","bg-[ text-white text-amber-300 text-xs font-black text-indigo-300 text-6xl rounded-[2rem] text-left border-amber-300","","interaction with low media","","HIGH","305f423081a3","true","the day “Abhay” became “Abu” because you made it yours","a tiny cinema ticket for one moment Abu would replay","You are the person behind every name Abu says with a softer voice.","Samjhana, my Babe, Abu made the Horoscope room around the day “Abhay” became “Abu” because you made it yours. Read this slowly, Sanu. It was made for your exact heart.","This page is a soft place to land when your day is heavy. You are the person behind every name Abu says with a softer voice. This page is Abu’s a private letter from Abu for Runchi"
"30","/love-calculator","LoveCalculatorPage","src/pages/LoveCalculatorPage.jsx","The Measureless Love Abu Feels","sequence page 22","22","99650","8","LoveCalculator","src/pages/LoveCalculatorPage.jsx | src/components/LoveCalculator.jsx | src/data/birthdayData.js | src/utils/mediaUtils.js | src/components/AudioController.jsx | src/store/useAppStore.js | src/config.ts | src/data/roomSequence.js","","30","65","250","text-center font-ui rounded-full bg-rose-100 text-rose-600 font-bold text-xs shadow-sm text-pink-500 text-2xl","","","","LOW","c678fa14647a","true","the way you can be Sanzu, Bhuntu, Sanu, Babe, or Runchi and still be home","a Bageshwori memory pressed between two pages","You make Abu want to become gentler, steadier, and more worthy of your trust.","Samjhana, my Sanu, Abu made the Love Calculator room around the way you can be Sanzu, Bhuntu, Sanu, Babe, or Runchi and still be home. This is a reminder that you are loved in the ","Open this when you miss Abu. You make Abu want to become gentler, steadier, and more worthy of your trust. This page is Abu’s a quiet “open when” note for your pocket for Babe."
"31","/cooking-game","CookingGamePage","src/pages/CookingGamePage.jsx","A Birthday Table for Sanu","sequence page 23","23","1892","1","page-specific JSX","src/pages/CookingGamePage.jsx","","0","2","9","bg-[ text-[ text-orange-600 text-xs font-black text-orange-700 text-6xl text-lg to-Sakai rounded-3xl","","interaction with low media","","HIGH","3ab78bfc816f","true","the future light-blue scooter ride toward Bardiya","a promise map for the places we still want to see","Your voice can cross the Nepalgunj-to-Sakai distance faster than any flight.","Samjhana, my Sanu, Abu made the Cooking Game room around the future light-blue scooter ride toward Bardiya. Open this when you miss Abu.","The secret is simple: Abu would still choose you in every version of the story. Your voice can cross the Nepalgunj-to-Sakai distance faster than any flight. This page is Abu’s a ti"
"32","/love-pet","LovePetPage","src/pages/LovePetPage.jsx","A Soft Companion for Lonely Days","sequence page 24","24","108005","10","VirtualLovePet","src/pages/LovePetPage.jsx | src/components/VirtualLovePet.jsx | src/components/WorldShell.jsx | src/themes.js | src/data/birthdayData.js | src/utils/mediaUtils.js | src/components/AudioController.jsx | src/store/useAppStore.js | src/config.ts | src/data/roomSequence.js","","30","59","231","rounded-3xl border-2 border-pink-300 shadow-2xl bg-white rounded-full bg-pink-100 text-7xl shadow-inner border-4","","","","LOW","99c66a713499","true","Bageshwori Temple and the prayers we carried home","a promise map for the places we still want to see","Your smile makes Abu forget what he was worried about.","Samjhana, my Samjhana, Abu made the Love Pet room around Bageshwori Temple and the prayers we carried home. Open this when you miss Abu.","The secret is simple: Abu would still choose you in every version of the story. Your smile makes Abu forget what he was worried about. This page is Abu’s a tiny memory ticket from "
"33","/future-night-ride","FutureNightRidePage","src/pages/FutureNightRidePage.jsx","The Night Ride We Still Owe Ourselves","registered but not in sequence","","321431","4","page-specific JSX","src/pages/FutureNightRidePage.jsx | src/utils/mediaUtils.js | src/data/pageGiftData.js | src/data/pageNames.js","","32","6","4134","bg-[ text-[ text-xs font-black text-cyan-300/70 text-6xl text-8xl text-cyan-300 rounded-[2rem] border-cyan-200/15","","","","LOW","e3de5f4e9f9d","true","the future light-blue scooter ride toward Bardiya","a compliment saved for your next tired day","Your voice can cross the Nepalgunj-to-Sakai distance faster than any flight.","Samjhana, my Sanu, Abu made the The Night Ride room around the future light-blue scooter ride toward Bardiya. Open this when you miss Abu.","The secret is simple: Abu would still choose you in every version of the story. Your voice can cross the Nepalgunj-to-Sakai distance faster than any flight. This page is Abu’s a Sa"
"34","/two-truths","TwoTruthsPage","src/pages/TwoTruthsPage.jsx","The Things Abu Knows About You","registered but not in sequence","","116224","10","TwoTruthsGame","src/pages/TwoTruthsPage.jsx | src/components/TwoTruthsGame.jsx | src/components/WorldShell.jsx | src/themes.js | src/data/birthdayData.js | src/utils/mediaUtils.js | src/components/AudioController.jsx | src/store/useAppStore.js | src/config.ts | src/data/roomSequence.js","","30","68","258","font-ui bg-white/80 rounded-2xl border-pink-200 shadow-sm text-xs font-bold text-gray-800 text-rose-600 font-extrabold","","","","LOW","d5db8b736f8a","true","late-night video calls between Nepalgunj and Sakai, Osaka","a birthday blessing written in Abu’s handwriting","You make ordinary food, ordinary calls, and ordinary rooms feel like memories.","Samjhana, my Bhuntu, Abu made the Two Truths room around late-night video calls between Nepalgunj and Sakai, Osaka. The gift inside is not expensive; it is specific to you.","This is a reminder that you are loved in the details. You make ordinary food, ordinary calls, and ordinary rooms feel like memories. This page is Abu’s a tiny cinema ticket for one"
"35","/word-search","WordSearchPage","src/pages/WordSearchPage.jsx","Words Hidden in Our Story","registered but not in sequence","","117406","10","LoveWordSearch","src/pages/WordSearchPage.jsx | src/components/LoveWordSearch.jsx | src/components/WorldShell.jsx | src/themes.js | src/data/birthdayData.js | src/utils/mediaUtils.js | src/components/AudioController.jsx | src/store/useAppStore.js | src/config.ts | src/data/roomSequence.js","","30","69","238","font-ui bg-white/80 rounded-2xl border-pink-200 shadow-sm text-xs font-bold text-gray-800 text-rose-600 text-[10px]","","","","LOW","98a456e9203e","true","the future light-blue scooter ride toward Bardiya","a Bageshwori memory pressed between two pages","Your voice can cross the Nepalgunj-to-Sakai distance faster than any flight.","Samjhana, my Bhoot, Abu made the Word Search room around the future light-blue scooter ride toward Bardiya. This is a reminder that you are loved in the details.","Open this when you miss Abu. Your voice can cross the Nepalgunj-to-Sakai distance faster than any flight. This page is Abu’s a quiet “open when” note for your pocket for Bebo."
"36","/wishing-well","WishingWellPage","src/pages/WishingWellPage.jsx","The Wish Abu Dropped for You","sequence page 25","25","117182","11","WishingWell","src/pages/WishingWellPage.jsx | src/components/WishingWell.jsx | src/components/WorldShell.jsx | src/themes.js | src/data/birthdayData.js | src/utils/mediaUtils.js | src/components/AudioController.jsx | src/store/useAppStore.js | src/config.ts | src/data/roomSequence.js | src/utils/whatsappHelper.js","","30","78","240","font-ui bg-white/80 rounded-2xl border-pink-200 shadow-sm text-left text-xs font-bold text-gray-700 text-amber-500","","","","LOW","8843740b5847","true","Bageshwori Temple and the prayers we carried home","a compliment saved for your next tired day","Your smile makes Abu forget what he was worried about.","Samjhana, my Sanzu, Abu made the Wishing Well room around Bageshwori Temple and the prayers we carried home. Open this when you miss Abu.","The secret is simple: Abu would still choose you in every version of the story. Your smile makes Abu forget what he was worried about. This page is Abu’s a Sakai-to-Nepalgunj dista"
"37","/voice-soundboard","VoiceSoundboardPage","src/pages/VoiceSoundboardPage.jsx","The Things Abu Wants to Say Out Loud","sequence page 26","26","1595","1","page-specific JSX","src/pages/VoiceSoundboardPage.jsx","","0","2","4","bg-[ text-white text-fuchsia-300 text-xs font-black text-6xl rounded-2xl text-left font-bold bg-fuchsia-300","","interaction with low media","","HIGH","b331b165e220","true","Bageshwori Temple and the prayers we carried home","a Bageshwori memory pressed between two pages","Your smile makes Abu forget what he was worried about.","Samjhana, my Sanu, Abu made the Voice Soundboard room around Bageshwori Temple and the prayers we carried home. This is a reminder that you are loved in the details.","Open this when you miss Abu. Your smile makes Abu forget what he was worried about. This page is Abu’s a quiet “open when” note for your pocket for Babe."
"38","/tic-tac-toe","TicTacToePage","src/pages/TicTacToePage.jsx","Two Hearts, One Gentle Match","registered but not in sequence","","115513","10","LoveTicTacToe","src/pages/TicTacToePage.jsx | src/components/LoveTicTacToe.jsx | src/components/WorldShell.jsx | src/themes.js | src/data/birthdayData.js | src/utils/mediaUtils.js | src/components/AudioController.jsx | src/store/useAppStore.js | src/config.ts | src/data/roomSequence.js","","35","71","291","font-ui bg-white/80 rounded-2xl border-pink-200 shadow-sm text-xs font-bold text-gray-800 rounded-full border-2","","","","LOW","f0fdf3553dd4","true","the day “Abhay” became “Abu” because you made it yours","a promise folded into a keepsake card","You are the person behind every name Abu says with a softer voice.","Samjhana, my Bhuntu, Abu made the Tic Tac Toe room around the day “Abhay” became “Abu” because you made it yours. This page is a soft place to land when your day is heavy.","A small surprise: Abu remembers more than he says. You are the person behind every name Abu says with a softer voice. This page is Abu’s a compliment saved for your next tired day "
"39","/fireworks","FireworksPage","src/pages/FireworksPage.jsx","A Sky Full of Abu’s Wishes","sequence page 27","27","1523","1","page-specific JSX","src/pages/FireworksPage.jsx","","0","2","4","bg-[ text-white text-center text-pink-300 text-xs font-black text-sky-300 text-6xl rounded-full border-2","","interaction with low media","","HIGH","c9a745207c2d","true","the room-search conversation that started in Nepalgunj","a future postcard from the light-blue scooter road","You are the best part of every future Abu imagines.","Samjhana, my Bebo, Abu made the Fireworks room around the room-search conversation that started in Nepalgunj. Read this slowly, Sanu. It was made for your exact heart.","This page is a soft place to land when your day is heavy. You are the best part of every future Abu imagines. This page is Abu’s a Bageshwori memory pressed between two pages for F"
"40","/timeline-quiz","TimelinePuzzlePage","src/pages/TimelinePuzzlePage.jsx","Put Our Memories Back in Order","registered but not in sequence","","1724","1","page-specific JSX","src/pages/TimelinePuzzlePage.jsx","","0","2","12","bg-[ text-[ text-indigo-700 text-xs font-black text-6xl rounded-[2rem] bg-white shadow-xl rounded-full","","interaction with low media","","HIGH","76b81c563cf9","true","the dream of Pokhara, Manang, and Mustang waiting for us","a soft landing place for a difficult day","You are beautiful in the moments you never think to pose for.","Samjhana, my Samjhana, Abu made the Timeline Quiz room around the dream of Pokhara, Manang, and Mustang waiting for us. Keep this for the next time distance feels loud.","Read this slowly, Sanu. It was made for your exact heart. You are beautiful in the moments you never think to pose for. This page is Abu’s a bouquet of words for your soft days for"
"41","/bubble-pop","BubblePopPage","src/pages/BubblePopPage.jsx","A Pocketful of Better Days","registered but not in sequence","","113539","10","BubblePopGame","src/pages/BubblePopPage.jsx | src/components/BubblePopGame.jsx | src/components/WorldShell.jsx | src/themes.js | src/data/birthdayData.js | src/utils/mediaUtils.js | src/components/AudioController.jsx | src/store/useAppStore.js | src/config.ts | src/data/roomSequence.js","","30","62","248","font-ui bg-white/80 rounded-2xl border-pink-200 shadow-sm text-xs font-bold text-gray-800 text-rose-600 font-extrabold","","","","LOW","cafe668fd9b6","true","the way you can be Sanzu, Bhuntu, Sanu, Babe, or Runchi and still be home","a bouquet of words for your soft days","You make Abu want to become gentler, steadier, and more worthy of your trust.","Samjhana, my Babe, Abu made the Bubble Pop room around the way you can be Sanzu, Bhuntu, Sanu, Babe, or Runchi and still be home. The gift inside is not expensive; it is specific t","This is a reminder that you are loved in the details. You make Abu want to become gentler, steadier, and more worthy of your trust. This page is Abu’s a future postcard from the li"
"42","/bucket-list","BucketListPage","src/pages/BucketListPage.jsx","Places Abu Still Wants to Take You","sequence page 28","28","119897","10","TravelBucketList","src/pages/BucketListPage.jsx | src/components/TravelBucketList.jsx | src/components/WorldShell.jsx | src/themes.js | src/data/birthdayData.js | src/utils/mediaUtils.js | src/components/AudioController.jsx | src/store/useAppStore.js | src/config.ts | src/data/roomSequence.js","","30","82","261","font-ui bg-white/80 rounded-3xl border-pink-200 shadow-sm text-xs font-bold text-rose-600 text-rose-500 text-pink-600","","","","LOW","050297131ed9","true","Chau-Chau, Panipuri, momo, and the foods that became our language","a Bageshwori memory pressed between two pages","Your kindness is one of the reasons Abu keeps choosing you.","Samjhana, my Samjhana, Abu made the Bucket List room around Chau-Chau, Panipuri, momo, and the foods that became our language. This is a reminder that you are loved in the details.","Open this when you miss Abu. Your kindness is one of the reasons Abu keeps choosing you. This page is Abu’s a quiet “open when” note for your pocket for Sanzu."
"43","/origami","OrigamiPage","src/pages/OrigamiPage.jsx","A Paper Heart for Samjhana","sequence page 29","29","113394","10","OrigamiHeart","src/pages/OrigamiPage.jsx | src/components/OrigamiHeart.jsx | src/components/WorldShell.jsx | src/themes.js | src/data/birthdayData.js | src/utils/mediaUtils.js | src/components/AudioController.jsx | src/store/useAppStore.js | src/config.ts | src/data/roomSequence.js","","30","64","234","from-amber-50 to-yellow-50 border-amber-200 from-pink-50 to-rose-50 border-pink-200 from-rose-50 to-pink-50 border-rose-300 from-rose-100","","","","LOW","bf2865b4e14c","true","the room-search conversation that started in Nepalgunj","a future postcard from the light-blue scooter road","You are the best part of every future Abu imagines.","Samjhana, my Runchi, Abu made the Origami room around the room-search conversation that started in Nepalgunj. Read this slowly, Sanu. It was made for your exact heart.","This page is a soft place to land when your day is heavy. You are the best part of every future Abu imagines. This page is Abu’s a Bageshwori memory pressed between two pages for B"
"44","/affirmations","AffirmationsPage","src/pages/AffirmationsPage.jsx","Words for Your Difficult Days","sequence page 30","30","114503","10","LoveAffirmations","src/pages/AffirmationsPage.jsx | src/components/LoveAffirmations.jsx | src/components/WorldShell.jsx | src/themes.js | src/data/birthdayData.js | src/utils/mediaUtils.js | src/components/AudioController.jsx | src/store/useAppStore.js | src/config.ts | src/data/roomSequence.js","","30","61","242","from-rose-500 to-pink-600 from-amber-500 to-orange-500 from-purple-500 to-indigo-600 from-pink-500 to-fuchsia-600 from-rose-600 to-red-500","","","","LOW","b1a1c1d8575a","true","the room-search conversation that started in Nepalgunj","a tiny memory ticket from Nepalgunj","You are the best part of every future Abu imagines.","Samjhana, my Bhoot, Abu made the Affirmations room around the room-search conversation that started in Nepalgunj. A small surprise: Abu remembers more than he says.","Keep this for the next time distance feels loud. You are the best part of every future Abu imagines. This page is Abu’s a voice-note moment for the nights you miss home for Bebo."
"45","/love-piano","LovePianoPage","src/pages/LovePianoPage.jsx","The Birthday Song for Bhuntu","sequence page 31","31","83775","7","LovePiano","src/pages/LovePianoPage.jsx | src/components/LovePiano.jsx | src/data/birthdayData.js | src/utils/mediaUtils.js | src/store/useAppStore.js | src/config.ts | src/data/roomSequence.js","","30","26","225","from-pink-500 to-rose-400 from-rose-400 to-pink-400 from-purple-400 to-pink-500 from-indigo-400 to-purple-400 from-sky-400 to-indigo-400","","","","LOW","d76819b20d85","true","Chau-Chau, Panipuri, momo, and the foods that became our language","a bouquet of words for your soft days","Your kindness is one of the reasons Abu keeps choosing you.","Samjhana, my Bhoot, Abu made the Love Piano room around Chau-Chau, Panipuri, momo, and the foods that became our language. The gift inside is not expensive; it is specific to you.","This is a reminder that you are loved in the details. Your kindness is one of the reasons Abu keeps choosing you. This page is Abu’s a future postcard from the light-blue scooter r"
"46","/wax-sealer","WaxSealerPage","src/pages/WaxSealerPage.jsx","The Letter Abu Sealed for You","sequence page 32","32","115370","10","WaxSealer","src/pages/WaxSealerPage.jsx | src/components/WaxSealer.jsx | src/components/WorldShell.jsx | src/themes.js | src/data/birthdayData.js | src/utils/mediaUtils.js | src/components/AudioController.jsx | src/store/useAppStore.js | src/config.ts | src/data/roomSequence.js","","31","77","230","bg-red-600 bg-pink-500 bg-purple-600 bg-amber-600 rounded-full text-[11px] font-bold bg-green-500 text-white bg-gray-200","","","","LOW","8d64d435eb4d","true","the way you can be Sanzu, Bhuntu, Sanu, Babe, or Runchi and still be home","a promise map for the places we still want to see","You make Abu want to become gentler, steadier, and more worthy of your trust.","Samjhana, my Samjhana, Abu made the Wax Sealer room around the way you can be Sanzu, Bhuntu, Sanu, Babe, or Runchi and still be home. Open this when you miss Abu.","The secret is simple: Abu would still choose you in every version of the story. You make Abu want to become gentler, steadier, and more worthy of your trust. This page is Abu’s a t"
"47","/love-maze","LoveMazePage","src/pages/LoveMazePage.jsx","Finding the Way Back to You","sequence page 33","33","2185","1","page-specific JSX","src/pages/LoveMazePage.jsx","","0","4","8","bg-[ text-[ rounded-[2.5rem] text-emerald-50 text-amber-300 text-xs font-black text-emerald-300 text-5xl text-emerald-100/70","","interaction with low media","","MEDIUM","903820951d55","true","late-night video calls between Nepalgunj and Sakai, Osaka","a Bageshwori memory pressed between two pages","You make ordinary food, ordinary calls, and ordinary rooms feel like memories.","Samjhana, my Samjhana, Abu made the Love Maze room around late-night video calls between Nepalgunj and Sakai, Osaka. This is a reminder that you are loved in the details.","Open this when you miss Abu. You make ordinary food, ordinary calls, and ordinary rooms feel like memories. This page is Abu’s a quiet “open when” note for your pocket for Sanzu."
"48","/fortune-cookie","FortuneCookiePage","src/pages/FortuneCookiePage.jsx","Fortunes Abu Wishes for Sanzu","sequence page 34","34","97925","8","FortuneCookie","src/pages/FortuneCookiePage.jsx | src/components/FortuneCookie.jsx | src/data/birthdayData.js | src/utils/mediaUtils.js | src/components/AudioController.jsx | src/store/useAppStore.js | src/config.ts | src/data/roomSequence.js","","30","59","230","text-center font-ui rounded-full bg-amber-100 text-amber-700 font-bold text-xs shadow-sm text-amber-600 text-2xl","","","","LOW","0bce1e6de655","true","the way you can be Sanzu, Bhuntu, Sanu, Babe, or Runchi and still be home","a bouquet of words for your soft days","You make Abu want to become gentler, steadier, and more worthy of your trust.","Samjhana, my Bebo, Abu made the Fortune Cookie room around the way you can be Sanzu, Bhuntu, Sanu, Babe, or Runchi and still be home. The gift inside is not expensive; it is specif","This is a reminder that you are loved in the details. You make Abu want to become gentler, steadier, and more worthy of your trust. This page is Abu’s a future postcard from the li"
"49","/love-potion","LovePotionPage","src/pages/LovePotionPage.jsx","A Little Bottle of Abu’s Feelings","sequence page 35","35","101260","8","LovePotion","src/pages/LovePotionPage.jsx | src/components/LovePotion.jsx | src/data/birthdayData.js | src/utils/mediaUtils.js | src/components/AudioController.jsx | src/store/useAppStore.js | src/config.ts | src/data/roomSequence.js","","30","60","230","text-center font-ui rounded-full bg-purple-100 text-purple-700 font-bold text-xs shadow-sm text-purple-600 text-2xl","","","","LOW","9cb26c4b5556","true","the future light-blue scooter ride toward Bardiya","a Bageshwori memory pressed between two pages","Your voice can cross the Nepalgunj-to-Sakai distance faster than any flight.","Samjhana, my Bhuntu, Abu made the Love Potion room around the future light-blue scooter ride toward Bardiya. This is a reminder that you are loved in the details.","Open this when you miss Abu. Your voice can cross the Nepalgunj-to-Sakai distance faster than any flight. This page is Abu’s a quiet “open when” note for your pocket for Sanu."
"50","/emoji-story","EmojiStoryPage","src/pages/EmojiStoryPage.jsx","Our Story in Small Symbols","sequence page 36","36","109140","10","EmojiStory","src/pages/EmojiStoryPage.jsx | src/components/EmojiStory.jsx | src/components/WorldShell.jsx | src/themes.js | src/data/birthdayData.js | src/utils/mediaUtils.js | src/components/AudioController.jsx | src/store/useAppStore.js | src/config.ts | src/data/roomSequence.js","","30","57","229","text-xs font-bold text-gray-500 font-ui rounded-3xl bg-white border-2 border-pink-300 shadow-xl text-4xl","","","","LOW","8869f2cca4c1","true","Bageshwori Temple and the prayers we carried home","a bouquet of words for your soft days","Your smile makes Abu forget what he was worried about.","Samjhana, my Bhoot, Abu made the Emoji Story room around Bageshwori Temple and the prayers we carried home. The gift inside is not expensive; it is specific to you.","This is a reminder that you are loved in the details. Your smile makes Abu forget what he was worried about. This page is Abu’s a future postcard from the light-blue scooter road f"
"51","/jigsaw","JigsawPage","src/pages/JigsawPage.jsx","The Pieces Abu Remembers","registered but not in sequence","","114807","10","JigsawPuzzle","src/pages/JigsawPage.jsx | src/components/JigsawPuzzle.jsx | src/components/WorldShell.jsx | src/themes.js | src/data/birthdayData.js | src/utils/mediaUtils.js | src/components/AudioController.jsx | src/store/useAppStore.js | src/config.ts | src/data/roomSequence.js","","33","71","240","font-ui bg-white/80 rounded-2xl border-pink-200 shadow-sm text-xs font-bold text-gray-800 text-rose-600 font-extrabold","","","","LOW","eb08af1a8fed","true","Water Park laughter and the day moving too quickly","a tiny memory ticket from Nepalgunj","Your “huss” can make a long day feel close again.","Samjhana, my Sanu, Abu made the Jigsaw room around Water Park laughter and the day moving too quickly. A small surprise: Abu remembers more than he says.","Keep this for the next time distance feels loud. Your “huss” can make a long day feel close again. This page is Abu’s a voice-note moment for the nights you miss home for Babe."
"52","/love-dice","LoveDicePage","src/pages/LoveDicePage.jsx","A Tiny Chance to Smile","sequence page 37","37","102277","8","LoveDice","src/pages/LoveDicePage.jsx | src/components/LoveDice.jsx | src/data/birthdayData.js | src/utils/mediaUtils.js | src/components/AudioController.jsx | src/store/useAppStore.js | src/config.ts | src/data/roomSequence.js","","30","61","236","text-center font-ui rounded-full bg-rose-100 text-rose-600 font-bold text-xs shadow-sm text-pink-500 text-2xl","","","","LOW","1fa7d510c637","true","Chau-Chau, Panipuri, momo, and the foods that became our language","a Bageshwori memory pressed between two pages","Your kindness is one of the reasons Abu keeps choosing you.","Samjhana, my Sanzu, Abu made the Love Dice room around Chau-Chau, Panipuri, momo, and the foods that became our language. This is a reminder that you are loved in the details.","Open this when you miss Abu. Your kindness is one of the reasons Abu keeps choosing you. This page is Abu’s a quiet “open when” note for your pocket for Bhuntu."
"53","/balloon-pop","BalloonPopPage","src/pages/BalloonPopPage.jsx","A Sky of Notes for Babe","sequence page 38","38","109057","10","BalloonPop","src/pages/BalloonPopPage.jsx | src/components/BalloonPop.jsx | src/components/WorldShell.jsx | src/themes.js | src/data/birthdayData.js | src/utils/mediaUtils.js | src/components/AudioController.jsx | src/store/useAppStore.js | src/config.ts | src/data/roomSequence.js","","30","59","230","text-xs text-gray-400 font-ui text-2xl text-4xl text-[11px] font-bold text-gray-500 rounded-3xl bg-white","","","","LOW","1b9a28620b4b","true","Chau-Chau, Panipuri, momo, and the foods that became our language","a private letter from Abu","Your kindness is one of the reasons Abu keeps choosing you.","Samjhana, my Samjhana, Abu made the Balloon Pop room around Chau-Chau, Panipuri, momo, and the foods that became our language. This is a reminder that you are loved in the details.","Open this when you miss Abu. Your kindness is one of the reasons Abu keeps choosing you. This page is Abu’s a promise folded into a keepsake card for Sanzu."
"54","/couple-bingo","CoupleBingoPage","src/pages/CoupleBingoPage.jsx","The Little Things We Notice","sequence page 39","39","1632","1","page-specific JSX","src/pages/CoupleBingoPage.jsx","","0","2","7","bg-[ text-[ border-b-2 border-[ text-xs font-black text-6xl font-mono text-sm text-left","","interaction with low media","","HIGH","28bc20565e13","true","Chau-Chau, Panipuri, momo, and the foods that became our language","a promise map for the places we still want to see","Your kindness is one of the reasons Abu keeps choosing you.","Samjhana, my Sanzu, Abu made the Couple Bingo room around Chau-Chau, Panipuri, momo, and the foods that became our language. Open this when you miss Abu.","The secret is simple: Abu would still choose you in every version of the story. Your kindness is one of the reasons Abu keeps choosing you. This page is Abu’s a tiny memory ticket "
"55","/love-review","LoveReviewPage","src/pages/LoveReviewPage.jsx","Abu’s Review of Samjhana","sequence page 40","40","46585","8","LoveReview","src/pages/LoveReviewPage.jsx | src/components/LoveReview.jsx | src/components/WorldShell.jsx | src/themes.js | src/components/AudioController.jsx | src/store/useAppStore.js | src/config.ts | src/data/roomSequence.js","","0","51","47","text-amber-500 text-left font-ui rounded-2xl bg-white border-2 border-amber-200 shadow-md text-xl text-xs","","","","LOW","490a73541ff9","true","Bageshwori Temple and the prayers we carried home","a Bageshwori memory pressed between two pages","Your smile makes Abu forget what he was worried about.","Samjhana, my Samjhana, Abu made the Love Review room around Bageshwori Temple and the prayers we carried home. This is a reminder that you are loved in the details.","Open this when you miss Abu. Your smile makes Abu forget what he was worried about. This page is Abu’s a quiet “open when” note for your pocket for Sanzu."
"56","/love-diary","LoveDiaryPage","src/pages/LoveDiaryPage.jsx","Pages Abu Writes About You","sequence page 41","41","109488","10","LoveDiary","src/pages/LoveDiaryPage.jsx | src/components/LoveDiary.jsx | src/components/WorldShell.jsx | src/themes.js | src/data/birthdayData.js | src/utils/mediaUtils.js | src/components/AudioController.jsx | src/store/useAppStore.js | src/config.ts | src/data/roomSequence.js","","31","56","231","text-xs text-gray-400 font-ui bg-amber-50 border-2 border-amber-300 rounded-3xl shadow-2xl text-2xl font-bold","","","","LOW","528488b80807","true","Bageshwori Temple and the prayers we carried home","a compliment saved for your next tired day","Your smile makes Abu forget what he was worried about.","Samjhana, my Fuchee, Abu made the Love Diary room around Bageshwori Temple and the prayers we carried home. Open this when you miss Abu.","The secret is simple: Abu would still choose you in every version of the story. Your smile makes Abu forget what he was worried about. This page is Abu’s a Sakai-to-Nepalgunj dista"
"57","/love-scrabble","LoveScrabblePage","src/pages/LoveScrabblePage.jsx","The Words Abu Keeps","sequence page 42","42","53185","9","LoveScrabble","src/pages/LoveScrabblePage.jsx | src/components/LoveScrabble.jsx | src/components/WorldShell.jsx | src/themes.js | src/components/AudioController.jsx | src/store/useAppStore.js | src/config.ts | src/data/roomSequence.js | src/utils/whatsappHelper.js","","0","66","36","font-ui text-center rounded-full bg-gradient-to-r from-amber-500/20 to-rose-500/20 border-amber-300 text-amber-700 font-bold text-xs","","","","LOW","131daaecc3b2","true","Bageshwori Temple and the prayers we carried home","a Bageshwori memory pressed between two pages","Your smile makes Abu forget what he was worried about.","Samjhana, my Runchi, Abu made the Love Scrabble room around Bageshwori Temple and the prayers we carried home. This is a reminder that you are loved in the details.","Open this when you miss Abu. Your smile makes Abu forget what he was worried about. This page is Abu’s a quiet “open when” note for your pocket for Bhoot."
"58","/love-lottery","LoveLotteryPage","src/pages/LoveLotteryPage.jsx","The Lucky Number Is You","sequence page 43","43","1573","1","page-specific JSX","src/pages/LoveLotteryPage.jsx","","0","2","8","bg-[ text-[ text-center text-rose-600 text-xs font-black text-6xl text-lg rounded-[2rem] border-2","","interaction with low media","","HIGH","85e10fd2cdf7","true","the way you can be Sanzu, Bhuntu, Sanu, Babe, or Runchi and still be home","a bouquet of words for your soft days","You make Abu want to become gentler, steadier, and more worthy of your trust.","Samjhana, my Bhuntu, Abu made the Love Lottery room around the way you can be Sanzu, Bhuntu, Sanu, Babe, or Runchi and still be home. The gift inside is not expensive; it is specif","This is a reminder that you are loved in the details. You make Abu want to become gentler, steadier, and more worthy of your trust. This page is Abu’s a future postcard from the li"
"59","/love-tamagotchi","LoveTamagotchiPage","src/pages/LoveTamagotchiPage.jsx","A Tiny Heart to Look After","sequence page 44","44","109384","10","LoveTamagotchi","src/pages/LoveTamagotchiPage.jsx | src/components/LoveTamagotchi.jsx | src/components/WorldShell.jsx | src/themes.js | src/data/birthdayData.js | src/utils/mediaUtils.js | src/components/AudioController.jsx | src/store/useAppStore.js | src/config.ts | src/data/roomSequence.js","","30","63","230","rounded-3xl bg-pink-50 border-4 border-pink-300 shadow-2xl text-6xl text-xs font-bold text-rose-600 bg-white","","","","LOW","585b0d56e2a6","true","the way you can be Sanzu, Bhuntu, Sanu, Babe, or Runchi and still be home","a Bageshwori memory pressed between two pages","You make Abu want to become gentler, steadier, and more worthy of your trust.","Samjhana, my Sanzu, Abu made the Love Tamagotchi room around the way you can be Sanzu, Bhuntu, Sanu, Babe, or Runchi and still be home. This is a reminder that you are loved in the","Open this when you miss Abu. You make Abu want to become gentler, steadier, and more worthy of your trust. This page is Abu’s a quiet “open when” note for your pocket for Bhuntu."
"60","/secret-vault","SecretVaultPage","src/pages/SecretVaultPage.jsx","The Secret Abu Saved","sequence page 45","45","1461","1","page-specific JSX","src/pages/SecretVaultPage.jsx","","0","2","6","bg-[ text-lime-50 text-lime-300 text-xs font-black text-6xl rounded-[2rem] text-left border-lime-300 bg-lime-300","","interaction with low media","","HIGH","6abce1a1eceb","true","the future light-blue scooter ride toward Bardiya","a voice-note moment for the nights you miss home","Your voice can cross the Nepalgunj-to-Sakai distance faster than any flight.","Samjhana, my Sanu, Abu made the Secret Vault room around the future light-blue scooter ride toward Bardiya. The secret is simple: Abu would still choose you in every version of the","The gift inside is not expensive; it is specific to you. Your voice can cross the Nepalgunj-to-Sakai distance faster than any flight. This page is Abu’s a small surprise box with o"
"61","/love-tarot","LoveTarotPage","src/pages/LoveTarotPage.jsx","A Reading for Abu and Sanzu","sequence page 46","46","108267","10","LoveTarot","src/pages/LoveTarotPage.jsx | src/components/LoveTarot.jsx | src/components/WorldShell.jsx | src/themes.js | src/data/birthdayData.js | src/utils/mediaUtils.js | src/components/AudioController.jsx | src/store/useAppStore.js | src/config.ts | src/data/roomSequence.js","","30","54","229","rounded-3xl border-2 shadow-lg bg-purple-50 border-purple-300 bg-gradient-to-br from-indigo-900 to-purple-900 border-purple-500 text-purple-200","","","","LOW","5d1ee0b2921f","true","the way you can be Sanzu, Bhuntu, Sanu, Babe, or Runchi and still be home","a voice-note moment for the nights you miss home","You make Abu want to become gentler, steadier, and more worthy of your trust.","Samjhana, my Samjhana, Abu made the Love Tarot room around the way you can be Sanzu, Bhuntu, Sanu, Babe, or Runchi and still be home. The secret is simple: Abu would still choose y","The gift inside is not expensive; it is specific to you. You make Abu want to become gentler, steadier, and more worthy of your trust. This page is Abu’s a small surprise box with "
"62","/memory-lane","MemoryLanePage","src/pages/MemoryLanePage.jsx","The Lane of Our First Memories","sequence page 47","47","321891","4","page-specific JSX","src/pages/MemoryLanePage.jsx | src/utils/mediaUtils.js | src/data/pageGiftData.js | src/data/pageNames.js","","32","8","4134","bg-[ text-[ text-xs font-black text-6xl text-8xl text-lg rounded-[2rem] shadow-xl rounded-[1.5rem]","","","","LOW","f39dcf05ac46","true","Chau-Chau, Panipuri, momo, and the foods that became our language","a compliment saved for your next tired day","Your kindness is one of the reasons Abu keeps choosing you.","Samjhana, my Runchi, Abu made the Memory Lane room around Chau-Chau, Panipuri, momo, and the foods that became our language. Open this when you miss Abu.","The secret is simple: Abu would still choose you in every version of the story. Your kindness is one of the reasons Abu keeps choosing you. This page is Abu’s a Sakai-to-Nepalgunj "
"63","/hug-counter","HugCounterPage","src/pages/HugCounterPage.jsx","Hugs Abu Owes You","sequence page 48","48","114092","10","HugCounter","src/pages/HugCounterPage.jsx | src/components/HugCounter.jsx | src/components/WorldShell.jsx | src/themes.js | src/data/birthdayData.js | src/utils/mediaUtils.js | src/components/AudioController.jsx | src/store/useAppStore.js | src/config.ts | src/data/roomSequence.js","","30","81","233","text-yellow-500 text-orange-500 text-rose-500 text-purple-500 text-pink-600 to-hug from-rose-500 to-orange-500 from-pink-500 to-rose-500","","","","LOW","cbec36294279","true","Chau-Chau, Panipuri, momo, and the foods that became our language","a birthday blessing written in Abu’s handwriting","Your kindness is one of the reasons Abu keeps choosing you.","Samjhana, my Bhuntu, Abu made the Hug Counter room around Chau-Chau, Panipuri, momo, and the foods that became our language. The gift inside is not expensive; it is specific to you","This is a reminder that you are loved in the details. Your kindness is one of the reasons Abu keeps choosing you. This page is Abu’s a tiny cinema ticket for one moment Abu would r"
"64","/love-crossword","LoveCrosswordPage","src/pages/LoveCrosswordPage.jsx","A Crossword Made of Our Clues","sequence page 49","49","1486","1","page-specific JSX","src/pages/LoveCrosswordPage.jsx","","0","2","7","bg-[ text-[ text-center text-rose-700 text-xs font-black text-6xl rounded-2xl border-rose-200 bg-white","","interaction with low media","","HIGH","425f46b57010","true","the future light-blue scooter ride toward Bardiya","a voice-note moment for the nights you miss home","Your voice can cross the Nepalgunj-to-Sakai distance faster than any flight.","Samjhana, my Runchi, Abu made the Love Crossword room around the future light-blue scooter ride toward Bardiya. The secret is simple: Abu would still choose you in every version of","The gift inside is not expensive; it is specific to you. Your voice can cross the Nepalgunj-to-Sakai distance faster than any flight. This page is Abu’s a small surprise box with o"
"65","/love-radio","LoveRadioPage","src/pages/LoveRadioPage.jsx","Abu’s Late-Night Radio for You","sequence page 50","50","1768","1","page-specific JSX","src/pages/LoveRadioPage.jsx","","0","2","6","bg-[ text-amber-50 rounded-[2rem] border-amber-200/20 bg-amber-100/10 text-amber-300 text-xs font-black text-5xl text-amber-100/70","","interaction with low media","","HIGH","f96a064e26cf","true","Chau-Chau, Panipuri, momo, and the foods that became our language","a compliment saved for your next tired day","Your kindness is one of the reasons Abu keeps choosing you.","Samjhana, my Babe, Abu made the Love Radio room around Chau-Chau, Panipuri, momo, and the foods that became our language. Open this when you miss Abu.","The secret is simple: Abu would still choose you in every version of the story. Your kindness is one of the reasons Abu keeps choosing you. This page is Abu’s a Sakai-to-Nepalgunj "
"66","/blessing-tree","BlessingTreePage","src/pages/BlessingTreePage.jsx","A Tree of Abu’s Blessings","sequence page 51","51","1694","1","page-specific JSX","src/pages/BlessingTreePage.jsx","","0","2","3","bg-[ text-[ text-emerald-700 text-xs font-black text-6xl rounded-[2.5rem] rounded-t-full bg-amber-700 rounded-full","","interaction with low media","","HIGH","b81c491b1776","true","the future light-blue scooter ride toward Bardiya","a bouquet of words for your soft days","Your voice can cross the Nepalgunj-to-Sakai distance faster than any flight.","Samjhana, my Bebo, Abu made the Blessing Tree room around the future light-blue scooter ride toward Bardiya. The gift inside is not expensive; it is specific to you.","This is a reminder that you are loved in the details. Your voice can cross the Nepalgunj-to-Sakai distance faster than any flight. This page is Abu’s a future postcard from the lig"
"67","/love-vibe","LoveVibePage","src/pages/LoveVibePage.jsx","The Feeling You Leave in Every Room","sequence page 52","52","116102","10","LoveVibe","src/pages/LoveVibePage.jsx | src/components/LoveVibe.jsx | src/components/WorldShell.jsx | src/themes.js | src/data/birthdayData.js | src/utils/mediaUtils.js | src/components/AudioController.jsx | src/store/useAppStore.js | src/config.ts | src/data/roomSequence.js","","32","89","242","font-ui bg-white/80 rounded-2xl border-pink-200 shadow-sm text-xs font-bold text-gray-800 rounded-full bg-amber-100","","","","LOW","3e08fe85235c","true","the future light-blue scooter ride toward Bardiya","a Bageshwori memory pressed between two pages","Your voice can cross the Nepalgunj-to-Sakai distance faster than any flight.","Samjhana, my Babe, Abu made the Love Vibe room around the future light-blue scooter ride toward Bardiya. This is a reminder that you are loved in the details.","Open this when you miss Abu. Your voice can cross the Nepalgunj-to-Sakai distance faster than any flight. This page is Abu’s a quiet “open when” note for your pocket for Runchi."
"68","/couple-quiz-2","CoupleQuiz2Page","src/pages/CoupleQuiz2Page.jsx","How Abu Remembers Our Details","registered but not in sequence","","321395","4","page-specific JSX","src/pages/CoupleQuiz2Page.jsx | src/utils/mediaUtils.js | src/data/pageGiftData.js | src/data/pageNames.js","","32","6","4136","bg-[ text-[ text-xs font-black text-violet-700/70 text-6xl text-8xl rounded-[2rem] shadow-xl text-lg","","","","LOW","812a75980604","true","the room-search conversation that started in Nepalgunj","a tiny memory ticket from Nepalgunj","You are the best part of every future Abu imagines.","Samjhana, my Sanzu, Abu made the Couple Quiz 2 room around the room-search conversation that started in Nepalgunj. A small surprise: Abu remembers more than he says.","Keep this for the next time distance feels loud. You are the best part of every future Abu imagines. This page is Abu’s a voice-note moment for the nights you miss home for Bhuntu."
"69","/promise-trio","PromiseTrioPage","src/pages/PromiseTrioPage.jsx","Three Little Promises for Our Future","registered but not in sequence","","321626","4","page-specific JSX","src/pages/PromiseTrioPage.jsx | src/utils/mediaUtils.js | src/data/pageGiftData.js | src/data/pageNames.js","","32","6","4133","bg-[ text-[ text-xs font-black text-6xl text-8xl text-lg rounded-[2rem] border-[ bg-white","","","","LOW","059df183bc4e","true","Water Park laughter and the day moving too quickly","a future postcard from the light-blue scooter road","Your “huss” can make a long day feel close again.","Samjhana, my Samjhana, Abu made the Three Promises room around Water Park laughter and the day moving too quickly. Read this slowly, Sanu. It was made for your exact heart.","This page is a soft place to land when your day is heavy. Your “huss” can make a long day feel close again. This page is Abu’s a Bageshwori memory pressed between two pages for San"
"70","/bento-box","BentoBoxPage","src/pages/BentoBoxPage.jsx","A Bento Box of Small Memories","sequence page 53","53","1588","1","page-specific JSX","src/pages/BentoBoxPage.jsx","","0","2","9","bg-[ text-[ text-orange-700 text-xs font-black text-6xl rounded-3xl border-4 text-left border-orange-700","","interaction with low media","","HIGH","a101e06cf9cb","true","late-night video calls between Nepalgunj and Sakai, Osaka","a bouquet of words for your soft days","You make ordinary food, ordinary calls, and ordinary rooms feel like memories.","Samjhana, my Bhoot, Abu made the Bento Box room around late-night video calls between Nepalgunj and Sakai, Osaka. The gift inside is not expensive; it is specific to you.","This is a reminder that you are loved in the details. You make ordinary food, ordinary calls, and ordinary rooms feel like memories. This page is Abu’s a future postcard from the l"
"71","/letter-tonight","LetterTonightPage","src/pages/LetterTonightPage.jsx","The Letter Abu Would Send Tonight","registered but not in sequence","","321280","4","page-specific JSX","src/pages/LetterTonightPage.jsx | src/utils/mediaUtils.js | src/data/pageGiftData.js | src/data/pageNames.js","","33","6","4132","bg-[ text-[ text-xs font-black text-6xl text-8xl rounded-lg shadow-xl rounded-[1.5rem] shadow-2xl","","","","LOW","219e2c8ced64","true","Water Park laughter and the day moving too quickly","a future postcard from the light-blue scooter road","Your “huss” can make a long day feel close again.","Samjhana, my Samjhana, Abu made the Letter Abu Would Send Tonight room around Water Park laughter and the day moving too quickly. Read this slowly, Sanu. It was made for your exact","This page is a soft place to land when your day is heavy. Your “huss” can make a long day feel close again. This page is Abu’s a Bageshwori memory pressed between two pages for San"
"72","/love-coupon-generator","LoveCouponGeneratorPage","src/pages/LoveCouponGeneratorPage.jsx","Coupons Abu Would Give You","sequence page 54","54","124151","11","LoveCouponGenerator","src/pages/LoveCouponGeneratorPage.jsx | src/components/LoveCouponGenerator.jsx | src/components/WorldShell.jsx | src/themes.js | src/data/birthdayData.js | src/utils/mediaUtils.js | src/components/AudioController.jsx | src/store/useAppStore.js | src/config.ts | src/data/roomSequence.js | src/utils/whatsappHelper.js","","30","75","267","from-rose-500 to-pink-600 from-amber-500 to-rose-500 from-sky-500 to-indigo-600 from-purple-600 from-yellow-500 to-amber-600 from-pink-500","","","","LOW","082e51dd287e","true","Water Park laughter and the day moving too quickly","a soft landing place for a difficult day","Your “huss” can make a long day feel close again.","Samjhana, my Bebo, Abu made the Love Coupon Generator room around Water Park laughter and the day moving too quickly. Keep this for the next time distance feels loud.","Read this slowly, Sanu. It was made for your exact heart. Your “huss” can make a long day feel close again. This page is Abu’s a bouquet of words for your soft days for Fuchee."
"73","/star-namer","StarNamerPage","src/pages/StarNamerPage.jsx","The Star Abu Named for Samjhana","sequence page 55","55","123233","11","StarNamer","src/pages/StarNamerPage.jsx | src/components/StarNamer.jsx | src/components/WorldShell.jsx | src/themes.js | src/data/birthdayData.js | src/utils/mediaUtils.js | src/components/AudioController.jsx | src/store/useAppStore.js | src/config.ts | src/data/roomSequence.js | src/utils/whatsappHelper.js","","33","68","264","ring-orion text-amber-400 font-ui bg-indigo-950/80 rounded-2xl border-indigo-500/30 text-white shadow-xl text-xs font-bold","","","","LOW","562d125923e4","true","the way you can be Sanzu, Bhuntu, Sanu, Babe, or Runchi and still be home","a promise map for the places we still want to see","You make Abu want to become gentler, steadier, and more worthy of your trust.","Samjhana, my Bhuntu, Abu made the Star Namer room around the way you can be Sanzu, Bhuntu, Sanu, Babe, or Runchi and still be home. Open this when you miss Abu.","The secret is simple: Abu would still choose you in every version of the story. You make Abu want to become gentler, steadier, and more worthy of your trust. This page is Abu’s a t"
"74","/love-jar-notes","LoveJarNotesPage","src/pages/LoveJarNotesPage.jsx","Notes Abu Put in the Jar","sequence page 56","56","321345","4","page-specific JSX","src/pages/LoveJarNotesPage.jsx | src/utils/mediaUtils.js | src/data/pageGiftData.js | src/data/pageNames.js","","32","6","4133","bg-[ text-[ text-xs font-black text-6xl text-8xl text-lg rounded-[1.5rem] shadow-lg rounded-[2rem]","","","","LOW","f14f6a0c8c89","true","the room-search conversation that started in Nepalgunj","a future postcard from the light-blue scooter road","You are the best part of every future Abu imagines.","Samjhana, my Samjhana, Abu made the Love Jar Notes room around the room-search conversation that started in Nepalgunj. Read this slowly, Sanu. It was made for your exact heart.","This page is a soft place to land when your day is heavy. You are the best part of every future Abu imagines. This page is Abu’s a Bageshwori memory pressed between two pages for S"
"75","/sweet-compliments","SweetComplimentsPage","src/pages/SweetComplimentsPage.jsx","The Sweet Things Abu Means","sequence page 57","57","3641","2","SweetCompliments","src/pages/SweetComplimentsPage.jsx | src/components/SweetCompliments.jsx","","0","5","3","","","","","MEDIUM","6359b652c1da","true","the future light-blue scooter ride toward Bardiya","a promise map for the places we still want to see","Your voice can cross the Nepalgunj-to-Sakai distance faster than any flight.","Samjhana, my Bebo, Abu made the Sweet Compliments room around the future light-blue scooter ride toward Bardiya. Open this when you miss Abu.","The secret is simple: Abu would still choose you in every version of the story. Your voice can cross the Nepalgunj-to-Sakai distance faster than any flight. This page is Abu’s a ti"
"76","/kiss-collector","KissCollectorPage","src/pages/KissCollectorPage.jsx","Kisses Saved for the Day We Meet","sequence page 58","58","112212","10","KissCollector","src/pages/KissCollectorPage.jsx | src/components/KissCollector.jsx | src/components/WorldShell.jsx | src/themes.js | src/data/birthdayData.js | src/utils/mediaUtils.js | src/components/AudioController.jsx | src/store/useAppStore.js | src/config.ts | src/data/roomSequence.js","","30","65","233","text-pink-400 text-xs font-bold text-gray-500 rounded-full border-3 shadow-md ring-2 ring-offset-2 ring-pink-500","","","","LOW","5c7f3730caeb","true","late-night video calls between Nepalgunj and Sakai, Osaka","a birthday blessing written in Abu’s handwriting","You make ordinary food, ordinary calls, and ordinary rooms feel like memories.","Samjhana, my Sanzu, Abu made the Kiss Collector room around late-night video calls between Nepalgunj and Sakai, Osaka. The gift inside is not expensive; it is specific to you.","This is a reminder that you are loved in the details. You make ordinary food, ordinary calls, and ordinary rooms feel like memories. This page is Abu’s a tiny cinema ticket for one"
"77","/love-memory-flip","LoveMemoryFlipPage","src/pages/LoveMemoryFlipPage.jsx","Turn Over an Abu Memory","sequence page 59","59","120515","11","LoveMemoryFlip","src/pages/LoveMemoryFlipPage.jsx | src/components/LoveMemoryFlip.jsx | src/components/WorldShell.jsx | src/themes.js | src/data/birthdayData.js | src/utils/mediaUtils.js | src/components/AudioController.jsx | src/store/useAppStore.js | src/config.ts | src/data/roomSequence.js | src/utils/whatsappHelper.js","","32","82","250","text-pink-500 font-ui bg-white/80 rounded-3xl border-2 border-pink-300 shadow-md rounded-full text-xs font-black","","","","LOW","0c1d190972f1","true","dropping you at the Language Institute before Japan","a promise folded into a keepsake card","Your moods, your laugh, your quiet, and your Bhoot moments all belong to the girl Abu loves.","Samjhana, my Bhoot, Abu made the Love Memory Flip room around dropping you at the Language Institute before Japan. This page is a soft place to land when your day is heavy.","A small surprise: Abu remembers more than he says. Your moods, your laugh, your quiet, and your Bhoot moments all belong to the girl Abu loves. This page is Abu’s a compliment save"
"78","/sound-wave","SoundWavePage","src/pages/SoundWavePage.jsx","The Sound of Your Name","sequence page 60","60","118736","11","SoundWave","src/pages/SoundWavePage.jsx | src/components/SoundWave.jsx | src/components/WorldShell.jsx | src/themes.js | src/data/birthdayData.js | src/utils/mediaUtils.js | src/components/AudioController.jsx | src/store/useAppStore.js | src/config.ts | src/data/roomSequence.js | src/utils/whatsappHelper.js","","32","65","248","text-purple-400 font-ui rounded-3xl bg-gradient-to-b from-purple-950 via-slate-900 to-indigo-950 text-white border-2 border-purple-500/40","","","","LOW","9290753ffead","true","late-night video calls between Nepalgunj and Sakai, Osaka","a memory ribbon tied to your favourite name","You make ordinary food, ordinary calls, and ordinary rooms feel like memories.","Samjhana, my Bhuntu, Abu made the Sound Wave room around late-night video calls between Nepalgunj and Sakai, Osaka. The secret is simple: Abu would still choose you in every versio","The gift inside is not expensive; it is specific to you. You make ordinary food, ordinary calls, and ordinary rooms feel like memories. This page is Abu’s a soft landing place for "
"79","/love-passport-stamps","LovePassportStampsPage","src/pages/LovePassportStampsPage.jsx","Stamps from Our Story","sequence page 61","61","3942","2","LovePassportStamps","src/pages/LovePassportStampsPage.jsx | src/components/LovePassportStamps.jsx","","0","7","4","","","","","MEDIUM","3bc13dcf7b07","true","the dream of Pokhara, Manang, and Mustang waiting for us","a future postcard from the light-blue scooter road","You are beautiful in the moments you never think to pose for.","Samjhana, my Samjhana, Abu made the Love Passport Stamps room around the dream of Pokhara, Manang, and Mustang waiting for us. Read this slowly, Sanu. It was made for your exact he","This page is a soft place to land when your day is heavy. You are beautiful in the moments you never think to pose for. This page is Abu’s a Bageshwori memory pressed between two p"
"80","/mood-ring","MoodRingPage","src/pages/MoodRingPage.jsx","The Mood Abu Notices First","sequence page 62","62","1384","1","page-specific JSX","src/pages/MoodRingPage.jsx","","0","2","5","bg-rose-300 bg-amber-300 bg-indigo-300 text-[ text-xs font-black text-6xl rounded-[2rem] border-4 text-left","","interaction with low media","","HIGH","d262158ce5f6","true","Chau-Chau, Panipuri, momo, and the foods that became our language","a bouquet of words for your soft days","Your kindness is one of the reasons Abu keeps choosing you.","Samjhana, my Sanu, Abu made the Mood Ring room around Chau-Chau, Panipuri, momo, and the foods that became our language. The gift inside is not expensive; it is specific to you.","This is a reminder that you are loved in the details. Your kindness is one of the reasons Abu keeps choosing you. This page is Abu’s a future postcard from the light-blue scooter r"
"81","/love-tetris","LoveTetrisPage","src/pages/LoveTetrisPage.jsx","A Tower of Tiny Memories","sequence page 243","243","2028","1","page-specific JSX","src/pages/LoveTetrisPage.jsx","","0","3","8","bg-[ text-[ text-sky-700 text-xs font-black text-6xl rounded-[2rem] border-sky-200 bg-white shadow-lg","","interaction with low media","","MEDIUM","bd5ab84b3661","true","Bageshwori Temple and the prayers we carried home","a Bageshwori memory pressed between two pages","Your smile makes Abu forget what he was worried about.","Samjhana, my Samjhana, Abu made the Love Tetris room around Bageshwori Temple and the prayers we carried home. This is a reminder that you are loved in the details.","Open this when you miss Abu. Your smile makes Abu forget what he was worried about. This page is Abu’s a quiet “open when” note for your pocket for Sanzu."
"82","/cupid-archery","CupidArcheryPage","src/pages/CupidArcheryPage.jsx","Aiming Abu’s Good Wishes Your Way","sequence page 63","63","114703","10","CupidArchery","src/pages/CupidArcheryPage.jsx | src/components/CupidArchery.jsx | src/components/WorldShell.jsx | src/themes.js | src/data/birthdayData.js | src/utils/mediaUtils.js | src/components/AudioController.jsx | src/store/useAppStore.js | src/config.ts | src/data/roomSequence.js","","30","75","232","rounded-full bg-amber-100 text-amber-800 font-extrabold text-xs bg-indigo-100 text-indigo-700 bg-rose-100 text-rose-600 rounded-3xl","","","","LOW","31f5832f569d","true","the way you can be Sanzu, Bhuntu, Sanu, Babe, or Runchi and still be home","a memory ribbon tied to your favourite name","You make Abu want to become gentler, steadier, and more worthy of your trust.","Samjhana, my Bebo, Abu made the Cupid Archery room around the way you can be Sanzu, Bhuntu, Sanu, Babe, or Runchi and still be home. The secret is simple: Abu would still choose yo","The gift inside is not expensive; it is specific to you. You make Abu want to become gentler, steadier, and more worthy of your trust. This page is Abu’s a soft landing place for a"
"83","/love-alarm","LoveAlarmPage","src/pages/LoveAlarmPage.jsx","The Wake-Up Note from Abu","sequence page 64","64","114743","10","LoveAlarm","src/pages/LoveAlarmPage.jsx | src/components/LoveAlarm.jsx | src/components/WorldShell.jsx | src/themes.js | src/data/birthdayData.js | src/utils/mediaUtils.js | src/components/AudioController.jsx | src/store/useAppStore.js | src/config.ts | src/data/roomSequence.js","","30","75","235","rounded-3xl bg-gradient-to-b from-slate-900 via-slate-800 to-slate-900 border-4 border-pink-400 shadow-2xl text-white rounded-full","","","","LOW","ae578013a917","true","Bageshwori Temple and the prayers we carried home","a bouquet of words for your soft days","Your smile makes Abu forget what he was worried about.","Samjhana, my Bebo, Abu made the Love Alarm room around Bageshwori Temple and the prayers we carried home. The gift inside is not expensive; it is specific to you.","This is a reminder that you are loved in the details. Your smile makes Abu forget what he was worried about. This page is Abu’s a future postcard from the light-blue scooter road f"
"84","/couple-bucket-list-2","CoupleBucketList2Page","src/pages/CoupleBucketList2Page.jsx","Our Next Places Together","sequence page 65","65","321548","4","page-specific JSX","src/pages/CoupleBucketList2Page.jsx | src/utils/mediaUtils.js | src/data/pageGiftData.js | src/data/pageNames.js","","32","6","4136","bg-[ text-[ text-xs font-black text-6xl text-8xl text-lg rounded-[2rem] bg-white shadow-xl","","generic/randomized idea","","LOW","3ab1cb734c20","true","late-night video calls between Nepalgunj and Sakai, Osaka","a private letter from Abu","You make ordinary food, ordinary calls, and ordinary rooms feel like memories.","Samjhana, my Bhuntu, Abu made the Couple Bucket List 2 room around late-night video calls between Nepalgunj and Sakai, Osaka. This is a reminder that you are loved in the details.","Open this when you miss Abu. You make ordinary food, ordinary calls, and ordinary rooms feel like memories. This page is Abu’s a promise folded into a keepsake card for Sanu."
"85","/love-quiz-advanced","LoveQuizAdvancedPage","src/pages/LoveQuizAdvancedPage.jsx","The Details Abu Never Forgets","registered but not in sequence","","321375","4","page-specific JSX","src/pages/LoveQuizAdvancedPage.jsx | src/utils/mediaUtils.js | src/data/pageGiftData.js | src/data/pageNames.js","","32","6","4138","bg-[ text-[ text-teal-200 text-xs font-black text-6xl text-8xl rounded-[2rem] border-teal-100/15 bg-white/[.06]","","","","LOW","676b0301f356","true","the day “Abhay” became “Abu” because you made it yours","a quiet “open when” note for your pocket","You are the person behind every name Abu says with a softer voice.","Samjhana, my Sanu, Abu made the Love Quiz Advanced room around the day “Abhay” became “Abu” because you made it yours. This page is a soft place to land when your day is heavy.","A small surprise: Abu remembers more than he says. You are the person behind every name Abu says with a softer voice. This page is Abu’s a promise map for the places we still want "
"86","/love-meter-deluxe","LoveMeterDeluxePage","src/pages/LoveMeterDeluxePage.jsx","Abu’s Measureless Love Meter","sequence page 66","66","1879","1","page-specific JSX","src/pages/LoveMeterDeluxePage.jsx","","0","2","17","bg-[ text-[ text-violet-700 text-xs font-black text-6xl text-lg rounded-[2rem] border-2 text-left","","interaction with low media","","HIGH","cc49d49cf4e1","true","dropping you at the Language Institute before Japan","a tiny memory ticket from Nepalgunj","Your moods, your laugh, your quiet, and your Bhoot moments all belong to the girl Abu loves.","Samjhana, my Runchi, Abu made the Love Meter Deluxe room around dropping you at the Language Institute before Japan. A small surprise: Abu remembers more than he says.","Keep this for the next time distance feels loud. Your moods, your laugh, your quiet, and your Bhoot moments all belong to the girl Abu loves. This page is Abu’s a voice-note moment"
"87","/love-envelope","LoveEnvelopePage","src/pages/LoveEnvelopePage.jsx","An Envelope from Abu","sequence page 67","67","121533","11","LoveEnvelope","src/pages/LoveEnvelopePage.jsx | src/components/LoveEnvelope.jsx | src/components/WorldShell.jsx | src/themes.js | src/data/birthdayData.js | src/utils/mediaUtils.js | src/components/AudioController.jsx | src/store/useAppStore.js | src/config.ts | src/data/roomSequence.js | src/utils/whatsappHelper.js","","32","83","259","from-amber-400 to-amber-600 from-rose-500 to-pink-600 from-purple-500 to-indigo-600 text-rose-500 font-ui bg-white/80 rounded-2xl","","","","LOW","03dc523d22ef","true","late-night video calls between Nepalgunj and Sakai, Osaka","a Bageshwori memory pressed between two pages","You make ordinary food, ordinary calls, and ordinary rooms feel like memories.","Samjhana, my Bebo, Abu made the Love Envelope room around late-night video calls between Nepalgunj and Sakai, Osaka. This is a reminder that you are loved in the details.","Open this when you miss Abu. You make ordinary food, ordinary calls, and ordinary rooms feel like memories. This page is Abu’s a quiet “open when” note for your pocket for Fuchee."
"88","/love-constellation-connect","LoveConstellationConnectPage","src/pages/LoveConstellationConnectPage.jsx","Connect the Names Abu Loves","sequence page 68","68","118466","11","LoveConstellationConnect","src/pages/LoveConstellationConnectPage.jsx | src/components/LoveConstellationConnect.jsx | src/components/WorldShell.jsx | src/themes.js | src/data/birthdayData.js | src/utils/mediaUtils.js | src/components/AudioController.jsx | src/store/useAppStore.js | src/config.ts | src/data/roomSequence.js | src/utils/whatsappHelper.js","","32","67","247","text-amber-400 font-ui rounded-full text-xs font-black bg-amber-400 text-slate-950 border-amber-400 shadow-md bg-slate-900/80","","","","LOW","4158193d8ca9","true","Water Park laughter and the day moving too quickly","a future postcard from the light-blue scooter road","Your “huss” can make a long day feel close again.","Samjhana, my Sanu, Abu made the Love Constellation Connect room around Water Park laughter and the day moving too quickly. Read this slowly, Sanu. It was made for your exact heart.","This page is a soft place to land when your day is heavy. Your “huss” can make a long day feel close again. This page is Abu’s a Bageshwori memory pressed between two pages for Bab"
"89","/love-journal-prompt","LoveJournalPromptPage","src/pages/LoveJournalPromptPage.jsx","A Journal Prompt from Abu","sequence page 69","69","114943","11","LoveJournalPrompt","src/pages/LoveJournalPromptPage.jsx | src/components/LoveJournalPrompt.jsx | src/components/WorldShell.jsx | src/themes.js | src/data/birthdayData.js | src/utils/mediaUtils.js | src/components/AudioController.jsx | src/store/useAppStore.js | src/config.ts | src/data/roomSequence.js | src/utils/whatsappHelper.js","","30","70","257","rounded-full bg-green-100 text-green-700 font-extrabold text-xs bg-gray-200 bg-green-500 bg-amber-800 rounded-l-xl shadow-inner","","","","LOW","8b896c6098c6","true","the day “Abhay” became “Abu” because you made it yours","a quiet “open when” note for your pocket","You are the person behind every name Abu says with a softer voice.","Samjhana, my Samjhana, Abu made the Love Journal Prompt room around the day “Abhay” became “Abu” because you made it yours. This page is a soft place to land when your day is heavy","A small surprise: Abu remembers more than he says. You are the person behind every name Abu says with a softer voice. This page is Abu’s a promise map for the places we still want "
"90","/love-chimes","LoveChimesPage","src/pages/LoveChimesPage.jsx","Chimes for Your Quiet Days","sequence page 70","70","112390","10","LoveChimes","src/pages/LoveChimesPage.jsx | src/components/LoveChimes.jsx | src/components/WorldShell.jsx | src/themes.js | src/data/birthdayData.js | src/utils/mediaUtils.js | src/components/AudioController.jsx | src/store/useAppStore.js | src/config.ts | src/data/roomSequence.js","","30","74","230","from-cyan-400 to-cyan-600 from-blue-400 to-blue-600 from-indigo-400 to-indigo-600 from-purple-400 to-purple-600 from-pink-400 to-pink-600","","","","LOW","be449370417a","true","late-night video calls between Nepalgunj and Sakai, Osaka","a Bageshwori memory pressed between two pages","You make ordinary food, ordinary calls, and ordinary rooms feel like memories.","Samjhana, my Runchi, Abu made the Love Chimes room around late-night video calls between Nepalgunj and Sakai, Osaka. This is a reminder that you are loved in the details.","Open this when you miss Abu. You make ordinary food, ordinary calls, and ordinary rooms feel like memories. This page is Abu’s a quiet “open when” note for your pocket for Bhoot."
"91","/love-puzzle-slider","LovePuzzleSliderPage","src/pages/LovePuzzleSliderPage.jsx","Slide the Story into Place","registered but not in sequence","","111496","10","LovePuzzleSlider","src/pages/LovePuzzleSliderPage.jsx | src/components/LovePuzzleSlider.jsx | src/components/WorldShell.jsx | src/themes.js | src/data/birthdayData.js | src/utils/mediaUtils.js | src/components/AudioController.jsx | src/store/useAppStore.js | src/config.ts | src/data/roomSequence.js","","30","62","230","rounded-full bg-indigo-100 text-indigo-700 font-extrabold text-xs bg-amber-100 text-amber-700 bg-gray-100 text-gray-600 font-bold","","","","LOW","87c9ecd18a7f","true","Water Park laughter and the day moving too quickly","a tiny cinema ticket for one moment Abu would replay","Your “huss” can make a long day feel close again.","Samjhana, my Fuchee, Abu made the Love Puzzle Slider room around Water Park laughter and the day moving too quickly. Read this slowly, Sanu. It was made for your exact heart.","This page is a soft place to land when your day is heavy. Your “huss” can make a long day feel close again. This page is Abu’s a private letter from Abu for Samjhana."
"92","/love-horoscope-daily","LoveHoroscopeDailyPage","src/pages/LoveHoroscopeDailyPage.jsx","Today’s Note from the Stars","sequence page 71","71","5015","2","LoveHoroscopeDaily","src/pages/LoveHoroscopeDailyPage.jsx | src/components/LoveHoroscopeDaily.jsx","","0","8","6","","","","","MEDIUM","e482e07b3c4e","true","the dream of Pokhara, Manang, and Mustang waiting for us","a quiet “open when” note for your pocket","You are beautiful in the moments you never think to pose for.","Samjhana, my Fuchee, Abu made the Love Horoscope Daily room around the dream of Pokhara, Manang, and Mustang waiting for us. This page is a soft place to land when your day is heav","A small surprise: Abu remembers more than he says. You are beautiful in the moments you never think to pose for. This page is Abu’s a promise map for the places we still want to se"
"93","/love-recipe","LoveRecipePage","src/pages/LoveRecipePage.jsx","The Recipe for a Good Day Together","sequence page 72","72","4308","2","LoveRecipe","src/pages/LoveRecipePage.jsx | src/components/LoveRecipe.jsx","","0","8","2","","","","","MEDIUM","f084814cc75f","true","the way you can be Sanzu, Bhuntu, Sanu, Babe, or Runchi and still be home","a Bageshwori memory pressed between two pages","You make Abu want to become gentler, steadier, and more worthy of your trust.","Samjhana, my Samjhana, Abu made the Love Recipe room around the way you can be Sanzu, Bhuntu, Sanu, Babe, or Runchi and still be home. This is a reminder that you are loved in the ","Open this when you miss Abu. You make Abu want to become gentler, steadier, and more worthy of your trust. This page is Abu’s a quiet “open when” note for your pocket for Sanzu."
"94","/love-fireflies","LoveFirefliesPage","src/pages/LoveFirefliesPage.jsx","Fireflies for Sanzu","sequence page 73","73","114473","10","LoveFireflies","src/pages/LoveFirefliesPage.jsx | src/components/LoveFireflies.jsx | src/components/WorldShell.jsx | src/themes.js | src/data/birthdayData.js | src/utils/mediaUtils.js | src/components/AudioController.jsx | src/store/useAppStore.js | src/config.ts | src/data/roomSequence.js","","30","74","233","rounded-full bg-amber-100 text-amber-800 font-extrabold text-xs bg-gray-200 bg-gradient-to-r from-amber-400 to-amber-500 rounded-3xl","","","","LOW","688bbd5b5d41","true","late-night video calls between Nepalgunj and Sakai, Osaka","a compliment saved for your next tired day","You make ordinary food, ordinary calls, and ordinary rooms feel like memories.","Samjhana, my Bebo, Abu made the Love Fireflies room around late-night video calls between Nepalgunj and Sakai, Osaka. Open this when you miss Abu.","The secret is simple: Abu would still choose you in every version of the story. You make ordinary food, ordinary calls, and ordinary rooms feel like memories. This page is Abu’s a "
"95","/love-tree-growth","LoveTreeGrowthPage","src/pages/LoveTreeGrowthPage.jsx","How Abu’s Love Keeps Growing","sequence page 74","74","1942","1","page-specific JSX","src/pages/LoveTreeGrowthPage.jsx","","0","4","2","bg-[ text-[ text-emerald-700 text-xs font-black text-6xl border-l-4 border-emerald-200 rounded-2xl text-left","","interaction with low media","","MEDIUM","6530937cf63a","true","the day “Abhay” became “Abu” because you made it yours","a tiny cinema ticket for one moment Abu would replay","You are the person behind every name Abu says with a softer voice.","Samjhana, my Samjhana, Abu made the Love Tree Growth room around the day “Abhay” became “Abu” because you made it yours. Read this slowly, Sanu. It was made for your exact heart.","This page is a soft place to land when your day is heavy. You are the person behind every name Abu says with a softer voice. This page is Abu’s a private letter from Abu for Sanzu."
"96","/love-wishes-sky","LoveWishesSkyPage","src/pages/LoveWishesSkyPage.jsx","Wishes Written Above Us","sequence page 75","75","114740","11","LoveWishesSky","src/pages/LoveWishesSkyPage.jsx | src/components/LoveWishesSky.jsx | src/components/WorldShell.jsx | src/themes.js | src/data/birthdayData.js | src/utils/mediaUtils.js | src/components/AudioController.jsx | src/store/useAppStore.js | src/config.ts | src/data/roomSequence.js | src/utils/whatsappHelper.js","","30","60","257","text-amber-400 font-ui rounded-3xl bg-gradient-to-b from-indigo-950 via-slate-900 to-black border-4 border-amber-400 shadow-2xl","","","","LOW","fb7324593f3b","true","the room-search conversation that started in Nepalgunj","a quiet “open when” note for your pocket","You are the best part of every future Abu imagines.","Samjhana, my Sanzu, Abu made the Love Wishes Sky room around the room-search conversation that started in Nepalgunj. This page is a soft place to land when your day is heavy.","A small surprise: Abu remembers more than he says. You are the best part of every future Abu imagines. This page is Abu’s a promise map for the places we still want to see for Bhun"
"97","/love-time-machine","LoveTimeMachinePage","src/pages/LoveTimeMachinePage.jsx","A Trip Back to Our First Days","sequence page 76","76","112344","10","LoveTimeMachine","src/pages/LoveTimeMachinePage.jsx | src/components/LoveTimeMachine.jsx | src/components/WorldShell.jsx | src/themes.js | src/data/birthdayData.js | src/utils/mediaUtils.js | src/components/AudioController.jsx | src/store/useAppStore.js | src/config.ts | src/data/roomSequence.js","","30","63","231","rounded-full text-sm font-bold bg-indigo-600 text-white shadow-lg bg-green-500 bg-gray-200 text-gray-500 bg-gray-300","","","","LOW","995a52b0640e","true","Water Park laughter and the day moving too quickly","a small surprise box with one true thing inside","Your “huss” can make a long day feel close again.","Samjhana, my Sanzu, Abu made the Love Time Machine room around Water Park laughter and the day moving too quickly. Keep this for the next time distance feels loud.","Read this slowly, Sanu. It was made for your exact heart. Your “huss” can make a long day feel close again. This page is Abu’s a birthday blessing written in Abu’s handwriting for "
"98","/love-memory-match","LoveMemoryMatchPage","src/pages/LoveMemoryMatchPage.jsx","Match the Memory to the Feeling","registered but not in sequence","","63620","10","LoveMemoryMatch","src/pages/LoveMemoryMatchPage.jsx | src/components/LoveMemoryMatch.jsx | src/components/WorldShell.jsx | src/themes.js | src/utils/mediaUtils.js | src/components/AudioController.jsx | src/store/useAppStore.js | src/config.ts | src/data/roomSequence.js | src/utils/whatsappHelper.js","","28","79","40","text-rose-500 font-ui bg-white/80 rounded-2xl border-rose-200 shadow-sm text-xs font-bold text-gray-700 rounded-full","","","","LOW","7db3faebb943","true","Water Park laughter and the day moving too quickly","a promise folded into a keepsake card","Your “huss” can make a long day feel close again.","Samjhana, my Sanzu, Abu made the Love Memory Match room around Water Park laughter and the day moving too quickly. This page is a soft place to land when your day is heavy.","A small surprise: Abu remembers more than he says. Your “huss” can make a long day feel close again. This page is Abu’s a compliment saved for your next tired day for Bhuntu."
"99","/love-origami-heart","LoveOrigamiHeartPage","src/pages/LoveOrigamiHeartPage.jsx","A Folded Heart for Bhuntu","sequence page 77","77","54470","9","LoveOrigamiHeart","src/pages/LoveOrigamiHeartPage.jsx | src/components/LoveOrigamiHeart.jsx | src/components/WorldShell.jsx | src/themes.js | src/components/AudioController.jsx | src/store/useAppStore.js | src/config.ts | src/data/roomSequence.js | src/utils/whatsappHelper.js","","0","71","46","text-rose-500 font-ui rounded-full text-xs font-black shadow-md bg-emerald-500 text-white bg-pink-500 ring-4","","","","LOW","2ceb6b4f8c85","true","Water Park laughter and the day moving too quickly","a promise folded into a keepsake card","Your “huss” can make a long day feel close again.","Samjhana, my Bhoot, Abu made the Love Origami Heart room around Water Park laughter and the day moving too quickly. This page is a soft place to land when your day is heavy.","A small surprise: Abu remembers more than he says. Your “huss” can make a long day feel close again. This page is Abu’s a compliment saved for your next tired day for Bebo."
"100","/love-fortune-cookie","LoveFortuneCookiePage","src/pages/LoveFortuneCookiePage.jsx","A Fortune Abu Left Inside","sequence page 78","78","49867","9","LoveFortuneCookie","src/pages/LoveFortuneCookiePage.jsx | src/components/LoveFortuneCookie.jsx | src/components/WorldShell.jsx | src/themes.js | src/components/AudioController.jsx | src/store/useAppStore.js | src/config.ts | src/data/roomSequence.js | src/utils/whatsappHelper.js","","0","66","48","text-amber-500 font-ui rounded-full bg-gradient-to-br from-amber-300 via-amber-400 to-amber-500 border-4 border-amber-200 shadow-2xl","","","","LOW","dc1f4866a5ad","true","dropping you at the Language Institute before Japan","a quiet “open when” note for your pocket","Your moods, your laugh, your quiet, and your Bhoot moments all belong to the girl Abu loves.","Samjhana, my Bebo, Abu made the Love Fortune Cookie room around dropping you at the Language Institute before Japan. This page is a soft place to land when your day is heavy.","A small surprise: Abu remembers more than he says. Your moods, your laugh, your quiet, and your Bhoot moments all belong to the girl Abu loves. This page is Abu’s a promise map for"
"101","/love-scratch-card","LoveScratchCardPage","src/pages/LoveScratchCardPage.jsx","Love Scratch Card","sequence page 79","79","11520","2","page-specific JSX","src/pages/LoveScratchCardPage.jsx | src/utils/mediaUtils.js","","31","6","9","bg-[ text-[ rounded-[2rem] shadow-xl text-rose-700 text-xs font-black text-6xl text-lg rounded-full","","","","LOW","74237f942e80","true","the day “Abhay” became “Abu” because you made it yours","a promise folded into a keepsake card","You are the person behind every name Abu says with a softer voice.","Samjhana, my Sanu, Abu made the Love Scratch Card room around the day “Abhay” became “Abu” because you made it yours. This page is a soft place to land when your day is heavy.","A small surprise: Abu remembers more than he says. You are the person behind every name Abu says with a softer voice. This page is Abu’s a compliment saved for your next tired day "
"102","/love-audio-visualizer","LoveAudioVisualizerPage","src/pages/LoveAudioVisualizerPage.jsx","What Abu Hears in Your Voice","sequence page 80","80","50755","9","LoveAudioVisualizer","src/pages/LoveAudioVisualizerPage.jsx | src/components/LoveAudioVisualizer.jsx | src/components/WorldShell.jsx | src/themes.js | src/components/AudioController.jsx | src/store/useAppStore.js | src/config.ts | src/data/roomSequence.js | src/utils/whatsappHelper.js","","0","65","44","text-rose-500 font-ui rounded-2xl text-left bg-rose-500 text-white border-rose-600 shadow-lg bg-white/80 text-gray-800","","","","LOW","12d9f3271e82","true","dropping you at the Language Institute before Japan","a soft landing place for a difficult day","Your moods, your laugh, your quiet, and your Bhoot moments all belong to the girl Abu loves.","Samjhana, my Sanu, Abu made the Love Audio Visualizer room around dropping you at the Language Institute before Japan. Keep this for the next time distance feels loud.","Read this slowly, Sanu. It was made for your exact heart. Your moods, your laugh, your quiet, and your Bhoot moments all belong to the girl Abu loves. This page is Abu’s a bouquet "
"103","/love-trivia-quiz","LoveTriviaQuizPage","src/pages/LoveTriviaQuizPage.jsx","Our Details, Abu’s Answers","registered but not in sequence","","45997","8","LoveTriviaQuiz","src/pages/LoveTriviaQuizPage.jsx | src/components/LoveTriviaQuiz.jsx | src/components/WorldShell.jsx | src/themes.js | src/components/AudioController.jsx | src/store/useAppStore.js | src/config.ts | src/data/roomSequence.js","","0","59","36","rounded-3xl bg-white border-4 border-pink-300 shadow-2xl text-xs font-bold text-gray-500 text-base font-extrabold","","","","LOW","1ad7850166e9","true","the dream of Pokhara, Manang, and Mustang waiting for us","a small surprise box with one true thing inside","You are beautiful in the moments you never think to pose for.","Samjhana, my Bhuntu, Abu made the Love Trivia Quiz room around the dream of Pokhara, Manang, and Mustang waiting for us. Keep this for the next time distance feels loud.","Read this slowly, Sanu. It was made for your exact heart. You are beautiful in the moments you never think to pose for. This page is Abu’s a birthday blessing written in Abu’s hand"
"104","/love-photo-booth","LovePhotoBoothPage","src/pages/LovePhotoBoothPage.jsx","A Photo Booth for Sanzu","sequence page 81","81","63450","10","LovePhotoBooth","src/pages/LovePhotoBoothPage.jsx | src/components/LovePhotoBooth.jsx | src/components/WorldShell.jsx | src/themes.js | src/utils/mediaUtils.js | src/components/AudioController.jsx | src/store/useAppStore.js | src/config.ts | src/data/roomSequence.js | src/utils/whatsappHelper.js","","30","74","41","bg-rose-50 border-rose-300 text-rose-600 bg-amber-50 border-amber-300 text-amber-700 bg-purple-950 border-purple-500 text-white text-purple-300","","","","LOW","8a0ac930145c","true","dropping you at the Language Institute before Japan","a small surprise box with one true thing inside","Your moods, your laugh, your quiet, and your Bhoot moments all belong to the girl Abu loves.","Samjhana, my Bhuntu, Abu made the Love Photo Booth room around dropping you at the Language Institute before Japan. Keep this for the next time distance feels loud.","Read this slowly, Sanu. It was made for your exact heart. Your moods, your laugh, your quiet, and your Bhoot moments all belong to the girl Abu loves. This page is Abu’s a birthday"
"105","/love-wish-well","LoveWishWellPage","src/pages/LoveWishWellPage.jsx","A Well of Abu’s Wishes","sequence page 82","82","1443","1","page-specific JSX","src/pages/LoveWishWellPage.jsx","","0","2","7","bg-[ text-[ text-cyan-700 text-xs font-black text-6xl rounded-[50%] border-8 border-cyan-700 bg-[radial-gradient","","interaction with low media","","HIGH","97ccdde54256","true","dropping you at the Language Institute before Japan","a soft landing place for a difficult day","Your moods, your laugh, your quiet, and your Bhoot moments all belong to the girl Abu loves.","Samjhana, my Bhoot, Abu made the Love Wish Well room around dropping you at the Language Institute before Japan. Keep this for the next time distance feels loud.","Read this slowly, Sanu. It was made for your exact heart. Your moods, your laugh, your quiet, and your Bhoot moments all belong to the girl Abu loves. This page is Abu’s a bouquet "
"106","/love-grand-finale","LoveGrandFinalePage","src/pages/LoveGrandFinalePage.jsx","The Last Gift from Abu","sequence page 83","83","66864","10","LoveGrandFinale","src/pages/LoveGrandFinalePage.jsx | src/components/LoveGrandFinale.jsx | src/components/WorldShell.jsx | src/themes.js | src/components/AudioController.jsx | src/store/useAppStore.js | src/config.ts | src/data/roomSequence.js | src/utils/mediaUtils.js | src/utils/whatsappHelper.js","","27","71","56","from-amber-300 via-yellow-400 to-amber-500 from-sky-300 via-blue-400 to-indigo-500 from-pink-300 via-rose-400 to-pink-500 from-purple-300","","","","LOW","cfa59e343768","true","dropping you at the Language Institute before Japan","a tiny memory ticket from Nepalgunj","Your moods, your laugh, your quiet, and your Bhoot moments all belong to the girl Abu loves.","Samjhana, my Sanu, Abu made the Love Grand Finale room around dropping you at the Language Institute before Japan. A small surprise: Abu remembers more than he says.","Keep this for the next time distance feels loud. Your moods, your laugh, your quiet, and your Bhoot moments all belong to the girl Abu loves. This page is Abu’s a voice-note moment"
"107","/love-map-canvas","LoveMapCanvasPage","src/pages/LoveMapCanvasPage.jsx","Love Map Canvas","registered but not in sequence","","76057","10","LoveMapCanvas","src/pages/LoveMapCanvasPage.jsx | src/components/LoveMapCanvas.jsx | src/components/WorldShell.jsx | src/themes.js | src/components/AudioController.jsx | src/store/useAppStore.js | src/config.ts | src/data/roomSequence.js | src/utils/mediaUtils.js | src/utils/whatsappHelper.js","","28","84","51","text-sky-400 rounded-2xl bg-gradient-to-r from-pink-500/20 via-purple-500/20 to-indigo-500/20 border-pink-400/40 text-center text-xs text-pink-200","","","","LOW","4e78c13b4545","true","the room-search conversation that started in Nepalgunj","a promise folded into a keepsake card","You are the best part of every future Abu imagines.","Samjhana, my Sanzu, Abu made the Love Map Canvas room around the room-search conversation that started in Nepalgunj. This page is a soft place to land when your day is heavy.","A small surprise: Abu remembers more than he says. You are the best part of every future Abu imagines. This page is Abu’s a compliment saved for your next tired day for Bhuntu."
"108","/heartbeat-drum-pad","HeartbeatDrumPadPage","src/pages/HeartbeatDrumPadPage.jsx","Heartbeat Drum Pad","sequence page 172","172","1471","1","page-specific JSX","src/pages/HeartbeatDrumPadPage.jsx","","0","2","6","bg-[ text-white text-rose-400 text-xs font-black text-rose-300 text-6xl rounded-[2rem] text-left border-rose-300","","interaction with low media","","HIGH","b95db05f5463","true","the day “Abhay” became “Abu” because you made it yours","a future postcard from the light-blue scooter road","You are the person behind every name Abu says with a softer voice.","Samjhana, my Fuchee, Abu made the Heartbeat Drum Pad room around the day “Abhay” became “Abu” because you made it yours. Read this slowly, Sanu. It was made for your exact heart.","This page is a soft place to land when your day is heavy. You are the person behind every name Abu says with a softer voice. This page is Abu’s a Bageshwori memory pressed between "
"109","/paper-airplane-messenger","PaperAirplaneMessengerPage","src/pages/PaperAirplaneMessengerPage.jsx","Paper Airplane Messenger","sequence page 84","84","69123","10","PaperAirplaneMessenger","src/pages/PaperAirplaneMessengerPage.jsx | src/components/PaperAirplaneMessenger.jsx | src/components/WorldShell.jsx | src/themes.js | src/components/AudioController.jsx | src/store/useAppStore.js | src/config.ts | src/data/roomSequence.js | src/utils/mediaUtils.js | src/utils/whatsappHelper.js","","30","75","45","from-pink-500 via-rose-500 to-red-500 from-amber-400 via-yellow-400 to-amber-600 from-pink-300 via-pink-400 to-rose-400 from-indigo-500","","","","LOW","d7d723953f07","true","Water Park laughter and the day moving too quickly","a tiny cinema ticket for one moment Abu would replay","Your “huss” can make a long day feel close again.","Samjhana, my Sanzu, Abu made the Paper Airplane Messenger room around Water Park laughter and the day moving too quickly. Read this slowly, Sanu. It was made for your exact heart.","This page is a soft place to land when your day is heavy. Your “huss” can make a long day feel close again. This page is Abu’s a private letter from Abu for Bhuntu."
"110","/emoji-art-canvas","EmojiArtCanvasPage","src/pages/EmojiArtCanvasPage.jsx","Our Story in Small Symbols","sequence page 124","124","1884","1","page-specific JSX","src/pages/EmojiArtCanvasPage.jsx","","0","4","5","bg-[ text-[ text-pink-600 text-xs font-black text-6xl rounded-[2rem] bg-white shadow-xl rounded-2xl","","interaction with low media","","MEDIUM","1607d51a3ab1","true","the day “Abhay” became “Abu” because you made it yours","a tiny cinema ticket for one moment Abu would replay","You are the person behind every name Abu says with a softer voice.","Samjhana, my Babe, Abu made the Emoji Art Canvas room around the day “Abhay” became “Abu” because you made it yours. Read this slowly, Sanu. It was made for your exact heart.","This page is a soft place to land when your day is heavy. You are the person behind every name Abu says with a softer voice. This page is Abu’s a private letter from Abu for Runchi"
"111","/magic-8-ball-love","Magic8BallLovePage","src/pages/Magic8BallLovePage.jsx","Magic 8 Ball Love","sequence page 85","85","63084","10","Magic8BallLove","src/pages/Magic8BallLovePage.jsx | src/components/Magic8BallLove.jsx | src/components/WorldShell.jsx | src/themes.js | src/components/AudioController.jsx | src/store/useAppStore.js | src/config.ts | src/data/roomSequence.js | src/utils/mediaUtils.js | src/utils/whatsappHelper.js","","27","67","44","text-purple-400 text-xs font-bold text-violet-300 text-pink-400 rounded-full bg-white/10 bg-white/20 text-violet-200 border-violet-400/30","","","","LOW","ba401a854bba","true","the way you can be Sanzu, Bhuntu, Sanu, Babe, or Runchi and still be home","a bouquet of words for your soft days","You make Abu want to become gentler, steadier, and more worthy of your trust.","Samjhana, my Samjhana, Abu made the Magic 8 Ball Love room around the way you can be Sanzu, Bhuntu, Sanu, Babe, or Runchi and still be home. The gift inside is not expensive; it is","This is a reminder that you are loved in the details. You make Abu want to become gentler, steadier, and more worthy of your trust. This page is Abu’s a future postcard from the li"
"112","/love-lock-bridge","LoveLockBridgePage","src/pages/LoveLockBridgePage.jsx","Love Lock Bridge","sequence page 86","86","65160","10","LoveLockBridge","src/pages/LoveLockBridgePage.jsx | src/components/LoveLockBridge.jsx | src/components/WorldShell.jsx | src/themes.js | src/components/AudioController.jsx | src/store/useAppStore.js | src/config.ts | src/data/roomSequence.js | src/utils/mediaUtils.js | src/utils/whatsappHelper.js","","28","67","46","from-amber-400 via-yellow-400 to-amber-600 text-amber-950 border-yellow-200 from-pink-400 via-rose-400 to-pink-600 text-rose-950 border-pink-200","","","","LOW","0ae595348bfd","true","the dream of Pokhara, Manang, and Mustang waiting for us","a small surprise box with one true thing inside","You are beautiful in the moments you never think to pose for.","Samjhana, my Bebo, Abu made the Love Lock Bridge room around the dream of Pokhara, Manang, and Mustang waiting for us. Keep this for the next time distance feels loud.","Read this slowly, Sanu. It was made for your exact heart. You are beautiful in the moments you never think to pose for. This page is Abu’s a birthday blessing written in Abu’s hand"
"113","/secret-language","SecretLanguagePage","src/pages/SecretLanguagePage.jsx","The Secret Language of Us","registered but not in sequence","","321529","4","page-specific JSX","src/pages/SecretLanguagePage.jsx | src/utils/mediaUtils.js | src/data/pageGiftData.js | src/data/pageNames.js","","32","6","4137","bg-[ text-[ text-xs font-black text-fuchsia-200/65 text-6xl text-8xl text-lg text-fuchsia-100/65 rounded-[2rem]","","","","LOW","dd3b122e3f9c","true","dropping you at the Language Institute before Japan","a promise folded into a keepsake card","Your moods, your laugh, your quiet, and your Bhoot moments all belong to the girl Abu loves.","Samjhana, my Bhuntu, Abu made the The Secret Language of Us room around dropping you at the Language Institute before Japan. This page is a soft place to land when your day is heav","A small surprise: Abu remembers more than he says. Your moods, your laugh, your quiet, and your Bhoot moments all belong to the girl Abu loves. This page is Abu’s a compliment save"
"114","/cloud-skywriter","CloudSkywriterPage","src/pages/CloudSkywriterPage.jsx","Cloud Skywriter","sequence page 87","87","64321","10","CloudSkywriter","src/pages/CloudSkywriterPage.jsx | src/components/CloudSkywriter.jsx | src/components/WorldShell.jsx | src/themes.js | src/components/AudioController.jsx | src/store/useAppStore.js | src/config.ts | src/data/roomSequence.js | src/utils/mediaUtils.js | src/utils/whatsappHelper.js","","29","69","41","text-sky-300 rounded-3xl bg-gradient-to-b from-purple-950 via-rose-900 to-amber-700 border-4 border-amber-300/80 shadow-2xl rounded-full","","","","LOW","88f6c14b48af","true","the future light-blue scooter ride toward Bardiya","a voice-note moment for the nights you miss home","Your voice can cross the Nepalgunj-to-Sakai distance faster than any flight.","Samjhana, my Fuchee, Abu made the Cloud Skywriter room around the future light-blue scooter ride toward Bardiya. The secret is simple: Abu would still choose you in every version o","The gift inside is not expensive; it is specific to you. Your voice can cross the Nepalgunj-to-Sakai distance faster than any flight. This page is Abu’s a small surprise box with o"
"115","/love-thermometer","LoveThermometerPage","src/pages/LoveThermometerPage.jsx","Love Thermometer","sequence page 88","88","62740","10","LoveThermometer","src/pages/LoveThermometerPage.jsx | src/components/LoveThermometer.jsx | src/components/WorldShell.jsx | src/themes.js | src/components/AudioController.jsx | src/store/useAppStore.js | src/config.ts | src/data/roomSequence.js | src/utils/mediaUtils.js | src/utils/whatsappHelper.js","","27","68","36","from-sky-400 via-cyan-400 to-blue-500 from-amber-400 via-orange-500 to-rose-500 from-rose-500 via-red-500 to-amber-400 text-rose-500","","","","LOW","cfdc7f2acb3b","true","late-night video calls between Nepalgunj and Sakai, Osaka","a memory ribbon tied to your favourite name","You make ordinary food, ordinary calls, and ordinary rooms feel like memories.","Samjhana, my Fuchee, Abu made the Love Thermometer room around late-night video calls between Nepalgunj and Sakai, Osaka. The secret is simple: Abu would still choose you in every ","The gift inside is not expensive; it is specific to you. You make ordinary food, ordinary calls, and ordinary rooms feel like memories. This page is Abu’s a soft landing place for "
"116","/movie-ticket-creator","MovieTicketCreatorPage","src/pages/MovieTicketCreatorPage.jsx","Movie Ticket Creator","sequence page 89","89","63084","10","MovieTicketCreator","src/pages/MovieTicketCreatorPage.jsx | src/components/MovieTicketCreator.jsx | src/components/WorldShell.jsx | src/themes.js | src/components/AudioController.jsx | src/store/useAppStore.js | src/config.ts | src/data/roomSequence.js | src/utils/mediaUtils.js | src/utils/whatsappHelper.js","","28","66","47","text-amber-400 rounded-3xl bg-white border-2 border-amber-300 shadow-2xl text-sm font-extrabold font-nepali text-gray-800","","","","LOW","795f41fdca8f","true","the room-search conversation that started in Nepalgunj","a Sakai-to-Nepalgunj distance token","You are the best part of every future Abu imagines.","Samjhana, my Bhuntu, Abu made the Movie Ticket Creator room around the room-search conversation that started in Nepalgunj. A small surprise: Abu remembers more than he says.","Keep this for the next time distance feels loud. You are the best part of every future Abu imagines. This page is Abu’s a memory ribbon tied to your favourite name for Sanu."
"117","/snow-globe-shaker","SnowGlobeShakerPage","src/pages/SnowGlobeShakerPage.jsx","Snow Globe Shaker","sequence page 90","90","58814","10","SnowGlobeShaker","src/pages/SnowGlobeShakerPage.jsx | src/components/SnowGlobeShaker.jsx | src/components/WorldShell.jsx | src/themes.js | src/components/AudioController.jsx | src/store/useAppStore.js | src/config.ts | src/data/roomSequence.js | src/utils/mediaUtils.js | src/utils/whatsappHelper.js","","27","63","44","text-sky-400 text-center rounded-full bg-gradient-to-br from-sky-400/30 via-purple-500/20 to-indigo-900/40 border-4 border-sky-300/70 shadow-[0_0_50px_rgba","","","","LOW","39785ca570e6","true","dropping you at the Language Institute before Japan","a Sakai-to-Nepalgunj distance token","Your moods, your laugh, your quiet, and your Bhoot moments all belong to the girl Abu loves.","Samjhana, my Bebo, Abu made the Snow Globe Shaker room around dropping you at the Language Institute before Japan. A small surprise: Abu remembers more than he says.","Keep this for the next time distance feels loud. Your moods, your laugh, your quiet, and your Bhoot moments all belong to the girl Abu loves. This page is Abu’s a memory ribbon tie"
"118","/wish-dandelion","WishDandelionPage","src/pages/WishDandelionPage.jsx","Wish Dandelion","sequence page 91","91","63053","10","WishDandelion","src/pages/WishDandelionPage.jsx | src/components/WishDandelion.jsx | src/components/WorldShell.jsx | src/themes.js | src/components/AudioController.jsx | src/store/useAppStore.js | src/config.ts | src/data/roomSequence.js | src/utils/mediaUtils.js | src/utils/whatsappHelper.js","","29","72","43","text-lime-400 rounded-3xl bg-gradient-to-b from-sky-950 via-teal-950 to-emerald-950 border-4 border-lime-400/60 shadow-2xl text-xl","","","","LOW","68d7ba4ae64f","true","Chau-Chau, Panipuri, momo, and the foods that became our language","a memory ribbon tied to your favourite name","Your kindness is one of the reasons Abu keeps choosing you.","Samjhana, my Runchi, Abu made the Wish Dandelion room around Chau-Chau, Panipuri, momo, and the foods that became our language. The secret is simple: Abu would still choose you in ","The gift inside is not expensive; it is specific to you. Your kindness is one of the reasons Abu keeps choosing you. This page is Abu’s a soft landing place for a difficult day for"
"119","/pixel-heart-painter","PixelHeartPainterPage","src/pages/PixelHeartPainterPage.jsx","Pixel Heart Painter","registered but not in sequence","","62519","10","PixelHeartPainter","src/pages/PixelHeartPainterPage.jsx | src/components/PixelHeartPainter.jsx | src/components/WorldShell.jsx | src/themes.js | src/components/AudioController.jsx | src/store/useAppStore.js | src/config.ts | src/data/roomSequence.js | src/utils/mediaUtils.js | src/utils/whatsappHelper.js","","28","64","38","text-pink-400 rounded-3xl bg-slate-900 border-2 border-pink-400/50 shadow-xl text-center text-xs font-mono text-gray-300","","","","LOW","4e5ad180fc1c","true","dropping you at the Language Institute before Japan","a future postcard from the light-blue scooter road","Your moods, your laugh, your quiet, and your Bhoot moments all belong to the girl Abu loves.","Samjhana, my Sanu, Abu made the Pixel Heart Painter room around dropping you at the Language Institute before Japan. Read this slowly, Sanu. It was made for your exact heart.","This page is a soft place to land when your day is heavy. Your moods, your laugh, your quiet, and your Bhoot moments all belong to the girl Abu loves. This page is Abu’s a Bageshwo"
"120","/romantic-charades","RomanticCharadesPage","src/pages/RomanticCharadesPage.jsx","Romantic Charades","sequence page 92","92","61021","10","RomanticCharades","src/pages/RomanticCharadesPage.jsx | src/components/RomanticCharades.jsx | src/components/WorldShell.jsx | src/themes.js | src/components/AudioController.jsx | src/store/useAppStore.js | src/config.ts | src/data/roomSequence.js | src/utils/mediaUtils.js | src/utils/whatsappHelper.js","","27","67","49","text-orange-400 text-center rounded-3xl bg-gradient-to-br from-orange-600 via-rose-600 to-purple-900 text-white shadow-2xl border-4","","","","LOW","df195c2f9f93","true","the future light-blue scooter ride toward Bardiya","a compliment saved for your next tired day","Your voice can cross the Nepalgunj-to-Sakai distance faster than any flight.","Samjhana, my Sanu, Abu made the Romantic Charades room around the future light-blue scooter ride toward Bardiya. Open this when you miss Abu.","The secret is simple: Abu would still choose you in every version of the story. Your voice can cross the Nepalgunj-to-Sakai distance faster than any flight. This page is Abu’s a Sa"
"121","/love-achievement-badges","LoveAchievementBadgesPage","src/pages/LoveAchievementBadgesPage.jsx","Love Achievement Badges","sequence page 93","93","60736","10","LoveAchievementBadges","src/pages/LoveAchievementBadgesPage.jsx | src/components/LoveAchievementBadges.jsx | src/components/WorldShell.jsx | src/themes.js | src/components/AudioController.jsx | src/store/useAppStore.js | src/config.ts | src/data/roomSequence.js | src/utils/mediaUtils.js | src/utils/whatsappHelper.js","","27","61","37","text-amber-400 text-center rounded-3xl bg-slate-900 border-2 border-amber-400/60 shadow-2xl text-white text-xs font-mono","","","","LOW","861c6fc10c21","true","the dream of Pokhara, Manang, and Mustang waiting for us","a promise folded into a keepsake card","You are beautiful in the moments you never think to pose for.","Samjhana, my Bhuntu, Abu made the Love Achievement Badges room around the dream of Pokhara, Manang, and Mustang waiting for us. This page is a soft place to land when your day is h","A small surprise: Abu remembers more than he says. You are beautiful in the moments you never think to pose for. This page is Abu’s a compliment saved for your next tired day for S"
"122","/enchanted-rose-garden","EnchantedRoseGardenPage","src/pages/EnchantedRoseGardenPage.jsx","Enchanted Rose Garden","sequence page 94","94","62339","10","EnchantedRoseGarden","src/pages/EnchantedRoseGardenPage.jsx | src/components/EnchantedRoseGarden.jsx | src/components/WorldShell.jsx | src/themes.js | src/components/AudioController.jsx | src/store/useAppStore.js | src/config.ts | src/data/roomSequence.js | src/utils/mediaUtils.js | src/utils/whatsappHelper.js","","27","66","37","border-rose-400 bg-rose-50 border-pink-400 bg-pink-50 border-amber-400 bg-amber-50 border-cyan-400 bg-cyan-50 text-rose-500 text-center","","","","LOW","676c2284c099","true","dropping you at the Language Institute before Japan","a small surprise box with one true thing inside","Your moods, your laugh, your quiet, and your Bhoot moments all belong to the girl Abu loves.","Samjhana, my Sanu, Abu made the Enchanted Rose Garden room around dropping you at the Language Institute before Japan. Keep this for the next time distance feels loud.","Read this slowly, Sanu. It was made for your exact heart. Your moods, your laugh, your quiet, and your Bhoot moments all belong to the girl Abu loves. This page is Abu’s a birthday"
"123","/love-mad-libs","LoveMadLibsPage","src/pages/LoveMadLibsPage.jsx","Love Mad Libs","sequence page 95","95","59216","10","LoveMadLibs","src/pages/LoveMadLibsPage.jsx | src/components/LoveMadLibs.jsx | src/components/WorldShell.jsx | src/themes.js | src/components/AudioController.jsx | src/store/useAppStore.js | src/config.ts | src/data/roomSequence.js | src/utils/mediaUtils.js | src/utils/whatsappHelper.js","","27","61","40","text-pink-500 rounded-3xl bg-white border-2 border-pink-300 shadow-2xl text-sm font-extrabold font-nepali text-gray-800","","","","LOW","dbd6acf630d7","true","the room-search conversation that started in Nepalgunj","a soft landing place for a difficult day","You are the best part of every future Abu imagines.","Samjhana, my Bebo, Abu made the Love Mad Libs room around the room-search conversation that started in Nepalgunj. Keep this for the next time distance feels loud.","Read this slowly, Sanu. It was made for your exact heart. You are the best part of every future Abu imagines. This page is Abu’s a bouquet of words for your soft days for Fuchee."
"124","/love-butterfly-catcher","LoveButterflyCatcherPage","src/pages/LoveButterflyCatcherPage.jsx","Love Butterfly Catcher","sequence page 96","96","1606","1","page-specific JSX","src/pages/LoveButterflyCatcherPage.jsx","","0","2","8","bg-[ text-[ text-emerald-700 text-xs font-black text-6xl text-lg rounded-[2rem] border-2 text-left","","interaction with low media","","HIGH","0f74b8a725fc","true","Water Park laughter and the day moving too quickly","a future postcard from the light-blue scooter road","Your “huss” can make a long day feel close again.","Samjhana, my Fuchee, Abu made the Love Butterfly Catcher room around Water Park laughter and the day moving too quickly. Read this slowly, Sanu. It was made for your exact heart.","This page is a soft place to land when your day is heavy. Your “huss” can make a long day feel close again. This page is Abu’s a Bageshwori memory pressed between two pages for Sam"
"125","/romantic-karaoke","RomanticKaraokePage","src/pages/RomanticKaraokePage.jsx","Romantic Karaoke","sequence page 97","97","1613","1","page-specific JSX","src/pages/RomanticKaraokePage.jsx","","0","2","8","bg-[ text-white text-fuchsia-300 text-xs font-black text-6xl rounded-[2rem] border-fuchsia-300 bg-fuchsia-300/15 border-white/15","","interaction with low media","","HIGH","862ab0112714","true","the way you can be Sanzu, Bhuntu, Sanu, Babe, or Runchi and still be home","a Bageshwori memory pressed between two pages","You make Abu want to become gentler, steadier, and more worthy of your trust.","Samjhana, my Babe, Abu made the Romantic Karaoke room around the way you can be Sanzu, Bhuntu, Sanu, Babe, or Runchi and still be home. This is a reminder that you are loved in the","Open this when you miss Abu. You make Abu want to become gentler, steadier, and more worthy of your trust. This page is Abu’s a quiet “open when” note for your pocket for Runchi."
"126","/love-mirror-oracle","LoveMirrorOraclePage","src/pages/LoveMirrorOraclePage.jsx","Love Mirror Oracle","sequence page 98","98","58738","10","LoveMirrorOracle","src/pages/LoveMirrorOraclePage.jsx | src/components/LoveMirrorOracle.jsx | src/components/WorldShell.jsx | src/themes.js | src/components/AudioController.jsx | src/store/useAppStore.js | src/config.ts | src/data/roomSequence.js | src/utils/mediaUtils.js | src/utils/whatsappHelper.js","","27","61","39","from-pink-500 to-rose-600 from-purple-500 to-violet-600 from-cyan-500 to-blue-600 from-amber-500 to-orange-600 from-rose-500 to-pink-600","","","","LOW","f9db9cf8901a","true","dropping you at the Language Institute before Japan","a soft landing place for a difficult day","Your moods, your laugh, your quiet, and your Bhoot moments all belong to the girl Abu loves.","Samjhana, my Sanzu, Abu made the Love Mirror Oracle room around dropping you at the Language Institute before Japan. Keep this for the next time distance feels loud.","Read this slowly, Sanu. It was made for your exact heart. Your moods, your laugh, your quiet, and your Bhoot moments all belong to the girl Abu loves. This page is Abu’s a bouquet "
"127","/origami-crane","OrigamiCranePage","src/pages/OrigamiCranePage.jsx","Origami Crane","sequence page 99","99","60408","10","OrigamiCrane","src/pages/OrigamiCranePage.jsx | src/components/OrigamiCrane.jsx | src/components/WorldShell.jsx | src/themes.js | src/components/AudioController.jsx | src/store/useAppStore.js | src/config.ts | src/data/roomSequence.js | src/utils/mediaUtils.js | src/utils/whatsappHelper.js","","27","65","37","from-pink-400 to-rose-500 text-pink-950 from-amber-400 to-yellow-500 text-amber-950 from-cyan-400 to-blue-600 text-blue-950 from-emerald-400","","","","LOW","45422a8c3143","true","the future light-blue scooter ride toward Bardiya","a compliment saved for your next tired day","Your voice can cross the Nepalgunj-to-Sakai distance faster than any flight.","Samjhana, my Sanu, Abu made the Origami Crane room around the future light-blue scooter ride toward Bardiya. Open this when you miss Abu.","The secret is simple: Abu would still choose you in every version of the story. Your voice can cross the Nepalgunj-to-Sakai distance faster than any flight. This page is Abu’s a Sa"
"128","/star-drawer","StarDrawerPage","src/pages/StarDrawerPage.jsx","Star Drawer","sequence page 100","100","59975","10","StarDrawer","src/pages/StarDrawerPage.jsx | src/components/StarDrawer.jsx | src/components/WorldShell.jsx | src/themes.js | src/components/AudioController.jsx | src/store/useAppStore.js | src/config.ts | src/data/roomSequence.js | src/utils/mediaUtils.js | src/utils/whatsappHelper.js","","27","63","43","text-amber-300 text-center rounded-3xl bg-gradient-to-br from-slate-950 via-indigo-950 to-purple-950 border-4 border-pink-400/60 shadow-2xl","","","","LOW","d63c2d549b5b","true","Chau-Chau, Panipuri, momo, and the foods that became our language","a Bageshwori memory pressed between two pages","Your kindness is one of the reasons Abu keeps choosing you.","Samjhana, my Sanzu, Abu made the Star Drawer room around Chau-Chau, Panipuri, momo, and the foods that became our language. This is a reminder that you are loved in the details.","Open this when you miss Abu. Your kindness is one of the reasons Abu keeps choosing you. This page is Abu’s a quiet “open when” note for your pocket for Bhuntu."
"129","/birthday-wish-letter","BirthdayWishLetterPage","src/pages/BirthdayWishLetterPage.jsx","A Sealed Birthday Letter from Abu","sequence page 101","101","321306","4","page-specific JSX","src/pages/BirthdayWishLetterPage.jsx | src/utils/mediaUtils.js | src/data/pageGiftData.js | src/data/pageNames.js","","32","6","4132","bg-gradient-to-br from-[ via-[ to-[ text-[ text-center text-xs font-black text-rose-500 text-6xl","","","","LOW","7f628fc45f0f","true","the way you can be Sanzu, Bhuntu, Sanu, Babe, or Runchi and still be home","a compliment saved for your next tired day","You make Abu want to become gentler, steadier, and more worthy of your trust.","Samjhana, my Samjhana, Abu made the Birthday Wish Letter room around the way you can be Sanzu, Bhuntu, Sanu, Babe, or Runchi and still be home. Open this when you miss Abu.","The secret is simple: Abu would still choose you in every version of the story. You make Abu want to become gentler, steadier, and more worthy of your trust. This page is Abu’s a S"
"130","/bubble-wrap","BubbleWrapPage","src/pages/BubbleWrapPage.jsx","Bubble Wrap","sequence page 102","102","57207","10","BubbleWrap","src/pages/BubbleWrapPage.jsx | src/components/BubbleWrap.jsx | src/components/WorldShell.jsx | src/themes.js | src/components/AudioController.jsx | src/store/useAppStore.js | src/config.ts | src/data/roomSequence.js | src/utils/mediaUtils.js | src/utils/whatsappHelper.js","","27","57","37","text-pink-400 text-center rounded-3xl bg-slate-900 border-2 border-pink-400/50 shadow-xl text-xs font-mono text-gray-300","","","","LOW","751c63f6fab6","true","the future light-blue scooter ride toward Bardiya","a memory ribbon tied to your favourite name","Your voice can cross the Nepalgunj-to-Sakai distance faster than any flight.","Samjhana, my Bebo, Abu made the Bubble Wrap room around the future light-blue scooter ride toward Bardiya. The secret is simple: Abu would still choose you in every version of the ","The gift inside is not expensive; it is specific to you. Your voice can cross the Nepalgunj-to-Sakai distance faster than any flight. This page is Abu’s a soft landing place for a "
"131","/scratch-memory","ScratchMemoryPage","src/pages/ScratchMemoryPage.jsx","Scratch Memory","registered but not in sequence","","59876","10","ScratchMemory","src/pages/ScratchMemoryPage.jsx | src/components/ScratchMemory.jsx | src/components/WorldShell.jsx | src/themes.js | src/components/AudioController.jsx | src/store/useAppStore.js | src/config.ts | src/data/roomSequence.js | src/utils/mediaUtils.js | src/utils/whatsappHelper.js","","28","60","39","text-amber-400 text-center rounded-3xl border-2 shadow-lg bg-slate-900 border-amber-400 text-white bg-gradient-to-br from-amber-300","","","","LOW","b931332f1076","true","the future light-blue scooter ride toward Bardiya","a memory ribbon tied to your favourite name","Your voice can cross the Nepalgunj-to-Sakai distance faster than any flight.","Samjhana, my Samjhana, Abu made the Scratch Memory room around the future light-blue scooter ride toward Bardiya. The secret is simple: Abu would still choose you in every version ","The gift inside is not expensive; it is specific to you. Your voice can cross the Nepalgunj-to-Sakai distance faster than any flight. This page is Abu’s a soft landing place for a "
"132","/quiz-duel","QuizDuelPage","src/pages/QuizDuelPage.jsx","Two Hearts, One Story","registered but not in sequence","","60065","10","QuizDuel","src/pages/QuizDuelPage.jsx | src/components/QuizDuel.jsx | src/components/WorldShell.jsx | src/themes.js | src/components/AudioController.jsx | src/store/useAppStore.js | src/config.ts | src/data/roomSequence.js | src/utils/mediaUtils.js | src/utils/whatsappHelper.js","","27","68","43","text-rose-400 text-center rounded-3xl bg-gradient-to-br from-slate-950 via-purple-950 to-indigo-950 border-4 border-rose-400/60 shadow-2xl","","","","LOW","e0850ba6979a","true","Chau-Chau, Panipuri, momo, and the foods that became our language","a promise map for the places we still want to see","Your kindness is one of the reasons Abu keeps choosing you.","Samjhana, my Bhuntu, Abu made the Quiz Duel room around Chau-Chau, Panipuri, momo, and the foods that became our language. Open this when you miss Abu.","The secret is simple: Abu would still choose you in every version of the story. Your kindness is one of the reasons Abu keeps choosing you. This page is Abu’s a tiny memory ticket "
"133","/love-aquarium","LoveAquariumPage","src/pages/LoveAquariumPage.jsx","Love Aquarium","sequence page 103","103","60117","10","LoveAquarium","src/pages/LoveAquariumPage.jsx | src/components/LoveAquarium.jsx | src/components/WorldShell.jsx | src/themes.js | src/components/AudioController.jsx | src/store/useAppStore.js | src/config.ts | src/data/roomSequence.js | src/utils/mediaUtils.js | src/utils/whatsappHelper.js","","27","62","38","text-cyan-400 text-center rounded-3xl bg-gradient-to-b from-sky-950 via-cyan-950 to-blue-950 border-4 border-cyan-400/60 shadow-2xl","","","","LOW","40b2031ba779","true","late-night video calls between Nepalgunj and Sakai, Osaka","a Bageshwori memory pressed between two pages","You make ordinary food, ordinary calls, and ordinary rooms feel like memories.","Samjhana, my Samjhana, Abu made the Love Aquarium room around late-night video calls between Nepalgunj and Sakai, Osaka. This is a reminder that you are loved in the details.","Open this when you miss Abu. You make ordinary food, ordinary calls, and ordinary rooms feel like memories. This page is Abu’s a quiet “open when” note for your pocket for Sanzu."
"134","/photo-puzzle-3d","PhotoPuzzle3DPage","src/pages/PhotoPuzzle3DPage.jsx","Photo Puzzle 3d","sequence page 104","104","12095","2","page-specific JSX","src/pages/PhotoPuzzle3DPage.jsx | src/utils/mediaUtils.js","","31","6","8","bg-[ text-white text-violet-300 text-xs font-black text-6xl text-lg text-white/65 rounded-[2rem] border-violet-200/20","","","","LOW","ed109f77e7e2","true","the day “Abhay” became “Abu” because you made it yours","a promise folded into a keepsake card","You are the person behind every name Abu says with a softer voice.","Samjhana, my Bhuntu, Abu made the Photo Puzzle 3d room around the day “Abhay” became “Abu” because you made it yours. This page is a soft place to land when your day is heavy.","A small surprise: Abu remembers more than he says. You are the person behind every name Abu says with a softer voice. This page is Abu’s a compliment saved for your next tired day "
"135","/coupon-vault","CouponVaultPage","src/pages/CouponVaultPage.jsx","Coupon Vault","sequence page 105","105","57132","10","CouponVault","src/pages/CouponVaultPage.jsx | src/components/CouponVault.jsx | src/components/WorldShell.jsx | src/themes.js | src/components/AudioController.jsx | src/store/useAppStore.js | src/config.ts | src/data/roomSequence.js | src/utils/mediaUtils.js | src/utils/whatsappHelper.js","","27","54","38","text-amber-400 text-center rounded-3xl bg-slate-950 text-white border-4 border-amber-400 shadow-2xl rounded-full bg-slate-900","","","","LOW","33fa73ba1e67","true","late-night video calls between Nepalgunj and Sakai, Osaka","a voice-note moment for the nights you miss home","You make ordinary food, ordinary calls, and ordinary rooms feel like memories.","Samjhana, my Bebo, Abu made the Coupon Vault room around late-night video calls between Nepalgunj and Sakai, Osaka. The secret is simple: Abu would still choose you in every versio","The gift inside is not expensive; it is specific to you. You make ordinary food, ordinary calls, and ordinary rooms feel like memories. This page is Abu’s a small surprise box with"
"136","/heart-mailbox","HeartMailboxPage","src/pages/HeartMailboxPage.jsx","Heart Mailbox","sequence page 106","106","59557","10","HeartMailbox","src/pages/HeartMailboxPage.jsx | src/components/HeartMailbox.jsx | src/components/WorldShell.jsx | src/themes.js | src/components/AudioController.jsx | src/store/useAppStore.js | src/config.ts | src/data/roomSequence.js | src/utils/mediaUtils.js | src/utils/whatsappHelper.js","","27","67","36","text-rose-400 text-center bg-gradient-to-b from-red-600 to-rose-700 rounded-t-full border-4 border-rose-800 shadow-2xl bg-rose-950","","","","LOW","31989da1e686","true","Chau-Chau, Panipuri, momo, and the foods that became our language","a bouquet of words for your soft days","Your kindness is one of the reasons Abu keeps choosing you.","Samjhana, my Runchi, Abu made the Heart Mailbox room around Chau-Chau, Panipuri, momo, and the foods that became our language. The gift inside is not expensive; it is specific to y","This is a reminder that you are loved in the details. Your kindness is one of the reasons Abu keeps choosing you. This page is Abu’s a future postcard from the light-blue scooter r"
"137","/star-projector","StarProjectorPage","src/pages/StarProjectorPage.jsx","Star Projector","sequence page 107","107","57525","10","StarProjector","src/pages/StarProjectorPage.jsx | src/components/StarProjector.jsx | src/components/WorldShell.jsx | src/themes.js | src/components/AudioController.jsx | src/store/useAppStore.js | src/config.ts | src/data/roomSequence.js | src/utils/mediaUtils.js | src/utils/whatsappHelper.js","","27","54","39","from-pink-500/40 via-purple-600/30 to-indigo-950 from-amber-400/40 via-yellow-500/30 to-slate-950 from-cyan-400/40 via-blue-600/30 from-emerald-400/40 via-teal-600/30","","","","LOW","b2072ab110b7","true","late-night video calls between Nepalgunj and Sakai, Osaka","a Bageshwori memory pressed between two pages","You make ordinary food, ordinary calls, and ordinary rooms feel like memories.","Samjhana, my Bebo, Abu made the Star Projector room around late-night video calls between Nepalgunj and Sakai, Osaka. This is a reminder that you are loved in the details.","Open this when you miss Abu. You make ordinary food, ordinary calls, and ordinary rooms feel like memories. This page is Abu’s a quiet “open when” note for your pocket for Fuchee."
"138","/cupcake-decorator","CupcakeDecoratorPage","src/pages/CupcakeDecoratorPage.jsx","Cupcake Decorator","sequence page 108","108","59179","10","CupcakeDecorator","src/pages/CupcakeDecoratorPage.jsx | src/components/CupcakeDecorator.jsx | src/components/WorldShell.jsx | src/themes.js | src/components/AudioController.jsx | src/store/useAppStore.js | src/config.ts | src/data/roomSequence.js | src/utils/mediaUtils.js | src/utils/whatsappHelper.js","","27","58","39","from-pink-400 to-rose-500 text-pink-950 from-amber-700 to-amber-900 text-amber-100 from-amber-300 to-yellow-400 text-amber-950 from-cyan-400","","","","LOW","ebb3c068c7c4","true","the way you can be Sanzu, Bhuntu, Sanu, Babe, or Runchi and still be home","a bouquet of words for your soft days","You make Abu want to become gentler, steadier, and more worthy of your trust.","Samjhana, my Bhoot, Abu made the Cupcake Decorator room around the way you can be Sanzu, Bhuntu, Sanu, Babe, or Runchi and still be home. The gift inside is not expensive; it is sp","This is a reminder that you are loved in the details. You make Abu want to become gentler, steadier, and more worthy of your trust. This page is Abu’s a future postcard from the li"
"139","/magnetic-poetry","MagneticPoetryPage","src/pages/MagneticPoetryPage.jsx","Magnetic Poetry","sequence page 109","109","57920","10","MagneticPoetry","src/pages/MagneticPoetryPage.jsx | src/components/MagneticPoetry.jsx | src/components/WorldShell.jsx | src/themes.js | src/components/AudioController.jsx | src/store/useAppStore.js | src/config.ts | src/data/roomSequence.js | src/utils/mediaUtils.js | src/utils/whatsappHelper.js","","27","60","40","text-pink-400 text-center rounded-3xl bg-slate-900 border-4 border-amber-300/80 shadow-2xl bg-slate-950/60 text-pink-200 text-xs","","","","LOW","60283b7c8dae","true","the way you can be Sanzu, Bhuntu, Sanu, Babe, or Runchi and still be home","a memory ribbon tied to your favourite name","You make Abu want to become gentler, steadier, and more worthy of your trust.","Samjhana, my Samjhana, Abu made the Magnetic Poetry room around the way you can be Sanzu, Bhuntu, Sanu, Babe, or Runchi and still be home. The secret is simple: Abu would still cho","The gift inside is not expensive; it is specific to you. You make Abu want to become gentler, steadier, and more worthy of your trust. This page is Abu’s a soft landing place for a"
"140","/firework-maker","FireworkMakerPage","src/pages/FireworkMakerPage.jsx","Firework Maker","sequence page 110","110","2208","1","page-specific JSX","src/pages/FireworkMakerPage.jsx","","0","2","16","bg-[ text-[ text-rose-600 text-xs font-black text-6xl text-lg rounded-[2rem] border-2 text-left","","interaction with low media","","HIGH","4a1c2d65f9ed","true","Chau-Chau, Panipuri, momo, and the foods that became our language","a Bageshwori memory pressed between two pages","Your kindness is one of the reasons Abu keeps choosing you.","Samjhana, my Bhoot, Abu made the Firework Maker room around Chau-Chau, Panipuri, momo, and the foods that became our language. This is a reminder that you are loved in the details.","Open this when you miss Abu. Your kindness is one of the reasons Abu keeps choosing you. This page is Abu’s a quiet “open when” note for your pocket for Bebo."
"141","/love-clock","LoveClockPage","src/pages/LoveClockPage.jsx","Love Clock","sequence page 111","111","60381","10","LoveClock","src/pages/LoveClockPage.jsx | src/components/LoveClock.jsx | src/components/WorldShell.jsx | src/themes.js | src/store/useAppStore.js | src/config.ts | src/data/roomSequence.js | src/components/AudioController.jsx | src/utils/mediaUtils.js | src/utils/whatsappHelper.js","","27","66","40","text-pink-400 text-center rounded-full border-4 border-amber-300 shadow-2xl bg-black/40 bg-white/20 bg-white/30 text-white","","","","LOW","21ab236a3f78","true","Chau-Chau, Panipuri, momo, and the foods that became our language","a memory ribbon tied to your favourite name","Your kindness is one of the reasons Abu keeps choosing you.","Samjhana, my Samjhana, Abu made the Love Clock room around Chau-Chau, Panipuri, momo, and the foods that became our language. The secret is simple: Abu would still choose you in ev","The gift inside is not expensive; it is specific to you. Your kindness is one of the reasons Abu keeps choosing you. This page is Abu’s a soft landing place for a difficult day for"
"142","/polaroid-designer","PolaroidDesignerPage","src/pages/PolaroidDesignerPage.jsx","Polaroid Designer","sequence page 112","112","57308","10","PolaroidDesigner","src/pages/PolaroidDesignerPage.jsx | src/components/PolaroidDesigner.jsx | src/components/WorldShell.jsx | src/themes.js | src/components/AudioController.jsx | src/store/useAppStore.js | src/config.ts | src/data/roomSequence.js | src/utils/mediaUtils.js | src/utils/whatsappHelper.js","","27","57","39","text-rose-400 text-center bg-white rounded-3xl shadow-2xl border-4 border-gray-100 rounded-2xl border-2 border-gray-200","","","","LOW","da1eb398a240","true","the future light-blue scooter ride toward Bardiya","a memory ribbon tied to your favourite name","Your voice can cross the Nepalgunj-to-Sakai distance faster than any flight.","Samjhana, my Bebo, Abu made the Polaroid Designer room around the future light-blue scooter ride toward Bardiya. The secret is simple: Abu would still choose you in every version o","The gift inside is not expensive; it is specific to you. Your voice can cross the Nepalgunj-to-Sakai distance faster than any flight. This page is Abu’s a soft landing place for a "
"143","/origami-boat","OrigamiBoatPage","src/pages/OrigamiBoatPage.jsx","Origami Boat","sequence page 113","113","57067","10","OrigamiBoat","src/pages/OrigamiBoatPage.jsx | src/components/OrigamiBoat.jsx | src/components/WorldShell.jsx | src/themes.js | src/components/AudioController.jsx | src/store/useAppStore.js | src/config.ts | src/data/roomSequence.js | src/utils/mediaUtils.js | src/utils/whatsappHelper.js","","27","55","42","text-cyan-400 text-center rounded-3xl bg-gradient-to-b from-sky-950 via-cyan-950 to-blue-950 border-4 border-cyan-400/60 shadow-2xl","","","","LOW","85e12e4d5dca","true","the way you can be Sanzu, Bhuntu, Sanu, Babe, or Runchi and still be home","a birthday blessing written in Abu’s handwriting","You make Abu want to become gentler, steadier, and more worthy of your trust.","Samjhana, my Bhuntu, Abu made the Origami Boat room around the way you can be Sanzu, Bhuntu, Sanu, Babe, or Runchi and still be home. The gift inside is not expensive; it is specif","This is a reminder that you are loved in the details. You make Abu want to become gentler, steadier, and more worthy of your trust. This page is Abu’s a tiny cinema ticket for one "
"144","/candle-blower","CandleBlowerPage","src/pages/CandleBlowerPage.jsx","Candle Blower","sequence page 114","114","57746","10","CandleBlower","src/pages/CandleBlowerPage.jsx | src/components/CandleBlower.jsx | src/components/WorldShell.jsx | src/themes.js | src/components/AudioController.jsx | src/store/useAppStore.js | src/config.ts | src/data/roomSequence.js | src/utils/mediaUtils.js | src/utils/whatsappHelper.js","","27","58","40","text-pink-400 text-center rounded-3xl bg-slate-950 border-4 border-amber-400/60 shadow-2xl text-3xl shadow-[0_0_12px_rgba text-sm","","","","LOW","dd01368637ff","true","Chau-Chau, Panipuri, momo, and the foods that became our language","a promise map for the places we still want to see","Your kindness is one of the reasons Abu keeps choosing you.","Samjhana, my Fuchee, Abu made the Candle Blower room around Chau-Chau, Panipuri, momo, and the foods that became our language. Open this when you miss Abu.","The secret is simple: Abu would still choose you in every version of the story. Your kindness is one of the reasons Abu keeps choosing you. This page is Abu’s a tiny memory ticket "
"145","/royal-crown","RoyalCrownPage","src/pages/RoyalCrownPage.jsx","Royal Crown","sequence page 115","115","56939","10","RoyalCrown","src/pages/RoyalCrownPage.jsx | src/components/RoyalCrown.jsx | src/components/WorldShell.jsx | src/themes.js | src/components/AudioController.jsx | src/store/useAppStore.js | src/config.ts | src/data/roomSequence.js | src/utils/mediaUtils.js | src/utils/whatsappHelper.js","","27","57","46","text-amber-400 text-center rounded-3xl bg-gradient-to-b from-amber-400 via-yellow-500 to-amber-600 border-4 border-white shadow-2xl","","","","LOW","041aee029a64","true","late-night video calls between Nepalgunj and Sakai, Osaka","a private letter from Abu","You make ordinary food, ordinary calls, and ordinary rooms feel like memories.","Samjhana, my Fuchee, Abu made the Royal Crown room around late-night video calls between Nepalgunj and Sakai, Osaka. This is a reminder that you are loved in the details.","Open this when you miss Abu. You make ordinary food, ordinary calls, and ordinary rooms feel like memories. This page is Abu’s a promise folded into a keepsake card for Samjhana."
"146","/potion-brewery","LovePotionBreweryPage","src/pages/LovePotionBreweryPage.jsx","Potion Brewery","sequence page 116","116","3553","2","LovePotionBrewery","src/pages/LovePotionBreweryPage.jsx | src/components/LovePotionBrewery.jsx","","0","4","2","","","","","MEDIUM","a22ebb6eebb4","true","the way you can be Sanzu, Bhuntu, Sanu, Babe, or Runchi and still be home","a bouquet of words for your soft days","You make Abu want to become gentler, steadier, and more worthy of your trust.","Samjhana, my Bhuntu, Abu made the Potion Brewery room around the way you can be Sanzu, Bhuntu, Sanu, Babe, or Runchi and still be home. The gift inside is not expensive; it is spec","This is a reminder that you are loved in the details. You make Abu want to become gentler, steadier, and more worthy of your trust. This page is Abu’s a future postcard from the li"
"147","/love-compass","LoveCompassPage","src/pages/LoveCompassPage.jsx","Love Compass","sequence page 117","117","58365","10","LoveCompass","src/pages/LoveCompassPage.jsx | src/components/LoveCompass.jsx | src/components/WorldShell.jsx | src/themes.js | src/components/AudioController.jsx | src/store/useAppStore.js | src/config.ts | src/data/roomSequence.js | src/utils/mediaUtils.js | src/utils/whatsappHelper.js","","27","60","42","text-pink-400 text-center rounded-full bg-white border-pink-200 shadow-sm text-xs font-bold text-rose-500 text-gray-700","","","","LOW","13d97c2d30da","true","Bageshwori Temple and the prayers we carried home","a voice-note moment for the nights you miss home","Your smile makes Abu forget what he was worried about.","Samjhana, my Babe, Abu made the Love Compass room around Bageshwori Temple and the prayers we carried home. The secret is simple: Abu would still choose you in every version of the","The gift inside is not expensive; it is specific to you. Your smile makes Abu forget what he was worried about. This page is Abu’s a small surprise box with one true thing inside f"
"148","/word-jumble","RomanceWordJumblePage","src/pages/RomanceWordJumblePage.jsx","Words Abu Saves for Samjhana","registered but not in sequence","","57951","10","RomanceWordJumble","src/pages/RomanceWordJumblePage.jsx | src/components/RomanceWordJumble.jsx | src/components/WorldShell.jsx | src/themes.js | src/components/AudioController.jsx | src/store/useAppStore.js | src/config.ts | src/data/roomSequence.js | src/utils/mediaUtils.js | src/utils/whatsappHelper.js","","27","60","44","text-pink-400 text-center rounded-3xl bg-slate-950 border-4 border-pink-400/60 shadow-2xl text-xs font-mono text-pink-300","","","","LOW","d247fa177452","true","Water Park laughter and the day moving too quickly","a quiet “open when” note for your pocket","Your “huss” can make a long day feel close again.","Samjhana, my Samjhana, Abu made the Word Jumble room around Water Park laughter and the day moving too quickly. This page is a soft place to land when your day is heavy.","A small surprise: Abu remembers more than he says. Your “huss” can make a long day feel close again. This page is Abu’s a promise map for the places we still want to see for Sanzu."
"149","/time-capsule-2","BirthdayTimeCapsule2Page","src/pages/BirthdayTimeCapsule2Page.jsx","Time Capsule 2","sequence page 118","118","57006","10","BirthdayTimeCapsule2","src/pages/BirthdayTimeCapsule2Page.jsx | src/components/BirthdayTimeCapsule2.jsx | src/components/WorldShell.jsx | src/themes.js | src/components/AudioController.jsx | src/store/useAppStore.js | src/config.ts | src/data/roomSequence.js | src/utils/mediaUtils.js | src/utils/whatsappHelper.js","","27","57","40","text-purple-400 text-center rounded-3xl bg-slate-950 border-4 border-purple-400/60 shadow-2xl rounded-full bg-purple-900/60 border-2","","","","LOW","a7f2614e76cd","true","the way you can be Sanzu, Bhuntu, Sanu, Babe, or Runchi and still be home","a promise map for the places we still want to see","You make Abu want to become gentler, steadier, and more worthy of your trust.","Samjhana, my Fuchee, Abu made the Time Capsule 2 room around the way you can be Sanzu, Bhuntu, Sanu, Babe, or Runchi and still be home. Open this when you miss Abu.","The secret is simple: Abu would still choose you in every version of the story. You make Abu want to become gentler, steadier, and more worthy of your trust. This page is Abu’s a t"
"150","/love-compatibility-matrix","LoveCompatibilityMatrixPage","src/pages/LoveCompatibilityMatrixPage.jsx","Love Compatibility Matrix","sequence page 119","119","59634","10","LoveCompatibilityMatrix","src/pages/LoveCompatibilityMatrixPage.jsx | src/components/LoveCompatibilityMatrix.jsx | src/components/WorldShell.jsx | src/themes.js | src/components/AudioController.jsx | src/store/useAppStore.js | src/config.ts | src/data/roomSequence.js | src/utils/mediaUtils.js | src/utils/whatsappHelper.js","","27","61","47","text-pink-400 text-center rounded-3xl bg-slate-950 border-4 border-purple-400/60 shadow-2xl rounded-full bg-gradient-to-tr from-pink-500","","","","LOW","be3a2075b778","true","the day “Abhay” became “Abu” because you made it yours","a future postcard from the light-blue scooter road","You are the person behind every name Abu says with a softer voice.","Samjhana, my Sanu, Abu made the Love Compatibility Matrix room around the day “Abhay” became “Abu” because you made it yours. Read this slowly, Sanu. It was made for your exact hea","This page is a soft place to land when your day is heavy. You are the person behind every name Abu says with a softer voice. This page is Abu’s a Bageshwori memory pressed between "
"151","/future-house-builder","FutureHouseBuilderPage","src/pages/FutureHouseBuilderPage.jsx","Future House Builder","sequence page 120","120","60491","10","FutureHouseBuilder","src/pages/FutureHouseBuilderPage.jsx | src/components/FutureHouseBuilder.jsx | src/components/WorldShell.jsx | src/themes.js | src/components/AudioController.jsx | src/store/useAppStore.js | src/config.ts | src/data/roomSequence.js | src/utils/mediaUtils.js | src/utils/whatsappHelper.js","","27","58","45","text-amber-600 text-center rounded-3xl border-4 shadow-2xl text-left border-b border-amber-900/10 text-sm font-extrabold","","","","LOW","ecca9d91e1ce","true","dropping you at the Language Institute before Japan","a quiet “open when” note for your pocket","Your moods, your laugh, your quiet, and your Bhoot moments all belong to the girl Abu loves.","Samjhana, my Sanu, Abu made the Future House Builder room around dropping you at the Language Institute before Japan. This page is a soft place to land when your day is heavy.","A small surprise: Abu remembers more than he says. Your moods, your laugh, your quiet, and your Bhoot moments all belong to the girl Abu loves. This page is Abu’s a promise map for"
"152","/romantic-playlist-mixer","RomanticPlaylistMixerPage","src/pages/RomanticPlaylistMixerPage.jsx","Romantic Playlist Mixer","sequence page 121","121","56396","10","RomanticPlaylistMixer","src/pages/RomanticPlaylistMixerPage.jsx | src/components/RomanticPlaylistMixer.jsx | src/components/WorldShell.jsx | src/themes.js | src/components/AudioController.jsx | src/store/useAppStore.js | src/config.ts | src/data/roomSequence.js | src/utils/mediaUtils.js | src/utils/whatsappHelper.js","","27","54","44","text-pink-400 text-center rounded-3xl bg-slate-950 border-4 border-pink-400/60 shadow-2xl rounded-full bg-gradient-to-br from-gray-900","","","","LOW","54e581b84542","true","the room-search conversation that started in Nepalgunj","a tiny cinema ticket for one moment Abu would replay","You are the best part of every future Abu imagines.","Samjhana, my Fuchee, Abu made the Romantic Playlist Mixer room around the room-search conversation that started in Nepalgunj. Read this slowly, Sanu. It was made for your exact hea","This page is a soft place to land when your day is heavy. You are the best part of every future Abu imagines. This page is Abu’s a private letter from Abu for Samjhana."
"153","/sweet-promises-jar","SweetPromisesJarPage","src/pages/SweetPromisesJarPage.jsx","Sweet Promises Jar","sequence page 122","122","57397","10","SweetPromisesJar","src/pages/SweetPromisesJarPage.jsx | src/components/SweetPromisesJar.jsx | src/components/WorldShell.jsx | src/themes.js | src/components/AudioController.jsx | src/store/useAppStore.js | src/config.ts | src/data/roomSequence.js | src/utils/mediaUtils.js | src/utils/whatsappHelper.js","","27","58","40","text-rose-500 text-center rounded-3xl bg-slate-950 border-4 border-rose-400/60 shadow-2xl rounded-full bg-rose-900/40 border-2","","","","LOW","910a6d8395cd","true","the day “Abhay” became “Abu” because you made it yours","a tiny memory ticket from Nepalgunj","You are the person behind every name Abu says with a softer voice.","Samjhana, my Sanu, Abu made the Sweet Promises Jar room around the day “Abhay” became “Abu” because you made it yours. A small surprise: Abu remembers more than he says.","Keep this for the next time distance feels loud. You are the person behind every name Abu says with a softer voice. This page is Abu’s a voice-note moment for the nights you miss h"
"154","/love-languages-quiz","LoveLanguagesQuizPage","src/pages/LoveLanguagesQuizPage.jsx","Love Languages Quiz","sequence page 123","123","1608","1","page-specific JSX","src/pages/LoveLanguagesQuizPage.jsx","","0","2","8","bg-[ text-[ rounded-[2.5rem] border-white text-white shadow-2xl text-sky-200 text-xs font-black text-6xl","","interaction with low media","","HIGH","fbc3a09c6417","true","Water Park laughter and the day moving too quickly","a tiny cinema ticket for one moment Abu would replay","Your “huss” can make a long day feel close again.","Samjhana, my Bhuntu, Abu made the Love Languages Quiz room around Water Park laughter and the day moving too quickly. Read this slowly, Sanu. It was made for your exact heart.","This page is a soft place to land when your day is heavy. Your “huss” can make a long day feel close again. This page is Abu’s a private letter from Abu for Sanu."
"155","/love-constellation-painter","LoveConstellationPainterPage","src/pages/LoveConstellationPainterPage.jsx","Love Constellation Painter","sequence page 125","125","11910","2","page-specific JSX","src/pages/LoveConstellationPainterPage.jsx | src/utils/mediaUtils.js","","31","6","11","bg-[ text-white text-xs font-black text-indigo-300 text-6xl rounded-[2rem] border-indigo-200/20 bg-[radial-gradient rounded-full","","","","LOW","69a7b7149413","true","the room-search conversation that started in Nepalgunj","a future postcard from the light-blue scooter road","You are the best part of every future Abu imagines.","Samjhana, my Bhoot, Abu made the Love Constellation Painter room around the room-search conversation that started in Nepalgunj. Read this slowly, Sanu. It was made for your exact h","This page is a soft place to land when your day is heavy. You are the best part of every future Abu imagines. This page is Abu’s a Bageshwori memory pressed between two pages for B"
"156","/love-letter-generator","LoveLetterGeneratorPage","src/pages/LoveLetterGeneratorPage.jsx","Love Letter Generator","sequence page 126","126","56925","10","LoveLetterGenerator","src/pages/LoveLetterGeneratorPage.jsx | src/components/LoveLetterGenerator.jsx | src/components/WorldShell.jsx | src/themes.js | src/components/AudioController.jsx | src/store/useAppStore.js | src/config.ts | src/data/roomSequence.js | src/utils/mediaUtils.js | src/utils/whatsappHelper.js","","27","54","45","text-amber-700 text-center rounded-full text-xs font-bold bg-amber-800 text-amber-50 border-amber-800 shadow-md bg-white","","","","LOW","c34f3661ee06","true","dropping you at the Language Institute before Japan","a soft landing place for a difficult day","Your moods, your laugh, your quiet, and your Bhoot moments all belong to the girl Abu loves.","Samjhana, my Babe, Abu made the Love Letter Generator room around dropping you at the Language Institute before Japan. Keep this for the next time distance feels loud.","Read this slowly, Sanu. It was made for your exact heart. Your moods, your laugh, your quiet, and your Bhoot moments all belong to the girl Abu loves. This page is Abu’s a bouquet "
"157","/anniversary-countdown-clock","AnniversaryCountdownClockPage","src/pages/AnniversaryCountdownClockPage.jsx","Anniversary Countdown Clock","sequence page 127","127","56774","10","AnniversaryCountdownClock","src/pages/AnniversaryCountdownClockPage.jsx | src/components/AnniversaryCountdownClock.jsx | src/components/WorldShell.jsx | src/themes.js | src/components/AudioController.jsx | src/store/useAppStore.js | src/config.ts | src/data/roomSequence.js | src/utils/mediaUtils.js | src/utils/whatsappHelper.js","","27","55","38","text-rose-500 text-center rounded-3xl border-4 border-amber-300 shadow-2xl bg-black/40 bg-black/75 rounded-xl text-xs","","","","LOW","eb986b4ced2e","true","dropping you at the Language Institute before Japan","a soft landing place for a difficult day","Your moods, your laugh, your quiet, and your Bhoot moments all belong to the girl Abu loves.","Samjhana, my Bhuntu, Abu made the Anniversary Countdown Clock room around dropping you at the Language Institute before Japan. Keep this for the next time distance feels loud.","Read this slowly, Sanu. It was made for your exact heart. Your moods, your laugh, your quiet, and your Bhoot moments all belong to the girl Abu loves. This page is Abu’s a bouquet "
"158","/heart-bubble-tea-maker","HeartBubbleTeaMakerPage","src/pages/HeartBubbleTeaMakerPage.jsx","Heart Bubble Tea Maker","sequence page 128","128","57894","10","HeartBubbleTeaMaker","src/pages/HeartBubbleTeaMakerPage.jsx | src/components/HeartBubbleTeaMaker.jsx | src/components/WorldShell.jsx | src/themes.js | src/components/AudioController.jsx | src/store/useAppStore.js | src/config.ts | src/data/roomSequence.js | src/utils/mediaUtils.js | src/utils/whatsappHelper.js","","27","56","41","text-pink-500 text-center rounded-3xl bg-slate-950 border-4 border-pink-300 shadow-2xl rounded-2xl border-2 border-amber-300","","","","LOW","0163010461de","true","late-night video calls between Nepalgunj and Sakai, Osaka","a private letter from Abu","You make ordinary food, ordinary calls, and ordinary rooms feel like memories.","Samjhana, my Bhoot, Abu made the Heart Bubble Tea Maker room around late-night video calls between Nepalgunj and Sakai, Osaka. This is a reminder that you are loved in the details.","Open this when you miss Abu. You make ordinary food, ordinary calls, and ordinary rooms feel like memories. This page is Abu’s a promise folded into a keepsake card for Bebo."
"159","/love-notes-wall","LoveNotesWallPage","src/pages/LoveNotesWallPage.jsx","Love Notes Wall","sequence page 129","129","56132","10","LoveNotesWall","src/pages/LoveNotesWallPage.jsx | src/components/LoveNotesWall.jsx | src/components/WorldShell.jsx | src/themes.js | src/components/AudioController.jsx | src/store/useAppStore.js | src/config.ts | src/data/roomSequence.js | src/utils/mediaUtils.js | src/utils/whatsappHelper.js","","27","54","40","bg-pink-100 border-pink-300 text-pink-900 bg-amber-100 border-amber-300 text-amber-900 bg-purple-100 border-purple-300 text-purple-900 bg-rose-100","","","","LOW","7638fd62014c","true","the day “Abhay” became “Abu” because you made it yours","a small surprise box with one true thing inside","You are the person behind every name Abu says with a softer voice.","Samjhana, my Bebo, Abu made the Love Notes Wall room around the day “Abhay” became “Abu” because you made it yours. Keep this for the next time distance feels loud.","Read this slowly, Sanu. It was made for your exact heart. You are the person behind every name Abu says with a softer voice. This page is Abu’s a birthday blessing written in Abu’s"
"160","/virtual-cat-cafe","VirtualCatCafePage","src/pages/VirtualCatCafePage.jsx","Virtual Cat Cafe","sequence page 130","130","56468","10","VirtualCatCafe","src/pages/VirtualCatCafePage.jsx | src/components/VirtualCatCafe.jsx | src/components/WorldShell.jsx | src/themes.js | src/components/AudioController.jsx | src/store/useAppStore.js | src/config.ts | src/data/roomSequence.js | src/utils/mediaUtils.js | src/utils/whatsappHelper.js","","27","55","41","text-pink-500 text-center rounded-3xl bg-slate-950 border-4 border-pink-300 shadow-2xl rounded-2xl border-2 border-amber-300","","","","LOW","a4911ef6da82","true","dropping you at the Language Institute before Japan","a promise folded into a keepsake card","Your moods, your laugh, your quiet, and your Bhoot moments all belong to the girl Abu loves.","Samjhana, my Bhoot, Abu made the Virtual Cat Cafe room around dropping you at the Language Institute before Japan. This page is a soft place to land when your day is heavy.","A small surprise: Abu remembers more than he says. Your moods, your laugh, your quiet, and your Bhoot moments all belong to the girl Abu loves. This page is Abu’s a compliment save"
"161","/memory-replay","MemoryReplayPage","src/pages/MemoryReplayPage.jsx","The Memory Abu Keeps Replaying","registered but not in sequence","","321304","4","page-specific JSX","src/pages/MemoryReplayPage.jsx | src/utils/mediaUtils.js | src/data/pageGiftData.js | src/data/pageNames.js","","33","8","4129","bg-[ text-white text-xs font-black text-orange-300/70 text-6xl text-8xl text-orange-300 rounded-[2rem] border-8","","placeholder copy","","LOW","ea4c630b616b","true","the room-search conversation that started in Nepalgunj","a tiny memory ticket from Nepalgunj","You are the best part of every future Abu imagines.","Samjhana, my Fuchee, Abu made the Memory Abu Keeps Replaying room around the room-search conversation that started in Nepalgunj. A small surprise: Abu remembers more than he says.","Keep this for the next time distance feels loud. You are the best part of every future Abu imagines. This page is Abu’s a voice-note moment for the nights you miss home for Samjhan"
"162","/love-quiz-personality","LoveQuizPersonalityPage","src/pages/LoveQuizPersonalityPage.jsx","Love Quiz Personality","registered but not in sequence","","56165","10","LoveQuizPersonality","src/pages/LoveQuizPersonalityPage.jsx | src/components/LoveQuizPersonality.jsx | src/components/WorldShell.jsx | src/themes.js | src/components/AudioController.jsx | src/store/useAppStore.js | src/config.ts | src/data/roomSequence.js | src/utils/mediaUtils.js | src/utils/whatsappHelper.js","","27","53","42","text-pink-400 text-center rounded-3xl border-4 border-rose-300 shadow-2xl bg-black/40 bg-black/75 rounded-xl text-xs","","","","LOW","bb1460a4cdd7","true","the room-search conversation that started in Nepalgunj","a future postcard from the light-blue scooter road","You are the best part of every future Abu imagines.","Samjhana, my Runchi, Abu made the Love Quiz Personality room around the room-search conversation that started in Nepalgunj. Read this slowly, Sanu. It was made for your exact heart","This page is a soft place to land when your day is heavy. You are the best part of every future Abu imagines. This page is Abu’s a Bageshwori memory pressed between two pages for B"
"163","/sweet-proposal-simulator","SweetProposalSimulatorPage","src/pages/SweetProposalSimulatorPage.jsx","Sweet Proposal Simulator","sequence page 131","131","1685","1","page-specific JSX","src/pages/SweetProposalSimulatorPage.jsx","","0","4","8","bg-[ text-[ text-rose-700 text-xs font-black text-6xl rounded-[2.5rem] text-rose-50 rounded-full font-mono","","interaction with low media","","MEDIUM","40eedbc80199","true","the room-search conversation that started in Nepalgunj","a tiny cinema ticket for one moment Abu would replay","You are the best part of every future Abu imagines.","Samjhana, my Babe, Abu made the Sweet Proposal Simulator room around the room-search conversation that started in Nepalgunj. Read this slowly, Sanu. It was made for your exact hear","This page is a soft place to land when your day is heavy. You are the best part of every future Abu imagines. This page is Abu’s a private letter from Abu for Runchi."
"164","/love-frequency-tuner","LoveFrequencyTunerPage","src/pages/LoveFrequencyTunerPage.jsx","Love Frequency Tuner","sequence page 132","132","65710","10","LoveFrequencyTuner","src/pages/LoveFrequencyTunerPage.jsx | src/components/LoveFrequencyTuner.jsx | src/components/WorldShell.jsx | src/themes.js | src/components/AudioController.jsx | src/store/useAppStore.js | src/config.ts | src/data/roomSequence.js | src/utils/mediaUtils.js | src/utils/whatsappHelper.js","","27","80","43","rounded-sm text-amber-400 rounded-3xl border-2 border-stone-600 bg-stone-500 rounded-2xl border-stone-700 text-white text-xs","","","","LOW","ab0c4d32b7aa","true","the room-search conversation that started in Nepalgunj","a promise folded into a keepsake card","You are the best part of every future Abu imagines.","Samjhana, my Samjhana, Abu made the Love Frequency Tuner room around the room-search conversation that started in Nepalgunj. This page is a soft place to land when your day is heav","A small surprise: Abu remembers more than he says. You are the best part of every future Abu imagines. This page is Abu’s a compliment saved for your next tired day for Sanzu."
"165","/couples-secret-handshake","CouplesSecretHandshakePage","src/pages/CouplesSecretHandshakePage.jsx","Couples Secret Handshake","sequence page 133","133","57367","10","CouplesSecretHandshake","src/pages/CouplesSecretHandshakePage.jsx | src/components/CouplesSecretHandshake.jsx | src/components/WorldShell.jsx | src/themes.js | src/components/AudioController.jsx | src/store/useAppStore.js | src/config.ts | src/data/roomSequence.js | src/utils/mediaUtils.js | src/utils/whatsappHelper.js","","27","59","39","text-rose-500 text-center rounded-3xl bg-slate-950 border-4 border-rose-400 shadow-2xl rounded-2xl border-2 border-amber-300","","","","LOW","acec0972b161","true","the dream of Pokhara, Manang, and Mustang waiting for us","a tiny memory ticket from Nepalgunj","You are beautiful in the moments you never think to pose for.","Samjhana, my Sanu, Abu made the Couples Secret Handshake room around the dream of Pokhara, Manang, and Mustang waiting for us. A small surprise: Abu remembers more than he says.","Keep this for the next time distance feels loud. You are beautiful in the moments you never think to pose for. This page is Abu’s a voice-note moment for the nights you miss home f"
"166","/starry-night-skywriter","StarryNightSkywriterPage","src/pages/StarryNightSkywriterPage.jsx","Starry Night Skywriter","sequence page 134","134","57216","10","StarryNightSkywriter","src/pages/StarryNightSkywriterPage.jsx | src/components/StarryNightSkywriter.jsx | src/components/WorldShell.jsx | src/themes.js | src/components/AudioController.jsx | src/store/useAppStore.js | src/config.ts | src/data/roomSequence.js | src/utils/mediaUtils.js | src/utils/whatsappHelper.js","","27","58","41","text-sky-400 text-center rounded-3xl bg-slate-950 border-4 border-sky-400/60 shadow-2xl rounded-full bg-sky-900/30 border-2","","","","LOW","6e5e70f689c3","true","the dream of Pokhara, Manang, and Mustang waiting for us","a quiet “open when” note for your pocket","You are beautiful in the moments you never think to pose for.","Samjhana, my Samjhana, Abu made the Starry Night Skywriter room around the dream of Pokhara, Manang, and Mustang waiting for us. This page is a soft place to land when your day is ","A small surprise: Abu remembers more than he says. You are beautiful in the moments you never think to pose for. This page is Abu’s a promise map for the places we still want to se"
"167","/romantic-cooking-recipe","RomanticCookingRecipePage","src/pages/RomanticCookingRecipePage.jsx","Romantic Cooking Recipe","sequence page 135","135","57042","10","RomanticCookingRecipe","src/pages/RomanticCookingRecipePage.jsx | src/components/RomanticCookingRecipe.jsx | src/components/WorldShell.jsx | src/themes.js | src/components/AudioController.jsx | src/store/useAppStore.js | src/config.ts | src/data/roomSequence.js | src/utils/mediaUtils.js | src/utils/whatsappHelper.js","","27","59","39","text-amber-500 text-center rounded-3xl bg-white border-4 border-amber-400 shadow-2xl text-6xl text-base font-extrabold","","","","LOW","665da6597036","true","dropping you at the Language Institute before Japan","a tiny memory ticket from Nepalgunj","Your moods, your laugh, your quiet, and your Bhoot moments all belong to the girl Abu loves.","Samjhana, my Babe, Abu made the Romantic Cooking Recipe room around dropping you at the Language Institute before Japan. A small surprise: Abu remembers more than he says.","Keep this for the next time distance feels loud. Your moods, your laugh, your quiet, and your Bhoot moments all belong to the girl Abu loves. This page is Abu’s a voice-note moment"
"168","/love-vault-combination","LoveVaultCombinationPage","src/pages/LoveVaultCombinationPage.jsx","Love Vault Combination","sequence page 136","136","57007","10","LoveVaultCombination","src/pages/LoveVaultCombinationPage.jsx | src/components/LoveVaultCombination.jsx | src/components/WorldShell.jsx | src/themes.js | src/components/AudioController.jsx | src/store/useAppStore.js | src/config.ts | src/data/roomSequence.js | src/utils/mediaUtils.js | src/utils/whatsappHelper.js","","27","58","41","text-amber-400 text-center rounded-3xl bg-slate-950 border-4 border-amber-500 shadow-2xl rounded-full bg-gradient-to-tr from-amber-500","","","","LOW","e9bd3b302838","true","dropping you at the Language Institute before Japan","a small surprise box with one true thing inside","Your moods, your laugh, your quiet, and your Bhoot moments all belong to the girl Abu loves.","Samjhana, my Runchi, Abu made the Love Vault Combination room around dropping you at the Language Institute before Japan. Keep this for the next time distance feels loud.","Read this slowly, Sanu. It was made for your exact heart. Your moods, your laugh, your quiet, and your Bhoot moments all belong to the girl Abu loves. This page is Abu’s a birthday"
"169","/sweet-voicemail-inbox","SweetVoicemailInboxPage","src/pages/SweetVoicemailInboxPage.jsx","Sweet Voicemail Inbox","sequence page 137","137","56760","10","SweetVoicemailInbox","src/pages/SweetVoicemailInboxPage.jsx | src/components/SweetVoicemailInbox.jsx | src/components/WorldShell.jsx | src/themes.js | src/components/AudioController.jsx | src/store/useAppStore.js | src/config.ts | src/data/roomSequence.js | src/utils/mediaUtils.js | src/utils/whatsappHelper.js","","27","54","41","text-purple-400 text-center rounded-3xl border-4 border-purple-300 shadow-2xl bg-black/40 bg-black/75 rounded-xl text-xs","","","","LOW","641739b60171","true","the dream of Pokhara, Manang, and Mustang waiting for us","a soft landing place for a difficult day","You are beautiful in the moments you never think to pose for.","Samjhana, my Bhoot, Abu made the Sweet Voicemail Inbox room around the dream of Pokhara, Manang, and Mustang waiting for us. Keep this for the next time distance feels loud.","Read this slowly, Sanu. It was made for your exact heart. You are beautiful in the moments you never think to pose for. This page is Abu’s a bouquet of words for your soft days for"
"170","/couple-daily-horoscope","CoupleDailyHoroscopePage","src/pages/CoupleDailyHoroscopePage.jsx","Couple Daily Horoscope","sequence page 138","138","57477","10","CoupleDailyHoroscope","src/pages/CoupleDailyHoroscopePage.jsx | src/components/CoupleDailyHoroscope.jsx | src/components/WorldShell.jsx | src/themes.js | src/components/AudioController.jsx | src/store/useAppStore.js | src/config.ts | src/data/roomSequence.js | src/utils/mediaUtils.js | src/utils/whatsappHelper.js","","27","58","41","text-purple-300 text-center rounded-3xl bg-slate-950 border-4 border-purple-400/60 shadow-2xl rounded-full bg-purple-900/40 border-2","","","","LOW","99ec17db45a2","true","the room-search conversation that started in Nepalgunj","a Sakai-to-Nepalgunj distance token","You are the best part of every future Abu imagines.","Samjhana, my Sanzu, Abu made the Couple Daily Horoscope room around the room-search conversation that started in Nepalgunj. A small surprise: Abu remembers more than he says.","Keep this for the next time distance feels loud. You are the best part of every future Abu imagines. This page is Abu’s a memory ribbon tied to your favourite name for Bhuntu."
"171","/love-scratch-off-gallery","LoveScratchOffGalleryPage","src/pages/LoveScratchOffGalleryPage.jsx","Love Scratch Off Gallery","registered but not in sequence","","56107","10","LoveScratchOffGallery","src/pages/LoveScratchOffGalleryPage.jsx | src/components/LoveScratchOffGallery.jsx | src/components/WorldShell.jsx | src/themes.js | src/components/AudioController.jsx | src/store/useAppStore.js | src/config.ts | src/data/roomSequence.js | src/utils/mediaUtils.js | src/utils/whatsappHelper.js","","27","55","39","text-amber-400 text-center rounded-3xl border-4 border-amber-300 shadow-2xl bg-black/40 rounded-2xl border-2 border-pink-300","","","","LOW","5d40901aec4f","true","late-night video calls between Nepalgunj and Sakai, Osaka","a promise map for the places we still want to see","You make ordinary food, ordinary calls, and ordinary rooms feel like memories.","Samjhana, my Bhuntu, Abu made the Love Scratch Off Gallery room around late-night video calls between Nepalgunj and Sakai, Osaka. Open this when you miss Abu.","The secret is simple: Abu would still choose you in every version of the story. You make ordinary food, ordinary calls, and ordinary rooms feel like memories. This page is Abu’s a "
"172","/heart-shape-tangram","HeartShapeTangramPage","src/pages/HeartShapeTangramPage.jsx","Heart Shape Tangram","registered but not in sequence","","57292","10","HeartShapeTangram","src/pages/HeartShapeTangramPage.jsx | src/components/HeartShapeTangram.jsx | src/components/WorldShell.jsx | src/themes.js | src/components/AudioController.jsx | src/store/useAppStore.js | src/config.ts | src/data/roomSequence.js | src/utils/mediaUtils.js | src/utils/whatsappHelper.js","","27","57","38","bg-rose-500 bg-pink-500 bg-amber-400 bg-purple-500 text-rose-500 text-center rounded-3xl bg-slate-950 border-4 border-amber-400","","","","LOW","ed747d305e71","true","the dream of Pokhara, Manang, and Mustang waiting for us","a soft landing place for a difficult day","You are beautiful in the moments you never think to pose for.","Samjhana, my Samjhana, Abu made the Heart Shape Tangram room around the dream of Pokhara, Manang, and Mustang waiting for us. Keep this for the next time distance feels loud.","Read this slowly, Sanu. It was made for your exact heart. You are beautiful in the moments you never think to pose for. This page is Abu’s a bouquet of words for your soft days for"
"173","/love-meteor-shower","LoveMeteorShowerPage","src/pages/LoveMeteorShowerPage.jsx","Love Meteor Shower","sequence page 139","139","56430","10","LoveMeteorShower","src/pages/LoveMeteorShowerPage.jsx | src/components/LoveMeteorShower.jsx | src/components/WorldShell.jsx | src/themes.js | src/components/AudioController.jsx | src/store/useAppStore.js | src/config.ts | src/data/roomSequence.js | src/utils/mediaUtils.js | src/utils/whatsappHelper.js","","27","55","37","text-pink-400 text-center rounded-3xl bg-slate-950 border-4 border-pink-400/60 shadow-2xl rounded-2xl border-2 border-amber-300","","","","LOW","ca205271ca0f","true","the dream of Pokhara, Manang, and Mustang waiting for us","a Sakai-to-Nepalgunj distance token","You are beautiful in the moments you never think to pose for.","Samjhana, my Runchi, Abu made the Love Meteor Shower room around the dream of Pokhara, Manang, and Mustang waiting for us. A small surprise: Abu remembers more than he says.","Keep this for the next time distance feels loud. You are beautiful in the moments you never think to pose for. This page is Abu’s a memory ribbon tied to your favourite name for Bh"
"174","/sweet-tea-ceremony","SweetTeaCeremonyPage","src/pages/SweetTeaCeremonyPage.jsx","Sweet Tea Ceremony","sequence page 140","140","57515","10","SweetTeaCeremony","src/pages/SweetTeaCeremonyPage.jsx | src/components/SweetTeaCeremony.jsx | src/components/WorldShell.jsx | src/themes.js | src/components/AudioController.jsx | src/store/useAppStore.js | src/config.ts | src/data/roomSequence.js | src/utils/mediaUtils.js | src/utils/whatsappHelper.js","","27","59","38","text-amber-600 text-center rounded-3xl bg-slate-950 border-4 border-amber-500 shadow-2xl rounded-2xl border-2 border-amber-300","","","","LOW","aabf5b9a3a85","true","the dream of Pokhara, Manang, and Mustang waiting for us","a small surprise box with one true thing inside","You are beautiful in the moments you never think to pose for.","Samjhana, my Fuchee, Abu made the Sweet Tea Ceremony room around the dream of Pokhara, Manang, and Mustang waiting for us. Keep this for the next time distance feels loud.","Read this slowly, Sanu. It was made for your exact heart. You are beautiful in the moments you never think to pose for. This page is Abu’s a birthday blessing written in Abu’s hand"
"175","/couple-nickname-generator","CoupleNicknameGeneratorPage","src/pages/CoupleNicknameGeneratorPage.jsx","Couple Nickname Generator","sequence page 141","141","56095","10","CoupleNicknameGenerator","src/pages/CoupleNicknameGeneratorPage.jsx | src/components/CoupleNicknameGenerator.jsx | src/components/WorldShell.jsx | src/themes.js | src/components/AudioController.jsx | src/store/useAppStore.js | src/config.ts | src/data/roomSequence.js | src/utils/mediaUtils.js | src/utils/whatsappHelper.js","","27","56","41","text-pink-400 text-center rounded-3xl bg-slate-950 border-4 border-pink-400 shadow-2xl rounded-2xl border-2 border-amber-300","","","","LOW","d7ce3d312643","true","the dream of Pokhara, Manang, and Mustang waiting for us","a promise folded into a keepsake card","You are beautiful in the moments you never think to pose for.","Samjhana, my Fuchee, Abu made the Couple Nickname Generator room around the dream of Pokhara, Manang, and Mustang waiting for us. This page is a soft place to land when your day is","A small surprise: Abu remembers more than he says. You are beautiful in the moments you never think to pose for. This page is Abu’s a compliment saved for your next tired day for S"
"176","/love-rhythm-game","LoveRhythmGamePage","src/pages/LoveRhythmGamePage.jsx","Love Rhythm Game","sequence page 142","142","1645","1","page-specific JSX","src/pages/LoveRhythmGamePage.jsx","","0","3","3","bg-[ text-white text-center text-rose-400 text-xs font-black text-sky-300 text-6xl text-lg text-sky-100/70","","interaction with low media","","MEDIUM","e2fb4251ba2a","true","dropping you at the Language Institute before Japan","a tiny cinema ticket for one moment Abu would replay","Your moods, your laugh, your quiet, and your Bhoot moments all belong to the girl Abu loves.","Samjhana, my Runchi, Abu made the Love Rhythm Game room around dropping you at the Language Institute before Japan. Read this slowly, Sanu. It was made for your exact heart.","This page is a soft place to land when your day is heavy. Your moods, your laugh, your quiet, and your Bhoot moments all belong to the girl Abu loves. This page is Abu’s a private "
"177","/sweet-dessert-tower","SweetDessertTowerPage","src/pages/SweetDessertTowerPage.jsx","Sweet Dessert Tower","sequence page 143","143","56614","10","SweetDessertTower","src/pages/SweetDessertTowerPage.jsx | src/components/SweetDessertTower.jsx | src/components/WorldShell.jsx | src/themes.js | src/components/AudioController.jsx | src/store/useAppStore.js | src/config.ts | src/data/roomSequence.js | src/utils/mediaUtils.js | src/utils/whatsappHelper.js","","27","57","38","text-pink-500 text-center rounded-3xl bg-slate-950 border-4 border-pink-300 shadow-2xl rounded-2xl border-2 border-amber-300","","","","LOW","b60f418433f8","true","the day “Abhay” became “Abu” because you made it yours","a future postcard from the light-blue scooter road","You are the person behind every name Abu says with a softer voice.","Samjhana, my Babe, Abu made the Sweet Dessert Tower room around the day “Abhay” became “Abu” because you made it yours. Read this slowly, Sanu. It was made for your exact heart.","This page is a soft place to land when your day is heavy. You are the person behind every name Abu says with a softer voice. This page is Abu’s a Bageshwori memory pressed between "
"178","/love-poetry-fridge","LovePoetryFridgePage","src/pages/LovePoetryFridgePage.jsx","Love Poetry Fridge","sequence page 144","144","55924","10","LovePoetryFridge","src/pages/LovePoetryFridgePage.jsx | src/components/LovePoetryFridge.jsx | src/components/WorldShell.jsx | src/themes.js | src/components/AudioController.jsx | src/store/useAppStore.js | src/config.ts | src/data/roomSequence.js | src/utils/mediaUtils.js | src/utils/whatsappHelper.js","","27","53","39","text-amber-500 text-center rounded-3xl bg-slate-950 border-4 border-slate-400 shadow-2xl rounded-2xl border-2 border-amber-300","","","","LOW","591cd5a7e3b6","true","the dream of Pokhara, Manang, and Mustang waiting for us","a quiet “open when” note for your pocket","You are beautiful in the moments you never think to pose for.","Samjhana, my Runchi, Abu made the Love Poetry Fridge room around the dream of Pokhara, Manang, and Mustang waiting for us. This page is a soft place to land when your day is heavy.","A small surprise: Abu remembers more than he says. You are beautiful in the moments you never think to pose for. This page is Abu’s a promise map for the places we still want to se"
"179","/couple-travel-passport-stamps","CoupleTravelPassportStampsPage","src/pages/CoupleTravelPassportStampsPage.jsx","Couple Travel Passport Stamps","sequence page 145","145","57195","10","CoupleTravelPassportStamps","src/pages/CoupleTravelPassportStampsPage.jsx | src/components/CoupleTravelPassportStamps.jsx | src/components/WorldShell.jsx | src/themes.js | src/components/AudioController.jsx | src/store/useAppStore.js | src/config.ts | src/data/roomSequence.js | src/utils/mediaUtils.js | src/utils/whatsappHelper.js","","27","56","44","text-blue-400 text-center rounded-3xl bg-slate-950 border-4 border-blue-400 shadow-2xl rounded-2xl border-2 border-amber-300","","","","LOW","a2d81ad3b0c7","true","the way you can be Sanzu, Bhuntu, Sanu, Babe, or Runchi and still be home","a Bageshwori memory pressed between two pages","You make Abu want to become gentler, steadier, and more worthy of your trust.","Samjhana, my Babe, Abu made the Couple Travel Passport Stamps room around the way you can be Sanzu, Bhuntu, Sanu, Babe, or Runchi and still be home. This is a reminder that you are","Open this when you miss Abu. You make Abu want to become gentler, steadier, and more worthy of your trust. This page is Abu’s a quiet “open when” note for your pocket for Runchi."
"180","/love-firework-painter","LoveFireworkPainterPage","src/pages/LoveFireworkPainterPage.jsx","Love Firework Painter","sequence page 146","146","1501","1","page-specific JSX","src/pages/LoveFireworkPainterPage.jsx","","0","2","4","bg-[ text-white text-amber-300 text-xs font-black text-sky-300 text-6xl text-amber-200/30 rounded-t-full border-2","","interaction with low media","","HIGH","d5fb834e779c","true","the room-search conversation that started in Nepalgunj","a soft landing place for a difficult day","You are the best part of every future Abu imagines.","Samjhana, my Samjhana, Abu made the Love Firework Painter room around the room-search conversation that started in Nepalgunj. Keep this for the next time distance feels loud.","Read this slowly, Sanu. It was made for your exact heart. You are the best part of every future Abu imagines. This page is Abu’s a bouquet of words for your soft days for Sanzu."
"181","/sweet-dream-catcher","SweetDreamCatcherPage","src/pages/SweetDreamCatcherPage.jsx","Sweet Dream Catcher","registered but not in sequence","","55764","10","SweetDreamCatcher","src/pages/SweetDreamCatcherPage.jsx | src/components/SweetDreamCatcher.jsx | src/components/WorldShell.jsx | src/themes.js | src/components/AudioController.jsx | src/store/useAppStore.js | src/config.ts | src/data/roomSequence.js | src/utils/mediaUtils.js | src/utils/whatsappHelper.js","","27","53","38","text-pink-400 text-center rounded-3xl bg-slate-950 border-4 border-pink-400 shadow-2xl rounded-2xl border-2 border-amber-300","","","","LOW","d0d97c8f5ab2","true","dropping you at the Language Institute before Japan","a promise folded into a keepsake card","Your moods, your laugh, your quiet, and your Bhoot moments all belong to the girl Abu loves.","Samjhana, my Sanu, Abu made the Sweet Dream Catcher room around dropping you at the Language Institute before Japan. This page is a soft place to land when your day is heavy.","A small surprise: Abu remembers more than he says. Your moods, your laugh, your quiet, and your Bhoot moments all belong to the girl Abu loves. This page is Abu’s a compliment save"
"182","/couple-questions-deep","CoupleQuestionsDeepPage","src/pages/CoupleQuestionsDeepPage.jsx","Couple Questions Deep","sequence page 147","147","56184","10","CoupleQuestionsDeep","src/pages/CoupleQuestionsDeepPage.jsx | src/components/CoupleQuestionsDeep.jsx | src/components/WorldShell.jsx | src/themes.js | src/components/AudioController.jsx | src/store/useAppStore.js | src/config.ts | src/data/roomSequence.js | src/utils/mediaUtils.js | src/utils/whatsappHelper.js","","27","54","38","text-purple-500 text-center rounded-3xl bg-slate-950 border-4 border-purple-400 shadow-2xl rounded-2xl border-2 border-amber-300","","","","LOW","27bc7a86341a","true","the day “Abhay” became “Abu” because you made it yours","a soft landing place for a difficult day","You are the person behind every name Abu says with a softer voice.","Samjhana, my Babe, Abu made the Couple Questions Deep room around the day “Abhay” became “Abu” because you made it yours. Keep this for the next time distance feels loud.","Read this slowly, Sanu. It was made for your exact heart. You are the person behind every name Abu says with a softer voice. This page is Abu’s a bouquet of words for your soft day"
"183","/love-music-box-carousel","LoveMusicBoxCarouselPage","src/pages/LoveMusicBoxCarouselPage.jsx","Love Music Box Carousel","sequence page 148","148","56208","10","LoveMusicBoxCarousel","src/pages/LoveMusicBoxCarouselPage.jsx | src/components/LoveMusicBoxCarousel.jsx | src/components/WorldShell.jsx | src/themes.js | src/components/AudioController.jsx | src/store/useAppStore.js | src/config.ts | src/data/roomSequence.js | src/utils/mediaUtils.js | src/utils/whatsappHelper.js","","27","54","36","text-pink-400 text-center rounded-3xl bg-slate-950 border-4 border-pink-400 shadow-2xl rounded-2xl border-2 border-amber-300","","","","LOW","7312852aca94","true","the way you can be Sanzu, Bhuntu, Sanu, Babe, or Runchi and still be home","a voice-note moment for the nights you miss home","You make Abu want to become gentler, steadier, and more worthy of your trust.","Samjhana, my Sanzu, Abu made the Love Music Box Carousel room around the way you can be Sanzu, Bhuntu, Sanu, Babe, or Runchi and still be home. The secret is simple: Abu would stil","The gift inside is not expensive; it is specific to you. You make Abu want to become gentler, steadier, and more worthy of your trust. This page is Abu’s a small surprise box with "
"184","/sweet-compliments-fountain","SweetComplimentsFountainPage","src/pages/SweetComplimentsFountainPage.jsx","Sweet Compliments Fountain","sequence page 149","149","56548","10","SweetComplimentsFountain","src/pages/SweetComplimentsFountainPage.jsx | src/components/SweetComplimentsFountain.jsx | src/components/WorldShell.jsx | src/themes.js | src/components/AudioController.jsx | src/store/useAppStore.js | src/config.ts | src/data/roomSequence.js | src/utils/mediaUtils.js | src/utils/whatsappHelper.js","","27","56","37","text-sky-400 text-center rounded-3xl bg-slate-950 border-4 border-sky-400/60 shadow-2xl rounded-2xl border-2 border-amber-300","","","","LOW","822a7fea3986","true","the day “Abhay” became “Abu” because you made it yours","a Sakai-to-Nepalgunj distance token","You are the person behind every name Abu says with a softer voice.","Samjhana, my Babe, Abu made the Sweet Compliments Fountain room around the day “Abhay” became “Abu” because you made it yours. A small surprise: Abu remembers more than he says.","Keep this for the next time distance feels loud. You are the person behind every name Abu says with a softer voice. This page is Abu’s a memory ribbon tied to your favourite name f"
"185","/couple-movie-night","CoupleMovieNightPage","src/pages/CoupleMovieNightPage.jsx","Couple Movie Night","sequence page 150","150","56515","10","CoupleMovieNight","src/pages/CoupleMovieNightPage.jsx | src/components/CoupleMovieNight.jsx | src/components/WorldShell.jsx | src/themes.js | src/components/AudioController.jsx | src/store/useAppStore.js | src/config.ts | src/data/roomSequence.js | src/utils/mediaUtils.js | src/utils/whatsappHelper.js","","27","56","38","text-rose-500 text-center rounded-3xl border-4 shadow-2xl bg-slate-950 border-rose-500 bg-slate-900 border-slate-700 rounded-2xl","","","","LOW","43907b59e5f9","true","Water Park laughter and the day moving too quickly","a quiet “open when” note for your pocket","Your “huss” can make a long day feel close again.","Samjhana, my Sanu, Abu made the Couple Movie Night room around Water Park laughter and the day moving too quickly. This page is a soft place to land when your day is heavy.","A small surprise: Abu remembers more than he says. Your “huss” can make a long day feel close again. This page is Abu’s a promise map for the places we still want to see for Babe."
"186","/love-keychain-customizer","LoveKeychainCustomizerPage","src/pages/LoveKeychainCustomizerPage.jsx","Love Keychain Customizer","sequence page 151","151","55593","10","LoveKeychainCustomizer","src/pages/LoveKeychainCustomizerPage.jsx | src/components/LoveKeychainCustomizer.jsx | src/components/WorldShell.jsx | src/themes.js | src/components/AudioController.jsx | src/store/useAppStore.js | src/config.ts | src/data/roomSequence.js | src/utils/mediaUtils.js | src/utils/whatsappHelper.js","","27","53","42","text-pink-400 text-center rounded-3xl bg-slate-950 border-4 border-pink-300 shadow-2xl rounded-2xl border-amber-300 shadow-xl","","","","LOW","e7927c33a0f8","true","Water Park laughter and the day moving too quickly","a future postcard from the light-blue scooter road","Your “huss” can make a long day feel close again.","Samjhana, my Bebo, Abu made the Love Keychain Customizer room around Water Park laughter and the day moving too quickly. Read this slowly, Sanu. It was made for your exact heart.","This page is a soft place to land when your day is heavy. Your “huss” can make a long day feel close again. This page is Abu’s a Bageshwori memory pressed between two pages for Fuc"
"187","/sweet-garden-blooms","SweetGardenBloomsPage","src/pages/SweetGardenBloomsPage.jsx","Sweet Garden Blooms","sequence page 152","152","57003","10","SweetGardenBlooms","src/pages/SweetGardenBloomsPage.jsx | src/components/SweetGardenBlooms.jsx | src/components/WorldShell.jsx | src/themes.js | src/components/AudioController.jsx | src/store/useAppStore.js | src/config.ts | src/data/roomSequence.js | src/utils/mediaUtils.js | src/utils/whatsappHelper.js","","27","57","42","text-pink-400 text-center rounded-3xl bg-slate-950 border-4 border-pink-400 shadow-2xl rounded-2xl border-2 border-amber-300","","","","LOW","3241527d45de","true","dropping you at the Language Institute before Japan","a tiny cinema ticket for one moment Abu would replay","Your moods, your laugh, your quiet, and your Bhoot moments all belong to the girl Abu loves.","Samjhana, my Bhoot, Abu made the Sweet Garden Blooms room around dropping you at the Language Institute before Japan. Read this slowly, Sanu. It was made for your exact heart.","This page is a soft place to land when your day is heavy. Your moods, your laugh, your quiet, and your Bhoot moments all belong to the girl Abu loves. This page is Abu’s a private "
"188","/couple-anniversary-timeline","CoupleAnniversaryTimelinePage","src/pages/CoupleAnniversaryTimelinePage.jsx","Couple Anniversary Timeline","sequence page 153","153","56532","10","CoupleAnniversaryTimeline","src/pages/CoupleAnniversaryTimelinePage.jsx | src/components/CoupleAnniversaryTimeline.jsx | src/components/WorldShell.jsx | src/themes.js | src/components/AudioController.jsx | src/store/useAppStore.js | src/config.ts | src/data/roomSequence.js | src/utils/mediaUtils.js | src/utils/whatsappHelper.js","","27","54","42","text-pink-400 text-center rounded-3xl bg-slate-950 border-4 border-rose-400 shadow-2xl rounded-2xl border-2 border-amber-300","","","","LOW","3956f750a152","true","the dream of Pokhara, Manang, and Mustang waiting for us","a Sakai-to-Nepalgunj distance token","You are beautiful in the moments you never think to pose for.","Samjhana, my Fuchee, Abu made the Couple Anniversary Timeline room around the dream of Pokhara, Manang, and Mustang waiting for us. A small surprise: Abu remembers more than he say","Keep this for the next time distance feels loud. You are beautiful in the moments you never think to pose for. This page is Abu’s a memory ribbon tied to your favourite name for Sa"
"189","/love-fortune-teller-origami","LoveFortuneTellerOrigamiPage","src/pages/LoveFortuneTellerOrigamiPage.jsx","Love Fortune Teller Origami","sequence page 154","154","57574","10","LoveFortuneTellerOrigami","src/pages/LoveFortuneTellerOrigamiPage.jsx | src/components/LoveFortuneTellerOrigami.jsx | src/components/WorldShell.jsx | src/themes.js | src/components/AudioController.jsx | src/store/useAppStore.js | src/config.ts | src/data/roomSequence.js | src/utils/mediaUtils.js | src/utils/whatsappHelper.js","","27","56","44","text-purple-400 text-center rounded-3xl bg-slate-950 border-4 border-purple-400 shadow-2xl rounded-2xl border-2 border-amber-300","","","","LOW","5255a4eac723","true","late-night video calls between Nepalgunj and Sakai, Osaka","a memory ribbon tied to your favourite name","You make ordinary food, ordinary calls, and ordinary rooms feel like memories.","Samjhana, my Samjhana, Abu made the Love Fortune Teller Origami room around late-night video calls between Nepalgunj and Sakai, Osaka. The secret is simple: Abu would still choose ","The gift inside is not expensive; it is specific to you. You make ordinary food, ordinary calls, and ordinary rooms feel like memories. This page is Abu’s a soft landing place for "
"190","/sweet-heart-balloon-ascent","SweetHeartBalloonAscentPage","src/pages/SweetHeartBalloonAscentPage.jsx","Sweet Heart Balloon Ascent","sequence page 155","155","55268","10","SweetHeartBalloonAscent","src/pages/SweetHeartBalloonAscentPage.jsx | src/components/SweetHeartBalloonAscent.jsx | src/components/WorldShell.jsx | src/themes.js | src/components/AudioController.jsx | src/store/useAppStore.js | src/config.ts | src/data/roomSequence.js | src/utils/mediaUtils.js | src/utils/whatsappHelper.js","","27","53","36","text-amber-400 text-center rounded-3xl bg-slate-950 border-4 border-amber-400 shadow-2xl rounded-2xl border-2 border-amber-300","","","","LOW","e46e3fd20c13","true","the future light-blue scooter ride toward Bardiya","a memory ribbon tied to your favourite name","Your voice can cross the Nepalgunj-to-Sakai distance faster than any flight.","Samjhana, my Runchi, Abu made the Sweet Heart Balloon Ascent room around the future light-blue scooter ride toward Bardiya. The secret is simple: Abu would still choose you in ever","The gift inside is not expensive; it is specific to you. Your voice can cross the Nepalgunj-to-Sakai distance faster than any flight. This page is Abu’s a soft landing place for a "
"191","/couple-starry-planetarium","CoupleStarryPlanetariumPage","src/pages/CoupleStarryPlanetariumPage.jsx","Couple Starry Planetarium","sequence page 156","156","56241","10","CoupleStarryPlanetarium","src/pages/CoupleStarryPlanetariumPage.jsx | src/components/CoupleStarryPlanetarium.jsx | src/components/WorldShell.jsx | src/themes.js | src/components/AudioController.jsx | src/store/useAppStore.js | src/config.ts | src/data/roomSequence.js | src/utils/mediaUtils.js | src/utils/whatsappHelper.js","","27","54","41","text-amber-300 text-center rounded-3xl bg-slate-950 border-4 border-amber-400 shadow-2xl rounded-2xl border-2 border-amber-300","","","","LOW","02bbdfc280b5","true","the room-search conversation that started in Nepalgunj","a tiny cinema ticket for one moment Abu would replay","You are the best part of every future Abu imagines.","Samjhana, my Bhoot, Abu made the Couple Starry Planetarium room around the room-search conversation that started in Nepalgunj. Read this slowly, Sanu. It was made for your exact he","This page is a soft place to land when your day is heavy. You are the best part of every future Abu imagines. This page is Abu’s a private letter from Abu for Bebo."
"192","/love-letter-in-balloon","LoveLetterInBalloonPage","src/pages/LoveLetterInBalloonPage.jsx","Love Letter In Balloon","sequence page 157","157","56439","10","LoveLetterInBalloon","src/pages/LoveLetterInBalloonPage.jsx | src/components/LoveLetterInBalloon.jsx | src/components/WorldShell.jsx | src/themes.js | src/components/AudioController.jsx | src/store/useAppStore.js | src/config.ts | src/data/roomSequence.js | src/utils/mediaUtils.js | src/utils/whatsappHelper.js","","27","54","37","text-pink-400 text-center rounded-3xl bg-slate-950 border-4 border-pink-300 shadow-2xl rounded-2xl border-2 border-amber-300","","","","LOW","23cd9c4894e8","true","the future light-blue scooter ride toward Bardiya","a bouquet of words for your soft days","Your voice can cross the Nepalgunj-to-Sakai distance faster than any flight.","Samjhana, my Samjhana, Abu made the Love Letter In Balloon room around the future light-blue scooter ride toward Bardiya. The gift inside is not expensive; it is specific to you.","This is a reminder that you are loved in the details. Your voice can cross the Nepalgunj-to-Sakai distance faster than any flight. This page is Abu’s a future postcard from the lig"
"193","/sweet-memory-scrapbook","SweetMemoryScrapbookPage","src/pages/SweetMemoryScrapbookPage.jsx","Sweet Memory Scrapbook","sequence page 158","158","56440","10","SweetMemoryScrapbook","src/pages/SweetMemoryScrapbookPage.jsx | src/components/SweetMemoryScrapbook.jsx | src/components/WorldShell.jsx | src/themes.js | src/components/AudioController.jsx | src/store/useAppStore.js | src/config.ts | src/data/roomSequence.js | src/utils/mediaUtils.js | src/utils/whatsappHelper.js","","27","54","40","text-amber-700 text-center rounded-3xl bg-slate-950 border-4 border-amber-400 shadow-2xl rounded-2xl border-2 border-amber-300","","","","LOW","797121168ead","true","the dream of Pokhara, Manang, and Mustang waiting for us","a soft landing place for a difficult day","You are beautiful in the moments you never think to pose for.","Samjhana, my Fuchee, Abu made the Sweet Memory Scrapbook room around the dream of Pokhara, Manang, and Mustang waiting for us. Keep this for the next time distance feels loud.","Read this slowly, Sanu. It was made for your exact heart. You are beautiful in the moments you never think to pose for. This page is Abu’s a bouquet of words for your soft days for"
"194","/love-coronation-ceremony","LoveCoronationCeremonyPage","src/pages/LoveCoronationCeremonyPage.jsx","Love Coronation Ceremony","sequence page 159","159","57176","10","LoveCoronationCeremony","src/pages/LoveCoronationCeremonyPage.jsx | src/components/LoveCoronationCeremony.jsx | src/components/WorldShell.jsx | src/themes.js | src/components/AudioController.jsx | src/store/useAppStore.js | src/config.ts | src/data/roomSequence.js | src/utils/mediaUtils.js | src/utils/whatsappHelper.js","","27","57","49","text-amber-400 text-center rounded-3xl bg-slate-950 border-4 border-amber-400 shadow-2xl rounded-2xl border-2 border-amber-300","","","","LOW","05de22e994ce","true","Water Park laughter and the day moving too quickly","a tiny memory ticket from Nepalgunj","Your “huss” can make a long day feel close again.","Samjhana, my Runchi, Abu made the Love Coronation Ceremony room around Water Park laughter and the day moving too quickly. A small surprise: Abu remembers more than he says.","Keep this for the next time distance feels loud. Your “huss” can make a long day feel close again. This page is Abu’s a voice-note moment for the nights you miss home for Bhoot."
"195","/whatsapp-10k-love","WhatsApp10kLovePage","src/pages/WhatsApp10kLovePage.jsx","Whatsapp 10k Love","sequence page 160","160","65628","10","WhatsApp10kLove","src/pages/WhatsApp10kLovePage.jsx | src/components/WhatsApp10kLove.jsx | src/components/WorldShell.jsx | src/themes.js | src/components/AudioController.jsx | src/store/useAppStore.js | src/config.ts | src/data/roomSequence.js | src/utils/mediaUtils.js | src/utils/whatsappHelper.js","","27","67","51","text-emerald-400 text-center font-ui bg-slate-900/90 rounded-2xl border-emerald-500/30 shadow-xl rounded-full border-2 border-emerald-400","","","","LOW","950ca1daa20a","true","Water Park laughter and the day moving too quickly","a small surprise box with one true thing inside","Your “huss” can make a long day feel close again.","Samjhana, my Bhoot, Abu made the Whatsapp 10k Love room around Water Park laughter and the day moving too quickly. Keep this for the next time distance feels loud.","Read this slowly, Sanu. It was made for your exact heart. Your “huss” can make a long day feel close again. This page is Abu’s a birthday blessing written in Abu’s handwriting for "
"196","/cupid-radio-dj","CupidRadioDJStationPage","src/pages/CupidRadioDJStationPage.jsx","Cupid Radio Dj","sequence page 161","161","61903","10","CupidRadioDJStation","src/pages/CupidRadioDJStationPage.jsx | src/components/CupidRadioDJStation.jsx | src/components/WorldShell.jsx | src/themes.js | src/components/AudioController.jsx | src/store/useAppStore.js | src/config.ts | src/data/roomSequence.js | src/utils/mediaUtils.js | src/utils/whatsappHelper.js","","27","59","43","text-amber-400 rounded-3xl bg-gradient-to-b from-amber-950 via-slate-950 to-stone-950 border-4 border-amber-500/60 shadow-[0_0_50px_rgba bg-black/90","","","","LOW","bfa9c069b890","true","the room-search conversation that started in Nepalgunj","a future postcard from the light-blue scooter road","You are the best part of every future Abu imagines.","Samjhana, my Bhuntu, Abu made the Cupid Radio Dj room around the room-search conversation that started in Nepalgunj. Read this slowly, Sanu. It was made for your exact heart.","This page is a soft place to land when your day is heavy. You are the best part of every future Abu imagines. This page is Abu’s a Bageshwori memory pressed between two pages for S"
"197","/constellation-stargazer","LoveConstellationStargazerPage","src/pages/LoveConstellationStargazerPage.jsx","Constellation Stargazer","sequence page 162","162","58642","10","LoveConstellationStargazer","src/pages/LoveConstellationStargazerPage.jsx | src/components/LoveConstellationStargazer.jsx | src/components/WorldShell.jsx | src/themes.js | src/components/AudioController.jsx | src/store/useAppStore.js | src/config.ts | src/data/roomSequence.js | src/utils/mediaUtils.js | src/utils/whatsappHelper.js","","27","56","39","text-purple-300 text-center rounded-3xl bg-slate-950 border-4 border-purple-500/70 shadow-[0_0_50px_rgba bg-purple-950/40 rounded-2xl border-purple-400/40","","","","LOW","f2aab90efbc9","true","late-night video calls between Nepalgunj and Sakai, Osaka","a birthday blessing written in Abu’s handwriting","You make ordinary food, ordinary calls, and ordinary rooms feel like memories.","Samjhana, my Bebo, Abu made the Constellation Stargazer room around late-night video calls between Nepalgunj and Sakai, Osaka. The gift inside is not expensive; it is specific to y","This is a reminder that you are loved in the details. You make ordinary food, ordinary calls, and ordinary rooms feel like memories. This page is Abu’s a tiny cinema ticket for one"
"198","/heart-nebula-3d","LoveHeartNebula3DPage","src/pages/LoveHeartNebula3DPage.jsx","Heart Nebula 3d","sequence page 163","163","55972","10","LoveHeartNebula3D","src/pages/LoveHeartNebula3DPage.jsx | src/components/LoveHeartNebula3D.jsx | src/components/WorldShell.jsx | src/themes.js | src/components/AudioController.jsx | src/store/useAppStore.js | src/config.ts | src/data/roomSequence.js | src/utils/mediaUtils.js | src/utils/whatsappHelper.js","","27","53","37","text-rose-500 text-center rounded-3xl bg-slate-950 border-4 border-rose-500 shadow-2xl rounded-2xl border-2 border-amber-300","","","","LOW","5617bd997712","true","dropping you at the Language Institute before Japan","a Sakai-to-Nepalgunj distance token","Your moods, your laugh, your quiet, and your Bhoot moments all belong to the girl Abu loves.","Samjhana, my Bhuntu, Abu made the Heart Nebula 3d room around dropping you at the Language Institute before Japan. A small surprise: Abu remembers more than he says.","Keep this for the next time distance feels loud. Your moods, your laugh, your quiet, and your Bhoot moments all belong to the girl Abu loves. This page is Abu’s a memory ribbon tie"
"199","/sweet-confectionery-bakery","LoveSweetConfectioneryBakeryPage","src/pages/LoveSweetConfectioneryBakeryPage.jsx","Sweet Confectionery Bakery","sequence page 164","164","56004","10","LoveSweetConfectioneryBakery","src/pages/LoveSweetConfectioneryBakeryPage.jsx | src/components/LoveSweetConfectioneryBakery.jsx | src/components/WorldShell.jsx | src/themes.js | src/components/AudioController.jsx | src/store/useAppStore.js | src/config.ts | src/data/roomSequence.js | src/utils/mediaUtils.js | src/utils/whatsappHelper.js","","27","53","36","text-pink-400 text-center rounded-3xl bg-slate-950 border-4 border-pink-400 shadow-2xl rounded-2xl border-2 border-amber-300","","","","LOW","a76467d05d79","true","the day “Abhay” became “Abu” because you made it yours","a future postcard from the light-blue scooter road","You are the person behind every name Abu says with a softer voice.","Samjhana, my Runchi, Abu made the Sweet Confectionery Bakery room around the day “Abhay” became “Abu” because you made it yours. Read this slowly, Sanu. It was made for your exact ","This page is a soft place to land when your day is heavy. You are the person behind every name Abu says with a softer voice. This page is Abu’s a Bageshwori memory pressed between "
"200","/love-story-comic-strip","LoveLoveStoryComicStripPage","src/pages/LoveLoveStoryComicStripPage.jsx","Love Story Comic Strip","sequence page 165","165","56417","10","LoveLoveStoryComicStrip","src/pages/LoveLoveStoryComicStripPage.jsx | src/components/LoveLoveStoryComicStrip.jsx | src/components/WorldShell.jsx | src/themes.js | src/components/AudioController.jsx | src/store/useAppStore.js | src/config.ts | src/data/roomSequence.js | src/utils/mediaUtils.js | src/utils/whatsappHelper.js","","27","54","39","text-rose-500 text-center rounded-3xl bg-slate-950 border-4 border-rose-500 shadow-2xl rounded-2xl border-2 border-amber-300","","","","LOW","62f0260cc50f","true","Chau-Chau, Panipuri, momo, and the foods that became our language","a promise map for the places we still want to see","Your kindness is one of the reasons Abu keeps choosing you.","Samjhana, my Bhuntu, Abu made the Love Story Comic Strip room around Chau-Chau, Panipuri, momo, and the foods that became our language. Open this when you miss Abu.","The secret is simple: Abu would still choose you in every version of the story. Your kindness is one of the reasons Abu keeps choosing you. This page is Abu’s a tiny memory ticket "
"201","/arcade-dance-machine","LoveArcadeDanceMachinePage","src/pages/LoveArcadeDanceMachinePage.jsx","Arcade Dance Machine","registered but not in sequence","","55834","10","LoveArcadeDanceMachine","src/pages/LoveArcadeDanceMachinePage.jsx | src/components/LoveArcadeDanceMachine.jsx | src/components/WorldShell.jsx | src/themes.js | src/components/AudioController.jsx | src/store/useAppStore.js | src/config.ts | src/data/roomSequence.js | src/utils/mediaUtils.js | src/utils/whatsappHelper.js","","27","54","39","text-pink-400 text-center rounded-3xl bg-slate-950 border-4 border-purple-500 shadow-2xl rounded-2xl border-2 border-amber-300","","","","LOW","e4a2ec874c38","true","dropping you at the Language Institute before Japan","a small surprise box with one true thing inside","Your moods, your laugh, your quiet, and your Bhoot moments all belong to the girl Abu loves.","Samjhana, my Fuchee, Abu made the Arcade Dance Machine room around dropping you at the Language Institute before Japan. Keep this for the next time distance feels loud.","Read this slowly, Sanu. It was made for your exact heart. Your moods, your laugh, your quiet, and your Bhoot moments all belong to the girl Abu loves. This page is Abu’s a birthday"
"202","/enchanted-glass-terrarium","LoveEnchantedGlassTerrariumPage","src/pages/LoveEnchantedGlassTerrariumPage.jsx","Enchanted Glass Terrarium","sequence page 166","166","55495","10","LoveEnchantedGlassTerrarium","src/pages/LoveEnchantedGlassTerrariumPage.jsx | src/components/LoveEnchantedGlassTerrarium.jsx | src/components/WorldShell.jsx | src/themes.js | src/components/AudioController.jsx | src/store/useAppStore.js | src/config.ts | src/data/roomSequence.js | src/utils/mediaUtils.js | src/utils/whatsappHelper.js","","27","53","38","text-emerald-400 text-center rounded-3xl bg-slate-950 border-4 border-emerald-400 shadow-2xl rounded-2xl border-2 border-amber-300","","","","LOW","325a4990722d","true","the room-search conversation that started in Nepalgunj","a soft landing place for a difficult day","You are the best part of every future Abu imagines.","Samjhana, my Fuchee, Abu made the Enchanted Glass Terrarium room around the room-search conversation that started in Nepalgunj. Keep this for the next time distance feels loud.","Read this slowly, Sanu. It was made for your exact heart. You are the best part of every future Abu imagines. This page is Abu’s a bouquet of words for your soft days for Samjhana."
"203","/bottle-ocean-3d","LoveMessageInABottleOceanPage","src/pages/LoveMessageInABottleOceanPage.jsx","Bottle Ocean 3d","sequence page 167","167","63821","10","LoveMessageInABottleOcean","src/pages/LoveMessageInABottleOceanPage.jsx | src/components/LoveMessageInABottleOcean.jsx | src/components/WorldShell.jsx | src/themes.js | src/components/AudioController.jsx | src/store/useAppStore.js | src/config.ts | src/data/roomSequence.js | src/utils/mediaUtils.js | src/utils/whatsappHelper.js","","29","65","51","text-pink-400 shadow-[0_0_8px_ text-center rounded-3xl bg-gradient-to-br from-pink-100 via-purple-100 to-rose-100 border-4 border-pink-400","","","","LOW","e6906a653ea4","true","the dream of Pokhara, Manang, and Mustang waiting for us","a future postcard from the light-blue scooter road","You are beautiful in the moments you never think to pose for.","Samjhana, my Bhoot, Abu made the Bottle Ocean 3d room around the dream of Pokhara, Manang, and Mustang waiting for us. Read this slowly, Sanu. It was made for your exact heart.","This page is a soft place to land when your day is heavy. You are beautiful in the moments you never think to pose for. This page is Abu’s a Bageshwori memory pressed between two p"
"204","/couple-time-capsule-lockbox","LoveCoupleTimeCapsuleLockBoxPage","src/pages/LoveCoupleTimeCapsuleLockBoxPage.jsx","Couple Time Capsule Lockbox","sequence page 168","168","58074","10","LoveCoupleTimeCapsuleLockBox","src/pages/LoveCoupleTimeCapsuleLockBoxPage.jsx | src/components/LoveCoupleTimeCapsuleLockBox.jsx | src/components/WorldShell.jsx | src/themes.js | src/components/AudioController.jsx | src/store/useAppStore.js | src/config.ts | src/data/roomSequence.js | src/utils/mediaUtils.js | src/utils/whatsappHelper.js","","27","61","38","text-sky-400 text-center rounded-3xl bg-slate-950 border-4 border-sky-500/70 shadow-2xl rounded-2xl text-xs font-extrabold","","","","LOW","493185158f80","true","Chau-Chau, Panipuri, momo, and the foods that became our language","a compliment saved for your next tired day","Your kindness is one of the reasons Abu keeps choosing you.","Samjhana, my Fuchee, Abu made the Couple Time Capsule Lockbox room around Chau-Chau, Panipuri, momo, and the foods that became our language. Open this when you miss Abu.","The secret is simple: Abu would still choose you in every version of the story. Your kindness is one of the reasons Abu keeps choosing you. This page is Abu’s a Sakai-to-Nepalgunj "
"205","/sweet-heart-paper-craft","LoveSweetHeartPaperCraftPage","src/pages/LoveSweetHeartPaperCraftPage.jsx","Sweet Heart Paper Craft","sequence page 169","169","58853","10","LoveSweetHeartPaperCraft","src/pages/LoveSweetHeartPaperCraftPage.jsx | src/components/LoveSweetHeartPaperCraft.jsx | src/components/WorldShell.jsx | src/themes.js | src/components/AudioController.jsx | src/store/useAppStore.js | src/config.ts | src/data/roomSequence.js | src/utils/mediaUtils.js | src/utils/whatsappHelper.js","","27","60","38","bg-rose-700 border-rose-400 bg-amber-600 border-amber-300 bg-purple-700 border-purple-400 text-rose-500 text-center rounded-3xl bg-amber-950/40","","","","LOW","a10732723a24","true","the way you can be Sanzu, Bhuntu, Sanu, Babe, or Runchi and still be home","a bouquet of words for your soft days","You make Abu want to become gentler, steadier, and more worthy of your trust.","Samjhana, my Fuchee, Abu made the Sweet Heart Paper Craft room around the way you can be Sanzu, Bhuntu, Sanu, Babe, or Runchi and still be home. The gift inside is not expensive; i","This is a reminder that you are loved in the details. You make Abu want to become gentler, steadier, and more worthy of your trust. This page is Abu’s a future postcard from the li"
"206","/love-wordle","LoveWordlePage","src/pages/LoveWordlePage.jsx","Love Wordle","sequence page 170","170","1385","1","page-specific JSX","src/pages/LoveWordlePage.jsx","","0","2","8","bg-[ text-[ text-indigo-700 text-xs font-black text-6xl text-lg rounded-2xl border-4 font-mono","","interaction with low media","","HIGH","9a9d3c2a540d","true","late-night video calls between Nepalgunj and Sakai, Osaka","a Bageshwori memory pressed between two pages","You make ordinary food, ordinary calls, and ordinary rooms feel like memories.","Samjhana, my Babe, Abu made the Love Wordle room around late-night video calls between Nepalgunj and Sakai, Osaka. This is a reminder that you are loved in the details.","Open this when you miss Abu. You make ordinary food, ordinary calls, and ordinary rooms feel like memories. This page is Abu’s a quiet “open when” note for your pocket for Runchi."
"207","/couple-escape-room","CoupleEscapeRoomPage","src/pages/CoupleEscapeRoomPage.jsx","Couple Escape Room","sequence page 171","171","64246","10","CoupleEscapeRoom","src/pages/CoupleEscapeRoomPage.jsx | src/components/CoupleEscapeRoom.jsx | src/components/WorldShell.jsx | src/themes.js | src/components/AudioController.jsx | src/store/useAppStore.js | src/config.ts | src/data/roomSequence.js | src/utils/mediaUtils.js | src/utils/whatsappHelper.js","","27","74","49","from-amber-950 via-slate-950 to-stone-950 from-blue-950 to-indigo-950 from-rose-950 to-pink-950 from-purple-950 to-amber-950 from-emerald-950","","","","LOW","b100d1d37265","true","the day “Abhay” became “Abu” because you made it yours","a promise folded into a keepsake card","You are the person behind every name Abu says with a softer voice.","Samjhana, my Sanzu, Abu made the Couple Escape Room room around the day “Abhay” became “Abu” because you made it yours. This page is a soft place to land when your day is heavy.","A small surprise: Abu remembers more than he says. You are the person behind every name Abu says with a softer voice. This page is Abu’s a compliment saved for your next tired day "
"208","/bhuntu-trivia-showdown","BhuntuTriviaShowdownPage","src/pages/BhuntuTriviaShowdownPage.jsx","Bhuntu Trivia Showdown","registered but not in sequence","","59278","10","BhuntuTriviaShowdown","src/pages/BhuntuTriviaShowdownPage.jsx | src/components/BhuntuTriviaShowdown.jsx | src/components/WorldShell.jsx | src/themes.js | src/components/AudioController.jsx | src/store/useAppStore.js | src/config.ts | src/data/roomSequence.js | src/utils/mediaUtils.js | src/utils/whatsappHelper.js","","27","58","58","text-amber-400 text-center rounded-3xl bg-slate-950 border-4 border-amber-500/70 shadow-2xl bg-amber-950/40 rounded-2xl border-amber-400/40","","","","LOW","711d8159bd2f","true","the day “Abhay” became “Abu” because you made it yours","a small surprise box with one true thing inside","You are the person behind every name Abu says with a softer voice.","Samjhana, my Babe, Abu made the Bhuntu Trivia Showdown room around the day “Abhay” became “Abu” because you made it yours. Keep this for the next time distance feels loud.","Read this slowly, Sanu. It was made for your exact heart. You are the person behind every name Abu says with a softer voice. This page is Abu’s a birthday blessing written in Abu’s"
"209","/love-pixel-art","LovePixelArtCreatorPage","src/pages/LovePixelArtCreatorPage.jsx","Love Pixel Art","sequence page 173","173","59035","10","LovePixelArtCreator","src/pages/LovePixelArtCreatorPage.jsx | src/components/LovePixelArtCreator.jsx | src/components/WorldShell.jsx | src/themes.js | src/components/AudioController.jsx | src/store/useAppStore.js | src/config.ts | src/data/roomSequence.js | src/utils/mediaUtils.js | src/utils/whatsappHelper.js","","27","61","39","text-pink-400 text-center rounded-3xl bg-slate-950 border-4 border-pink-500/70 shadow-2xl bg-stone-900/90 rounded-2xl border-stone-800","","","","LOW","0baec41dbf5a","true","dropping you at the Language Institute before Japan","a quiet “open when” note for your pocket","Your moods, your laugh, your quiet, and your Bhoot moments all belong to the girl Abu loves.","Samjhana, my Bhuntu, Abu made the Love Pixel Art room around dropping you at the Language Institute before Japan. This page is a soft place to land when your day is heavy.","A small surprise: Abu remembers more than he says. Your moods, your laugh, your quiet, and your Bhoot moments all belong to the girl Abu loves. This page is Abu’s a promise map for"
"210","/love-anagram-solver","LoveAnagramSolverPage","src/pages/LoveAnagramSolverPage.jsx","Love Anagram Solver","sequence page 174","174","58957","10","LoveAnagramSolver","src/pages/LoveAnagramSolverPage.jsx | src/components/LoveAnagramSolver.jsx | src/components/WorldShell.jsx | src/themes.js | src/components/AudioController.jsx | src/store/useAppStore.js | src/config.ts | src/data/roomSequence.js | src/utils/mediaUtils.js | src/utils/whatsappHelper.js","","27","67","43","text-pink-400 text-center rounded-3xl bg-slate-950 border-4 border-pink-500/70 shadow-2xl bg-pink-950/40 rounded-2xl border-pink-400/40","","","","LOW","e8a940871363","true","Water Park laughter and the day moving too quickly","a Sakai-to-Nepalgunj distance token","Your “huss” can make a long day feel close again.","Samjhana, my Fuchee, Abu made the Love Anagram Solver room around Water Park laughter and the day moving too quickly. A small surprise: Abu remembers more than he says.","Keep this for the next time distance feels loud. Your “huss” can make a long day feel close again. This page is Abu’s a memory ribbon tied to your favourite name for Samjhana."
"211","/love-photo-mosaic","LovePhotoMosaicBuilderPage","src/pages/LovePhotoMosaicBuilderPage.jsx","Love Photo Mosaic","sequence page 175","175","58302","10","LovePhotoMosaicBuilder","src/pages/LovePhotoMosaicBuilderPage.jsx | src/components/LovePhotoMosaicBuilder.jsx | src/components/WorldShell.jsx | src/themes.js | src/components/AudioController.jsx | src/store/useAppStore.js | src/config.ts | src/data/roomSequence.js | src/utils/mediaUtils.js | src/utils/whatsappHelper.js","","27","59","37","text-amber-400 text-center rounded-3xl bg-slate-950 border-4 border-amber-500/70 shadow-2xl bg-amber-950/40 rounded-2xl border-amber-400/40","","","","LOW","4326df1da2b0","true","late-night video calls between Nepalgunj and Sakai, Osaka","a bouquet of words for your soft days","You make ordinary food, ordinary calls, and ordinary rooms feel like memories.","Samjhana, my Bebo, Abu made the Love Photo Mosaic room around late-night video calls between Nepalgunj and Sakai, Osaka. The gift inside is not expensive; it is specific to you.","This is a reminder that you are loved in the details. You make ordinary food, ordinary calls, and ordinary rooms feel like memories. This page is Abu’s a future postcard from the l"
"212","/first-moments-timeline","FirstMomentsTimelinePage","src/pages/FirstMomentsTimelinePage.jsx","First Moments Timeline","sequence page 176","176","61984","10","FirstMomentsTimeline","src/pages/FirstMomentsTimelinePage.jsx | src/components/FirstMomentsTimeline.jsx | src/components/WorldShell.jsx | src/themes.js | src/components/AudioController.jsx | src/store/useAppStore.js | src/config.ts | src/data/roomSequence.js | src/utils/mediaUtils.js | src/utils/whatsappHelper.js","","28","63","51","text-pink-400 text-center font-ui rounded-3xl bg-slate-950/90 border-4 border-pink-500/60 shadow-2xl text-white bg-pink-950/50","","","","LOW","c97248a3bf3a","true","the day “Abhay” became “Abu” because you made it yours","a tiny cinema ticket for one moment Abu would replay","You are the person behind every name Abu says with a softer voice.","Samjhana, my Bhoot, Abu made the First Moments Timeline room around the day “Abhay” became “Abu” because you made it yours. Read this slowly, Sanu. It was made for your exact heart","This page is a soft place to land when your day is heavy. You are the person behind every name Abu says with a softer voice. This page is Abu’s a private letter from Abu for Bebo."
"213","/memory-constellation","MemoryConstellationMapPage","src/pages/MemoryConstellationMapPage.jsx","Memory Constellation","sequence page 177","177","63120","10","MemoryConstellationMap","src/pages/MemoryConstellationMapPage.jsx | src/components/MemoryConstellationMap.jsx | src/components/WorldShell.jsx | src/themes.js | src/components/AudioController.jsx | src/store/useAppStore.js | src/config.ts | src/data/roomSequence.js | src/utils/mediaUtils.js | src/utils/whatsappHelper.js","","27","65","39","text-purple-300 rounded-3xl border-indigo-700/60 shadow-[0_0_60px_rgba text-indigo-300 text-xs font-semibold bg-purple-900/80 border-purple-400/40 text-purple-200","","","","LOW","30b771de962b","true","the way you can be Sanzu, Bhuntu, Sanu, Babe, or Runchi and still be home","a voice-note moment for the nights you miss home","You make Abu want to become gentler, steadier, and more worthy of your trust.","Samjhana, my Bebo, Abu made the Memory Constellation room around the way you can be Sanzu, Bhuntu, Sanu, Babe, or Runchi and still be home. The secret is simple: Abu would still ch","The gift inside is not expensive; it is specific to you. You make Abu want to become gentler, steadier, and more worthy of your trust. This page is Abu’s a small surprise box with "
"214","/couple-yearbook","CoupleYearbookPage","src/pages/CoupleYearbookPage.jsx","Couple Yearbook","sequence page 178","178","56396","10","CoupleYearbook","src/pages/CoupleYearbookPage.jsx | src/components/CoupleYearbook.jsx | src/components/WorldShell.jsx | src/themes.js | src/components/AudioController.jsx | src/store/useAppStore.js | src/config.ts | src/data/roomSequence.js | src/utils/mediaUtils.js | src/utils/whatsappHelper.js","","27","54","46","text-amber-400 text-center rounded-3xl bg-slate-950 border-4 border-amber-400 shadow-2xl rounded-2xl border-2 border-amber-300","","","","LOW","706f7cf61c3a","true","late-night video calls between Nepalgunj and Sakai, Osaka","a voice-note moment for the nights you miss home","You make ordinary food, ordinary calls, and ordinary rooms feel like memories.","Samjhana, my Bebo, Abu made the Couple Yearbook room around late-night video calls between Nepalgunj and Sakai, Osaka. The secret is simple: Abu would still choose you in every ver","The gift inside is not expensive; it is specific to you. You make ordinary food, ordinary calls, and ordinary rooms feel like memories. This page is Abu’s a small surprise box with"
"215","/love-letter-archive","LoveLetterArchivePage","src/pages/LoveLetterArchivePage.jsx","Love Letter Archive","sequence page 179","179","58817","10","LoveLetterArchive","src/pages/LoveLetterArchivePage.jsx | src/components/LoveLetterArchive.jsx | src/components/WorldShell.jsx | src/themes.js | src/components/AudioController.jsx | src/store/useAppStore.js | src/config.ts | src/data/roomSequence.js | src/utils/mediaUtils.js | src/utils/whatsappHelper.js","","27","55","44","text-rose-500 text-center rounded-3xl bg-amber-950/40 border-4 border-amber-500/70 shadow-2xl bg-black/80 rounded-2xl border-amber-400/40","","","","LOW","5fb76473ca64","true","dropping you at the Language Institute before Japan","a tiny cinema ticket for one moment Abu would replay","Your moods, your laugh, your quiet, and your Bhoot moments all belong to the girl Abu loves.","Samjhana, my Samjhana, Abu made the Love Letter Archive room around dropping you at the Language Institute before Japan. Read this slowly, Sanu. It was made for your exact heart.","This page is a soft place to land when your day is heavy. Your moods, your laugh, your quiet, and your Bhoot moments all belong to the girl Abu loves. This page is Abu’s a private "
"216","/couple-soundtrack","CoupleSoundtrackPage","src/pages/CoupleSoundtrackPage.jsx","Couple Soundtrack","sequence page 180","180","56541","10","CoupleSoundtrack","src/pages/CoupleSoundtrackPage.jsx | src/components/CoupleSoundtrack.jsx | src/components/WorldShell.jsx | src/themes.js | src/components/AudioController.jsx | src/store/useAppStore.js | src/config.ts | src/data/roomSequence.js | src/utils/mediaUtils.js | src/utils/whatsappHelper.js","","27","54","45","text-pink-400 text-center rounded-3xl bg-slate-950 border-4 border-pink-400 shadow-2xl rounded-2xl border-2 border-amber-300","","","","LOW","e8da77cc5a7b","true","Bageshwori Temple and the prayers we carried home","a voice-note moment for the nights you miss home","Your smile makes Abu forget what he was worried about.","Samjhana, my Sanu, Abu made the Couple Soundtrack room around Bageshwori Temple and the prayers we carried home. The secret is simple: Abu would still choose you in every version o","The gift inside is not expensive; it is specific to you. Your smile makes Abu forget what he was worried about. This page is Abu’s a small surprise box with one true thing inside f"
"217","/love-spell-caster","LoveSpellCasterPage","src/pages/LoveSpellCasterPage.jsx","Love Spell Caster","sequence page 181","181","58697","10","LoveSpellCaster","src/pages/LoveSpellCasterPage.jsx | src/components/LoveSpellCaster.jsx | src/components/WorldShell.jsx | src/themes.js | src/components/AudioController.jsx | src/store/useAppStore.js | src/config.ts | src/data/roomSequence.js | src/utils/mediaUtils.js | src/utils/whatsappHelper.js","","27","60","37","text-amber-300 text-rose-400 text-purple-300 text-orange-400 text-center rounded-3xl bg-slate-950 border-4 border-purple-500/70 shadow-2xl","","","","LOW","3510b709f3ee","true","the dream of Pokhara, Manang, and Mustang waiting for us","a quiet “open when” note for your pocket","You are beautiful in the moments you never think to pose for.","Samjhana, my Sanzu, Abu made the Love Spell Caster room around the dream of Pokhara, Manang, and Mustang waiting for us. This page is a soft place to land when your day is heavy.","A small surprise: Abu remembers more than he says. You are beautiful in the moments you never think to pose for. This page is Abu’s a promise map for the places we still want to se"
"218","/love-potion-lab","LovePotionLaboratoryPage","src/pages/LovePotionLaboratoryPage.jsx","Love Potion Lab","sequence page 182","182","56366","10","LovePotionLaboratory","src/pages/LovePotionLaboratoryPage.jsx | src/components/LovePotionLaboratory.jsx | src/components/WorldShell.jsx | src/themes.js | src/components/AudioController.jsx | src/store/useAppStore.js | src/config.ts | src/data/roomSequence.js | src/utils/mediaUtils.js | src/utils/whatsappHelper.js","","27","56","38","text-pink-400 text-center rounded-3xl bg-slate-950 border-4 border-pink-400 shadow-2xl rounded-2xl border-2 border-amber-300","","","","LOW","8d17f01d9df5","true","the room-search conversation that started in Nepalgunj","a quiet “open when” note for your pocket","You are the best part of every future Abu imagines.","Samjhana, my Sanu, Abu made the Love Potion Lab room around the room-search conversation that started in Nepalgunj. This page is a soft place to land when your day is heavy.","A small surprise: Abu remembers more than he says. You are the best part of every future Abu imagines. This page is Abu’s a promise map for the places we still want to see for Babe"
"219","/fairy-tale-generator","FairyTaleGeneratorPage","src/pages/FairyTaleGeneratorPage.jsx","Fairy Tale Generator","sequence page 183","183","56258","10","FairyTaleGenerator","src/pages/FairyTaleGeneratorPage.jsx | src/components/FairyTaleGenerator.jsx | src/components/WorldShell.jsx | src/themes.js | src/components/AudioController.jsx | src/store/useAppStore.js | src/config.ts | src/data/roomSequence.js | src/utils/mediaUtils.js | src/utils/whatsappHelper.js","","27","54","47","text-amber-400 text-center rounded-3xl bg-slate-950 border-4 border-amber-400 shadow-2xl rounded-2xl border-2 border-amber-300","","","","LOW","077cac586f4c","true","the day “Abhay” became “Abu” because you made it yours","a future postcard from the light-blue scooter road","You are the person behind every name Abu says with a softer voice.","Samjhana, my Sanu, Abu made the Fairy Tale Generator room around the day “Abhay” became “Abu” because you made it yours. Read this slowly, Sanu. It was made for your exact heart.","This page is a soft place to land when your day is heavy. You are the person behind every name Abu says with a softer voice. This page is Abu’s a Bageshwori memory pressed between "
"220","/enchanted-crystal-ball","EnchantedCrystalBallPage","src/pages/EnchantedCrystalBallPage.jsx","Enchanted Crystal Ball","sequence page 184","184","55874","10","EnchantedCrystalBall","src/pages/EnchantedCrystalBallPage.jsx | src/components/EnchantedCrystalBall.jsx | src/components/WorldShell.jsx | src/themes.js | src/components/AudioController.jsx | src/store/useAppStore.js | src/config.ts | src/data/roomSequence.js | src/utils/mediaUtils.js | src/utils/whatsappHelper.js","","27","56","39","text-indigo-300 text-center rounded-3xl bg-slate-950 border-4 border-indigo-400 shadow-2xl rounded-2xl border-2 border-amber-300","","","","LOW","804100d3420a","true","Water Park laughter and the day moving too quickly","a promise folded into a keepsake card","Your “huss” can make a long day feel close again.","Samjhana, my Sanu, Abu made the Enchanted Crystal Ball room around Water Park laughter and the day moving too quickly. This page is a soft place to land when your day is heavy.","A small surprise: Abu remembers more than he says. Your “huss” can make a long day feel close again. This page is Abu’s a compliment saved for your next tired day for Babe."
"221","/dragon-princess-adventure","DragonPrincessAdventurePage","src/pages/DragonPrincessAdventurePage.jsx","Dragon Princess Adventure","sequence page 185","185","57285","10","DragonPrincessAdventure","src/pages/DragonPrincessAdventurePage.jsx | src/components/DragonPrincessAdventure.jsx | src/components/WorldShell.jsx | src/themes.js | src/components/AudioController.jsx | src/store/useAppStore.js | src/config.ts | src/data/roomSequence.js | src/utils/mediaUtils.js | src/utils/whatsappHelper.js","","27","57","43","text-amber-400 text-center rounded-3xl bg-slate-950 border-4 border-amber-400 shadow-2xl rounded-2xl border-2 border-amber-300","","","","LOW","4080e27eddea","true","the room-search conversation that started in Nepalgunj","a small surprise box with one true thing inside","You are the best part of every future Abu imagines.","Samjhana, my Sanu, Abu made the Dragon Princess Adventure room around the room-search conversation that started in Nepalgunj. Keep this for the next time distance feels loud.","Read this slowly, Sanu. It was made for your exact heart. You are the best part of every future Abu imagines. This page is Abu’s a birthday blessing written in Abu’s handwriting fo"
"222","/love-wizard-tower","LoveWizardTowerPage","src/pages/LoveWizardTowerPage.jsx","Love Wizard Tower","sequence page 186","186","57780","10","LoveWizardTower","src/pages/LoveWizardTowerPage.jsx | src/components/LoveWizardTower.jsx | src/components/WorldShell.jsx | src/themes.js | src/components/AudioController.jsx | src/store/useAppStore.js | src/config.ts | src/data/roomSequence.js | src/utils/mediaUtils.js | src/utils/whatsappHelper.js","","27","63","43","text-purple-300 text-center rounded-3xl bg-slate-950 border-4 border-purple-400 shadow-2xl rounded-2xl border-2 border-amber-300","","","","LOW","8de6edc44f91","true","the dream of Pokhara, Manang, and Mustang waiting for us","a quiet “open when” note for your pocket","You are beautiful in the moments you never think to pose for.","Samjhana, my Samjhana, Abu made the Love Wizard Tower room around the dream of Pokhara, Manang, and Mustang waiting for us. This page is a soft place to land when your day is heavy","A small surprise: Abu remembers more than he says. You are beautiful in the moments you never think to pose for. This page is Abu’s a promise map for the places we still want to se"
"223","/love-graffiti-wall","LoveGraffitiWallPage","src/pages/LoveGraffitiWallPage.jsx","Love Graffiti Wall","sequence page 187","187","60110","10","LoveGraffitiWall","src/pages/LoveGraffitiWallPage.jsx | src/components/LoveGraffitiWall.jsx | src/components/WorldShell.jsx | src/themes.js | src/components/AudioController.jsx | src/store/useAppStore.js | src/config.ts | src/data/roomSequence.js | src/utils/mediaUtils.js | src/utils/whatsappHelper.js","","28","56","42","text-pink-400 text-center rounded-3xl bg-slate-950 border-4 border-pink-500/70 shadow-2xl rounded-2xl border-stone-700 bg-stone-900","","","","LOW","cdb60ccf3823","true","the dream of Pokhara, Manang, and Mustang waiting for us","a tiny memory ticket from Nepalgunj","You are beautiful in the moments you never think to pose for.","Samjhana, my Bhuntu, Abu made the Love Graffiti Wall room around the dream of Pokhara, Manang, and Mustang waiting for us. A small surprise: Abu remembers more than he says.","Keep this for the next time distance feels loud. You are beautiful in the moments you never think to pose for. This page is Abu’s a voice-note moment for the nights you miss home f"
"224","/love-neon-sign","LoveNeonSignDesignerPage","src/pages/LoveNeonSignDesignerPage.jsx","Love Neon Sign","sequence page 188","188","56151","8","LoveNeonSignDesigner","src/pages/LoveNeonSignDesignerPage.jsx | src/components/LoveNeonSignDesigner.jsx | src/components/AudioController.jsx | src/store/useAppStore.js | src/config.ts | src/data/roomSequence.js | src/utils/mediaUtils.js | src/utils/whatsappHelper.js","","31","60","59","font-family: text-align: font-size: text-shadow: border-radius: font-weight: text-decoration: bg-white/90 text-pink-600 rounded-full","","","","LOW","65bee41601bb","true","Bageshwori Temple and the prayers we carried home","a Bageshwori memory pressed between two pages","Your smile makes Abu forget what he was worried about.","Samjhana, my Runchi, Abu made the Love Neon Sign room around Bageshwori Temple and the prayers we carried home. This is a reminder that you are loved in the details.","Open this when you miss Abu. Your smile makes Abu forget what he was worried about. This page is Abu’s a quiet “open when” note for your pocket for Bhoot."
"225","/bhuntu-emoji-comic","BhuntuEmojiComicPage","src/pages/BhuntuEmojiComicPage.jsx","Bhuntu Emoji Comic","sequence page 189","189","56034","8","BhuntuEmojiComic","src/pages/BhuntuEmojiComicPage.jsx | src/components/BhuntuEmojiComic.jsx | src/components/AudioController.jsx | src/store/useAppStore.js | src/config.ts | src/data/roomSequence.js | src/utils/mediaUtils.js | src/utils/whatsappHelper.js","","28","71","57","font-family: border-radius: font-weight: font-size: bg-white/90 text-pink-600 rounded-full border-pink-300 shadow-md font-bold","","","","LOW","fd23b9fd6fdc","true","dropping you at the Language Institute before Japan","a soft landing place for a difficult day","Your moods, your laugh, your quiet, and your Bhoot moments all belong to the girl Abu loves.","Samjhana, my Fuchee, Abu made the Bhuntu Emoji Comic room around dropping you at the Language Institute before Japan. Keep this for the next time distance feels loud.","Read this slowly, Sanu. It was made for your exact heart. Your moods, your laugh, your quiet, and your Bhoot moments all belong to the girl Abu loves. This page is Abu’s a bouquet "
"226","/love-kaleidoscope","LoveKaleidoscopePage","src/pages/LoveKaleidoscopePage.jsx","Love Kaleidoscope","sequence page 190","190","52499","8","LoveKaleidoscope","src/pages/LoveKaleidoscopePage.jsx | src/components/LoveKaleidoscope.jsx | src/components/AudioController.jsx | src/store/useAppStore.js | src/config.ts | src/data/roomSequence.js | src/utils/mediaUtils.js | src/utils/whatsappHelper.js","","32","64","71","font-family: border-radius: text-align: font-size: font-weight: bg-white/90 text-pink-600 rounded-full border-pink-300 shadow-md","","","","LOW","1a6edf6c18f4","true","the way you can be Sanzu, Bhuntu, Sanu, Babe, or Runchi and still be home","a Bageshwori memory pressed between two pages","You make Abu want to become gentler, steadier, and more worthy of your trust.","Samjhana, my Samjhana, Abu made the Love Kaleidoscope room around the way you can be Sanzu, Bhuntu, Sanu, Babe, or Runchi and still be home. This is a reminder that you are loved i","Open this when you miss Abu. You make Abu want to become gentler, steadier, and more worthy of your trust. This page is Abu’s a quiet “open when” note for your pocket for Sanzu."
"227","/cherry-blossom-wish-tree","CherryBlossomWishTreePage","src/pages/CherryBlossomWishTreePage.jsx","Cherry Blossom Wish Tree","sequence page 191","191","55619","10","CherryBlossomWishTree","src/pages/CherryBlossomWishTreePage.jsx | src/components/CherryBlossomWishTree.jsx | src/components/WorldShell.jsx | src/themes.js | src/components/AudioController.jsx | src/store/useAppStore.js | src/config.ts | src/data/roomSequence.js | src/utils/mediaUtils.js | src/utils/whatsappHelper.js","","27","53","40","text-pink-400 text-center rounded-3xl bg-slate-950 border-4 border-pink-400 shadow-2xl rounded-2xl border-2 border-amber-300","","","","LOW","8006839a1745","true","late-night video calls between Nepalgunj and Sakai, Osaka","a bouquet of words for your soft days","You make ordinary food, ordinary calls, and ordinary rooms feel like memories.","Samjhana, my Runchi, Abu made the Cherry Blossom Wish Tree room around late-night video calls between Nepalgunj and Sakai, Osaka. The gift inside is not expensive; it is specific t","This is a reminder that you are loved in the details. You make ordinary food, ordinary calls, and ordinary rooms feel like memories. This page is Abu’s a future postcard from the l"
"228","/love-advent-calendar","LoveAdventCalendarPage","src/pages/LoveAdventCalendarPage.jsx","Love Advent Calendar","sequence page 192","192","56300","10","LoveAdventCalendar","src/pages/LoveAdventCalendarPage.jsx | src/components/LoveAdventCalendar.jsx | src/components/WorldShell.jsx | src/themes.js | src/components/AudioController.jsx | src/store/useAppStore.js | src/config.ts | src/data/roomSequence.js | src/utils/mediaUtils.js | src/utils/whatsappHelper.js","","27","54","38","text-rose-500 text-center rounded-3xl bg-slate-950 border-4 border-rose-400 shadow-2xl rounded-2xl border-2 border-amber-300","","","","LOW","2bf9a46a3b53","true","the day “Abhay” became “Abu” because you made it yours","a tiny memory ticket from Nepalgunj","You are the person behind every name Abu says with a softer voice.","Samjhana, my Samjhana, Abu made the Love Advent Calendar room around the day “Abhay” became “Abu” because you made it yours. A small surprise: Abu remembers more than he says.","Keep this for the next time distance feels loud. You are the person behind every name Abu says with a softer voice. This page is Abu’s a voice-note moment for the nights you miss h"
"229","/new-year-fireworks","NewYearLoveFireworksPage","src/pages/NewYearLoveFireworksPage.jsx","New Year Fireworks","sequence page 193","193","55502","10","NewYearLoveFireworks","src/pages/NewYearLoveFireworksPage.jsx | src/components/NewYearLoveFireworks.jsx | src/components/WorldShell.jsx | src/themes.js | src/components/AudioController.jsx | src/store/useAppStore.js | src/config.ts | src/data/roomSequence.js | src/utils/mediaUtils.js | src/utils/whatsappHelper.js","","27","53","37","text-amber-400 text-center rounded-3xl bg-slate-950 border-4 border-amber-400 shadow-2xl rounded-2xl border-2 border-amber-300","","","","LOW","377d439d53ff","true","the room-search conversation that started in Nepalgunj","a future postcard from the light-blue scooter road","You are the best part of every future Abu imagines.","Samjhana, my Bhoot, Abu made the New Year Fireworks room around the room-search conversation that started in Nepalgunj. Read this slowly, Sanu. It was made for your exact heart.","This page is a soft place to land when your day is heavy. You are the best part of every future Abu imagines. This page is Abu’s a Bageshwori memory pressed between two pages for B"
"230","/valentine-card-creator","ValentineCardCreatorPage","src/pages/ValentineCardCreatorPage.jsx","Valentine Card Creator","sequence page 194","194","56362","10","ValentineCardCreator","src/pages/ValentineCardCreatorPage.jsx | src/components/ValentineCardCreator.jsx | src/components/WorldShell.jsx | src/themes.js | src/components/AudioController.jsx | src/store/useAppStore.js | src/config.ts | src/data/roomSequence.js | src/utils/mediaUtils.js | src/utils/whatsappHelper.js","","27","54","43","text-rose-500 text-center rounded-3xl bg-slate-950 border-4 border-rose-400 shadow-2xl rounded-2xl border-2 border-amber-300","","","","LOW","cd2ffedf4ef5","true","the day “Abhay” became “Abu” because you made it yours","a tiny memory ticket from Nepalgunj","You are the person behind every name Abu says with a softer voice.","Samjhana, my Fuchee, Abu made the Valentine Card Creator room around the day “Abhay” became “Abu” because you made it yours. A small surprise: Abu remembers more than he says.","Keep this for the next time distance feels loud. You are the person behind every name Abu says with a softer voice. This page is Abu’s a voice-note moment for the nights you miss h"
"231","/love-dated-calendar","LoveDatedCalendarPage","src/pages/LoveDatedCalendarPage.jsx","Love Dated Calendar","sequence page 195","195","56617","10","LoveDatedCalendar","src/pages/LoveDatedCalendarPage.jsx | src/components/LoveDatedCalendar.jsx | src/components/WorldShell.jsx | src/themes.js | src/components/AudioController.jsx | src/store/useAppStore.js | src/config.ts | src/data/roomSequence.js | src/utils/mediaUtils.js | src/utils/whatsappHelper.js","","27","54","43","text-pink-400 text-center rounded-3xl bg-slate-950 border-4 border-pink-400 shadow-2xl rounded-2xl border-2 border-amber-300","","","","LOW","a5ace8fda6d2","true","the dream of Pokhara, Manang, and Mustang waiting for us","a soft landing place for a difficult day","You are beautiful in the moments you never think to pose for.","Samjhana, my Bebo, Abu made the Love Dated Calendar room around the dream of Pokhara, Manang, and Mustang waiting for us. Keep this for the next time distance feels loud.","Read this slowly, Sanu. It was made for your exact heart. You are beautiful in the moments you never think to pose for. This page is Abu’s a bouquet of words for your soft days for"
"232","/fortune-cookie-love","FortuneCookieLovePage","src/pages/FortuneCookieLovePage.jsx","Fortune Cookie Love","sequence page 196","196","56747","10","FortuneCookieLove","src/pages/FortuneCookieLovePage.jsx | src/components/FortuneCookieLove.jsx | src/components/WorldShell.jsx | src/themes.js | src/components/AudioController.jsx | src/store/useAppStore.js | src/config.ts | src/data/roomSequence.js | src/utils/mediaUtils.js | src/utils/whatsappHelper.js","","27","58","41","text-amber-400 text-center rounded-3xl bg-slate-950 border-4 border-amber-400 shadow-2xl rounded-2xl border-2 border-amber-300","","","","LOW","65b544b64460","true","the day “Abhay” became “Abu” because you made it yours","a promise folded into a keepsake card","You are the person behind every name Abu says with a softer voice.","Samjhana, my Bebo, Abu made the Fortune Cookie Love room around the day “Abhay” became “Abu” because you made it yours. This page is a soft place to land when your day is heavy.","A small surprise: Abu remembers more than he says. You are the person behind every name Abu says with a softer voice. This page is Abu’s a compliment saved for your next tired day "
"233","/infinite-reasons","InfiniteReasonsMachinePage","src/pages/InfiniteReasonsMachinePage.jsx","Infinite Reasons","sequence page 197","197","63046","10","InfiniteReasonsMachine","src/pages/InfiniteReasonsMachinePage.jsx | src/components/InfiniteReasonsMachine.jsx | src/components/WorldShell.jsx | src/themes.js | src/components/AudioController.jsx | src/store/useAppStore.js | src/config.ts | src/data/roomSequence.js | src/utils/mediaUtils.js | src/utils/whatsappHelper.js","","27","77","41","rounded-xl border-2 border-rose-400/40 bg-slate-950/80 bg-rose-500/10 border-y border-rose-400/30 text-[9px] font-bold text-rose-200/60","","","","LOW","eaa0fc840df3","true","the day “Abhay” became “Abu” because you made it yours","a small surprise box with one true thing inside","You are the person behind every name Abu says with a softer voice.","Samjhana, my Bebo, Abu made the Infinite Reasons room around the day “Abhay” became “Abu” because you made it yours. Keep this for the next time distance feels loud.","Read this slowly, Sanu. It was made for your exact heart. You are the person behind every name Abu says with a softer voice. This page is Abu’s a birthday blessing written in Abu’s"
"234","/love-awards-night","LoveAwardsNightPage","src/pages/LoveAwardsNightPage.jsx","Love Awards Night","sequence page 198","198","58408","10","LoveAwardsNight","src/pages/LoveAwardsNightPage.jsx | src/components/LoveAwardsNight.jsx | src/components/WorldShell.jsx | src/themes.js | src/components/AudioController.jsx | src/store/useAppStore.js | src/config.ts | src/data/roomSequence.js | src/utils/mediaUtils.js | src/utils/whatsappHelper.js","","27","54","45","text-amber-400 rounded-3xl bg-gradient-to-b from-red-950 via-slate-950 to-stone-950 border-4 border-amber-500/70 shadow-[0_0_50px_rgba bg-black/80","","","","LOW","6d64b9073c2a","true","dropping you at the Language Institute before Japan","a Sakai-to-Nepalgunj distance token","Your moods, your laugh, your quiet, and your Bhoot moments all belong to the girl Abu loves.","Samjhana, my Bebo, Abu made the Love Awards Night room around dropping you at the Language Institute before Japan. A small surprise: Abu remembers more than he says.","Keep this for the next time distance feels loud. Your moods, your laugh, your quiet, and your Bhoot moments all belong to the girl Abu loves. This page is Abu’s a memory ribbon tie"
"235","/four-seasons-of-love","FourSeasonsOfLovePage","src/pages/FourSeasonsOfLovePage.jsx","Four Seasons Of Love","sequence page 199","199","56825","10","FourSeasonsOfLove","src/pages/FourSeasonsOfLovePage.jsx | src/components/FourSeasonsOfLove.jsx | src/components/WorldShell.jsx | src/themes.js | src/components/AudioController.jsx | src/store/useAppStore.js | src/config.ts | src/data/roomSequence.js | src/utils/mediaUtils.js | src/utils/whatsappHelper.js","","27","54","47","text-amber-400 text-center rounded-3xl bg-slate-950 border-4 border-amber-400 shadow-2xl rounded-2xl border-2 border-amber-300","","","","LOW","f9b5e690ce40","true","Chau-Chau, Panipuri, momo, and the foods that became our language","a voice-note moment for the nights you miss home","Your kindness is one of the reasons Abu keeps choosing you.","Samjhana, my Bhuntu, Abu made the Four Seasons Of Love room around Chau-Chau, Panipuri, momo, and the foods that became our language. The secret is simple: Abu would still choose y","The gift inside is not expensive; it is specific to you. Your kindness is one of the reasons Abu keeps choosing you. This page is Abu’s a small surprise box with one true thing ins"
"236","/couple-cookbook","CoupleCookbookPage","src/pages/CoupleCookbookPage.jsx","Couple Cookbook","sequence page 200","200","55837","10","CoupleCookbook","src/pages/CoupleCookbookPage.jsx | src/components/CoupleCookbook.jsx | src/components/WorldShell.jsx | src/themes.js | src/components/AudioController.jsx | src/store/useAppStore.js | src/config.ts | src/data/roomSequence.js | src/utils/mediaUtils.js | src/utils/whatsappHelper.js","","27","53","41","text-emerald-400 text-center rounded-3xl bg-slate-950 border-4 border-emerald-400 shadow-2xl rounded-2xl border-2 border-amber-300","","","","LOW","bb9973db1ad2","true","the future light-blue scooter ride toward Bardiya","a voice-note moment for the nights you miss home","Your voice can cross the Nepalgunj-to-Sakai distance faster than any flight.","Samjhana, my Sanu, Abu made the Couple Cookbook room around the future light-blue scooter ride toward Bardiya. The secret is simple: Abu would still choose you in every version of ","The gift inside is not expensive; it is specific to you. Your voice can cross the Nepalgunj-to-Sakai distance faster than any flight. This page is Abu’s a small surprise box with o"
"237","/couple-bucket-list","CoupleBucketListPage","src/pages/CoupleBucketListPage.jsx","Couple Bucket List","sequence page 201","201","55846","10","CoupleBucketList","src/pages/CoupleBucketListPage.jsx | src/components/CoupleBucketList.jsx | src/components/WorldShell.jsx | src/themes.js | src/components/AudioController.jsx | src/store/useAppStore.js | src/config.ts | src/data/roomSequence.js | src/utils/mediaUtils.js | src/utils/whatsappHelper.js","","27","53","43","text-emerald-400 text-center rounded-3xl bg-slate-950 border-4 border-emerald-400 shadow-2xl rounded-2xl border-2 border-amber-300","","","","LOW","51c778746735","true","Water Park laughter and the day moving too quickly","a future postcard from the light-blue scooter road","Your “huss” can make a long day feel close again.","Samjhana, my Bhuntu, Abu made the Couple Bucket List room around Water Park laughter and the day moving too quickly. Read this slowly, Sanu. It was made for your exact heart.","This page is a soft place to land when your day is heavy. Your “huss” can make a long day feel close again. This page is Abu’s a Bageshwori memory pressed between two pages for San"
"238","/grand-love-universe","GrandLoveUniversePage","src/pages/GrandLoveUniversePage.jsx","Grand Love Universe","sequence page 202","202","61349","10","GrandLoveUniverse","src/pages/GrandLoveUniversePage.jsx | src/components/GrandLoveUniverse.jsx | src/components/WorldShell.jsx | src/themes.js | src/components/AudioController.jsx | src/store/useAppStore.js | src/config.ts | src/data/roomSequence.js | src/utils/mediaUtils.js | src/utils/whatsappHelper.js","","27","60","47","from-amber-400 to-yellow-500 from-blue-400 to-indigo-600 from-yellow-300 to-amber-500 from-pink-400 to-rose-500 from-orange-400 to-amber-600","","","","LOW","e647bcab1577","true","the dream of Pokhara, Manang, and Mustang waiting for us","a soft landing place for a difficult day","You are beautiful in the moments you never think to pose for.","Samjhana, my Samjhana, Abu made the Grand Love Universe room around the dream of Pokhara, Manang, and Mustang waiting for us. Keep this for the next time distance feels loud.","Read this slowly, Sanu. It was made for your exact heart. You are beautiful in the moments you never think to pose for. This page is Abu’s a bouquet of words for your soft days for"
"239","/sanzu-photo-gallery","SanzuPhotoGalleryGridPage","src/pages/SanzuPhotoGalleryGridPage.jsx","Samjhana Through Abu’s Eyes","sequence page 203","203","58927","10","SanzuPhotoGalleryGrid","src/pages/SanzuPhotoGalleryGridPage.jsx | src/components/SanzuPhotoGalleryGrid.jsx | src/components/WorldShell.jsx | src/themes.js | src/components/AudioController.jsx | src/store/useAppStore.js | src/config.ts | src/data/roomSequence.js | src/utils/mediaUtils.js | src/utils/whatsappHelper.js","","28","66","47","text-pink-400 text-center font-ui rounded-3xl bg-slate-950 border-4 border-pink-400 shadow-2xl rounded-2xl border-2","","","","LOW","3a6dc611d589","true","Water Park laughter and the day moving too quickly","a promise folded into a keepsake card","Your “huss” can make a long day feel close again.","Samjhana, my Fuchee, Abu made the Sanzu Photo Gallery room around Water Park laughter and the day moving too quickly. This page is a soft place to land when your day is heavy.","A small surprise: Abu remembers more than he says. Your “huss” can make a long day feel close again. This page is Abu’s a compliment saved for your next tired day for Samjhana."
"240","/romantic-audio-player","RomanticAudioPlayerPage","src/pages/RomanticAudioPlayerPage.jsx","The Voice Abu Keeps Close","sequence page 204","204","59093","10","RomanticAudioPlayer","src/pages/RomanticAudioPlayerPage.jsx | src/components/RomanticAudioPlayer.jsx | src/components/WorldShell.jsx | src/themes.js | src/components/AudioController.jsx | src/store/useAppStore.js | src/config.ts | src/data/roomSequence.js | src/utils/mediaUtils.js | src/utils/whatsappHelper.js","","28","59","41","text-pink-400 rounded-3xl bg-gradient-to-b from-stone-900 via-slate-950 to-stone-950 border-4 border-pink-500/50 shadow-[0_0_50px_rgba bg-stone-900","","","","LOW","59d214df08aa","true","the day “Abhay” became “Abu” because you made it yours","a small surprise box with one true thing inside","You are the person behind every name Abu says with a softer voice.","Samjhana, my Runchi, Abu made the Romantic Audio Player room around the day “Abhay” became “Abu” because you made it yours. Keep this for the next time distance feels loud.","Read this slowly, Sanu. It was made for your exact heart. You are the person behind every name Abu says with a softer voice. This page is Abu’s a birthday blessing written in Abu’s"
"241","/love-memory-tree-3d","LoveMemoryTree3DPage","src/pages/LoveMemoryTree3DPage.jsx","The Memory Tree We Keep Growing","sequence page 205","205","55491","10","LoveMemoryTree3D","src/pages/LoveMemoryTree3DPage.jsx | src/components/LoveMemoryTree3D.jsx | src/components/WorldShell.jsx | src/themes.js | src/components/AudioController.jsx | src/store/useAppStore.js | src/config.ts | src/data/roomSequence.js | src/utils/mediaUtils.js | src/utils/whatsappHelper.js","","27","53","37","text-emerald-400 text-center rounded-3xl bg-slate-950 border-4 border-emerald-400 shadow-2xl rounded-2xl border-2 border-amber-300","","","","LOW","ad9148e632eb","true","Chau-Chau, Panipuri, momo, and the foods that became our language","a voice-note moment for the nights you miss home","Your kindness is one of the reasons Abu keeps choosing you.","Samjhana, my Babe, Abu made the Love Memory Tree 3d room around Chau-Chau, Panipuri, momo, and the foods that became our language. The secret is simple: Abu would still choose you ","The gift inside is not expensive; it is specific to you. Your kindness is one of the reasons Abu keeps choosing you. This page is Abu’s a small surprise box with one true thing ins"
"242","/nepalgunj-osaka-flight","NepalgunjToOsakaFlightSimPage","src/pages/NepalgunjToOsakaFlightSimPage.jsx","The Flight Between Abu and Sanzu","sequence page 206","206","2317","1","page-specific JSX","src/pages/NepalgunjToOsakaFlightSimPage.jsx","","0","4","9","bg-[ text-[ text-teal-700 text-xs font-black text-6xl rounded-[2rem] border-teal-100 bg-white shadow-xl","","placeholder copy | interaction with low media","","MEDIUM","64d424df20ac","true","dropping you at the Language Institute before Japan","a promise folded into a keepsake card","Your moods, your laugh, your quiet, and your Bhoot moments all belong to the girl Abu loves.","Samjhana, my Bhuntu, Abu made the Nepalgunj Osaka Flight room around dropping you at the Language Institute before Japan. This page is a soft place to land when your day is heavy.","A small surprise: Abu remembers more than he says. Your moods, your laugh, your quiet, and your Bhoot moments all belong to the girl Abu loves. This page is Abu’s a compliment save"
"243","/love-scratch-voucher-book","LoveScratchVoucherBookPage","src/pages/LoveScratchVoucherBookPage.jsx","Vouchers Abu Would Give You","registered but not in sequence","","56923","10","LoveScratchVoucherBook","src/pages/LoveScratchVoucherBookPage.jsx | src/components/LoveScratchVoucherBook.jsx | src/components/WorldShell.jsx | src/themes.js | src/components/AudioController.jsx | src/store/useAppStore.js | src/config.ts | src/data/roomSequence.js | src/utils/mediaUtils.js | src/utils/whatsappHelper.js","","27","57","41","text-pink-400 text-center rounded-3xl bg-slate-950 border-4 border-pink-400 shadow-2xl rounded-2xl border-2 border-amber-300","","","","LOW","9c7c2ecb9ebc","true","the future light-blue scooter ride toward Bardiya","a birthday blessing written in Abu’s handwriting","Your voice can cross the Nepalgunj-to-Sakai distance faster than any flight.","Samjhana, my Bebo, Abu made the Love Scratch Voucher Book room around the future light-blue scooter ride toward Bardiya. The gift inside is not expensive; it is specific to you.","This is a reminder that you are loved in the details. Your voice can cross the Nepalgunj-to-Sakai distance faster than any flight. This page is Abu’s a tiny cinema ticket for one m"
"244","/bhuntu-voice-note-archive","BhuntuVoiceNoteArchivePage","src/pages/BhuntuVoiceNoteArchivePage.jsx","Voice Notes Abu Saves","sequence page 207","207","56514","10","BhuntuVoiceNoteArchive","src/pages/BhuntuVoiceNoteArchivePage.jsx | src/components/BhuntuVoiceNoteArchive.jsx | src/components/WorldShell.jsx | src/themes.js | src/components/AudioController.jsx | src/store/useAppStore.js | src/config.ts | src/data/roomSequence.js | src/utils/mediaUtils.js | src/utils/whatsappHelper.js","","27","54","49","text-purple-300 text-center rounded-3xl bg-slate-950 border-4 border-purple-400 shadow-2xl rounded-2xl border-2 border-amber-300","","","","LOW","4ce4f446fdf1","true","the way you can be Sanzu, Bhuntu, Sanu, Babe, or Runchi and still be home","a private letter from Abu","You make Abu want to become gentler, steadier, and more worthy of your trust.","Samjhana, my Babe, Abu made the Bhuntu Voice Note Archive room around the way you can be Sanzu, Bhuntu, Sanu, Babe, or Runchi and still be home. This is a reminder that you are lov","Open this when you miss Abu. You make Abu want to become gentler, steadier, and more worthy of your trust. This page is Abu’s a promise folded into a keepsake card for Runchi."
"245","/couple-milestone-map","CoupleMilestoneMapPage","src/pages/CoupleMilestoneMapPage.jsx","The Milestones We Keep","sequence page 208","208","56696","10","CoupleMilestoneMap","src/pages/CoupleMilestoneMapPage.jsx | src/components/CoupleMilestoneMap.jsx | src/components/WorldShell.jsx | src/themes.js | src/components/AudioController.jsx | src/store/useAppStore.js | src/config.ts | src/data/roomSequence.js | src/utils/mediaUtils.js | src/utils/whatsappHelper.js","","27","54","42","text-pink-400 text-center rounded-3xl bg-slate-950 border-4 border-pink-400 shadow-2xl rounded-2xl border-2 border-amber-300","","","","LOW","240467e2f8f2","true","the room-search conversation that started in Nepalgunj","a quiet “open when” note for your pocket","You are the best part of every future Abu imagines.","Samjhana, my Fuchee, Abu made the Couple Milestone Map room around the room-search conversation that started in Nepalgunj. This page is a soft place to land when your day is heavy.","A small surprise: Abu remembers more than he says. You are the best part of every future Abu imagines. This page is Abu’s a promise map for the places we still want to see for Samj"
"246","/birthday-sky-letter","BirthdaySkyLetterPage","src/pages/BirthdaySkyLetterPage.jsx","Your Birthday Sky Letter","registered but not in sequence","","321517","4","page-specific JSX","src/pages/BirthdaySkyLetterPage.jsx | src/utils/mediaUtils.js | src/data/pageGiftData.js | src/data/pageNames.js","","33","6","4132","bg-[ text-[ text-amber-200 text-xs font-black text-6xl text-8xl text-lg text-blue-100/60 rounded-full","","","","LOW","d994d36c36e4","true","the room-search conversation that started in Nepalgunj","a quiet “open when” note for your pocket","You are the best part of every future Abu imagines.","Samjhana, my Runchi, Abu made the Birthday Sky Letter room around the room-search conversation that started in Nepalgunj. This page is a soft place to land when your day is heavy.","A small surprise: Abu remembers more than he says. You are the best part of every future Abu imagines. This page is Abu’s a promise map for the places we still want to see for Bhoo"
"247","/romantic-petal-rain","RomanticPetalRainPage","src/pages/RomanticPetalRainPage.jsx","Petals for Samjhana","sequence page 209","209","55916","10","RomanticPetalRain","src/pages/RomanticPetalRainPage.jsx | src/components/RomanticPetalRain.jsx | src/components/WorldShell.jsx | src/themes.js | src/components/AudioController.jsx | src/store/useAppStore.js | src/config.ts | src/data/roomSequence.js | src/utils/mediaUtils.js | src/utils/whatsappHelper.js","","27","54","42","text-rose-400 text-center rounded-3xl bg-slate-950 border-4 border-rose-400 shadow-2xl rounded-2xl border-2 border-amber-300","","","","LOW","605bc800eeb4","true","dropping you at the Language Institute before Japan","a tiny cinema ticket for one moment Abu would replay","Your moods, your laugh, your quiet, and your Bhoot moments all belong to the girl Abu loves.","Samjhana, my Bhuntu, Abu made the Romantic Petal Rain room around dropping you at the Language Institute before Japan. Read this slowly, Sanu. It was made for your exact heart.","This page is a soft place to land when your day is heavy. Your moods, your laugh, your quiet, and your Bhoot moments all belong to the girl Abu loves. This page is Abu’s a private "
"248","/love-letter-popup-3d","LoveLetterPopUp3DPage","src/pages/LoveLetterPopUp3DPage.jsx","A Letter That Opens for You","sequence page 210","210","56875","10","LoveLetterPopUp3D","src/pages/LoveLetterPopUp3DPage.jsx | src/components/LoveLetterPopUp3D.jsx | src/components/WorldShell.jsx | src/themes.js | src/components/AudioController.jsx | src/store/useAppStore.js | src/config.ts | src/data/roomSequence.js | src/utils/mediaUtils.js | src/utils/whatsappHelper.js","","27","57","40","text-rose-400 text-center rounded-3xl bg-slate-950 border-4 border-rose-400 shadow-2xl rounded-2xl border-2 border-amber-300","","","","LOW","0fb069ff3d29","true","Bageshwori Temple and the prayers we carried home","a private letter from Abu","Your smile makes Abu forget what he was worried about.","Samjhana, my Sanu, Abu made the Love Letter Popup 3d room around Bageshwori Temple and the prayers we carried home. This is a reminder that you are loved in the details.","Open this when you miss Abu. Your smile makes Abu forget what he was worried about. This page is Abu’s a promise folded into a keepsake card for Babe."
"249","/couple-quiz-master","CoupleQuizMasterPage","src/pages/CoupleQuizMasterPage.jsx","The Master List of Our Details","registered but not in sequence","","59048","10","CoupleQuizMaster","src/pages/CoupleQuizMasterPage.jsx | src/components/CoupleQuizMaster.jsx | src/components/WorldShell.jsx | src/themes.js | src/components/AudioController.jsx | src/store/useAppStore.js | src/config.ts | src/data/roomSequence.js | src/utils/mediaUtils.js | src/utils/whatsappHelper.js","","27","58","46","text-purple-400 text-center rounded-3xl bg-slate-950 border-4 border-purple-500/70 shadow-2xl bg-purple-950/40 rounded-2xl border-purple-400/40","","","","LOW","f32b24ae5041","true","dropping you at the Language Institute before Japan","a quiet “open when” note for your pocket","Your moods, your laugh, your quiet, and your Bhoot moments all belong to the girl Abu loves.","Samjhana, my Sanu, Abu made the Couple Quiz Master room around dropping you at the Language Institute before Japan. This page is a soft place to land when your day is heavy.","A small surprise: Abu remembers more than he says. Your moods, your laugh, your quiet, and your Bhoot moments all belong to the girl Abu loves. This page is Abu’s a promise map for"
"250","/love-memory-film-strip","LoveMemoryFilmStripPage","src/pages/LoveMemoryFilmStripPage.jsx","Our Story on Film","sequence page 211","211","61836","10","LoveMemoryFilmStrip","src/pages/LoveMemoryFilmStripPage.jsx | src/components/LoveMemoryFilmStrip.jsx | src/components/WorldShell.jsx | src/themes.js | src/components/AudioController.jsx | src/store/useAppStore.js | src/config.ts | src/data/roomSequence.js | src/utils/mediaUtils.js | src/utils/whatsappHelper.js","","27","60","49","text-amber-400 text-center rounded-full text-xs font-bold bg-amber-500 text-black border-amber-300 font-extrabold bg-stone-900","","","","LOW","0834a58e353d","true","Chau-Chau, Panipuri, momo, and the foods that became our language","a promise map for the places we still want to see","Your kindness is one of the reasons Abu keeps choosing you.","Samjhana, my Bhuntu, Abu made the Love Memory Film Strip room around Chau-Chau, Panipuri, momo, and the foods that became our language. Open this when you miss Abu.","The secret is simple: Abu would still choose you in every version of the story. Your kindness is one of the reasons Abu keeps choosing you. This page is Abu’s a tiny memory ticket "
"251","/love-candlelight-dinner","LoveCandleLightDinnerPage","src/pages/LoveCandleLightDinnerPage.jsx","A Table for Abu and Sanzu","sequence page 212","212","56603","10","LoveCandleLightDinner","src/pages/LoveCandleLightDinnerPage.jsx | src/components/LoveCandleLightDinner.jsx | src/components/WorldShell.jsx | src/themes.js | src/components/AudioController.jsx | src/store/useAppStore.js | src/config.ts | src/data/roomSequence.js | src/utils/mediaUtils.js | src/utils/whatsappHelper.js","","27","54","39","text-amber-400 text-center rounded-3xl bg-slate-950 border-4 border-amber-400 shadow-2xl rounded-2xl border-2 border-amber-300","","","","LOW","d9ec8993e516","true","the dream of Pokhara, Manang, and Mustang waiting for us","a small surprise box with one true thing inside","You are beautiful in the moments you never think to pose for.","Samjhana, my Sanzu, Abu made the Love Candlelight Dinner room around the dream of Pokhara, Manang, and Mustang waiting for us. Keep this for the next time distance feels loud.","Read this slowly, Sanu. It was made for your exact heart. You are beautiful in the moments you never think to pose for. This page is Abu’s a birthday blessing written in Abu’s hand"
"252","/bhuntu-nicknames-galaxy","BhuntuNicknamesGalaxyPage","src/pages/BhuntuNicknamesGalaxyPage.jsx","The Galaxy of Names Abu Calls You","sequence page 213","213","62262","10","BhuntuNicknamesGalaxy","src/pages/BhuntuNicknamesGalaxyPage.jsx | src/components/BhuntuNicknamesGalaxy.jsx | src/components/WorldShell.jsx | src/themes.js | src/components/AudioController.jsx | src/store/useAppStore.js | src/config.ts | src/data/roomSequence.js | src/utils/mediaUtils.js | src/utils/whatsappHelper.js","","27","59","57","text-purple-300 text-center rounded-3xl bg-slate-950 border-4 border-purple-500/70 shadow-[0_0_50px_rgba text-xs font-mono font-bold","","","","LOW","97de1c5179ee","true","the room-search conversation that started in Nepalgunj","a small surprise box with one true thing inside","You are the best part of every future Abu imagines.","Samjhana, my Bhuntu, Abu made the Bhuntu Nicknames Galaxy room around the room-search conversation that started in Nepalgunj. Keep this for the next time distance feels loud.","Read this slowly, Sanu. It was made for your exact heart. You are the best part of every future Abu imagines. This page is Abu’s a birthday blessing written in Abu’s handwriting fo"
"253","/love-fortune-cookie-jar","LoveFortuneCookieJarPage","src/pages/LoveFortuneCookieJarPage.jsx","Fortunes Abu Writes for You","sequence page 214","214","63871","10","LoveFortuneCookieJar","src/pages/LoveFortuneCookieJarPage.jsx | src/components/LoveFortuneCookieJar.jsx | src/components/WorldShell.jsx | src/themes.js | src/components/AudioController.jsx | src/store/useAppStore.js | src/config.ts | src/data/roomSequence.js | src/utils/mediaUtils.js | src/utils/whatsappHelper.js","","27","78","39","rounded-full bg-amber-400 text-amber-400 rounded-t-xl bg-amber-600/40 rounded-b-[3rem] border-2 border-amber-300/30 text-[8px] font-mono","","","","LOW","c04ea4311464","true","late-night video calls between Nepalgunj and Sakai, Osaka","a private letter from Abu","You make ordinary food, ordinary calls, and ordinary rooms feel like memories.","Samjhana, my Sanzu, Abu made the Love Fortune Cookie Jar room around late-night video calls between Nepalgunj and Sakai, Osaka. This is a reminder that you are loved in the details","Open this when you miss Abu. You make ordinary food, ordinary calls, and ordinary rooms feel like memories. This page is Abu’s a promise folded into a keepsake card for Bhuntu."
"254","/couple-bucket-list-globe","CoupleBucketListGlobePage","src/pages/CoupleBucketListGlobePage.jsx","Our Future Places on a Globe","sequence page 215","215","63527","10","CoupleBucketListGlobe","src/pages/CoupleBucketListGlobePage.jsx | src/components/CoupleBucketListGlobe.jsx | src/components/WorldShell.jsx | src/themes.js | src/components/AudioController.jsx | src/store/useAppStore.js | src/config.ts | src/data/roomSequence.js | src/utils/mediaUtils.js | src/utils/whatsappHelper.js","","27","59","47","text-sky-400 text-center text-xs font-mono font-bold text-sky-300 bg-sky-950/40 rounded-2xl border-sky-400/30 text-amber-300","","","","LOW","045435735ec6","true","Chau-Chau, Panipuri, momo, and the foods that became our language","a compliment saved for your next tired day","Your kindness is one of the reasons Abu keeps choosing you.","Samjhana, my Bebo, Abu made the Couple Bucket List Globe room around Chau-Chau, Panipuri, momo, and the foods that became our language. Open this when you miss Abu.","The secret is simple: Abu would still choose you in every version of the story. Your kindness is one of the reasons Abu keeps choosing you. This page is Abu’s a Sakai-to-Nepalgunj "
"255","/love-audio-visualizer-2","LoveAudioVisualizer2Page","src/pages/LoveAudioVisualizer2Page.jsx","The Shape of Your Voice","sequence page 216","216","56497","10","LoveAudioVisualizer2","src/pages/LoveAudioVisualizer2Page.jsx | src/components/LoveAudioVisualizer2.jsx | src/components/WorldShell.jsx | src/themes.js | src/components/AudioController.jsx | src/store/useAppStore.js | src/config.ts | src/data/roomSequence.js | src/utils/mediaUtils.js | src/utils/whatsappHelper.js","","27","54","38","text-sky-400 text-center rounded-3xl bg-slate-950 border-4 border-sky-400 shadow-2xl rounded-2xl border-2 border-amber-300","","","","LOW","2602e331db71","true","Chau-Chau, Panipuri, momo, and the foods that became our language","a memory ribbon tied to your favourite name","Your kindness is one of the reasons Abu keeps choosing you.","Samjhana, my Fuchee, Abu made the Love Audio Visualizer 2 room around Chau-Chau, Panipuri, momo, and the foods that became our language. The secret is simple: Abu would still choos","The gift inside is not expensive; it is specific to you. Your kindness is one of the reasons Abu keeps choosing you. This page is Abu’s a soft landing place for a difficult day for"
"256","/romantic-photo-slider-3d","RomanticPhotoSlider3DPage","src/pages/RomanticPhotoSlider3DPage.jsx","A Slow Gallery of Samjhana","sequence page 217","217","61602","10","RomanticPhotoSlider3D","src/pages/RomanticPhotoSlider3DPage.jsx | src/components/RomanticPhotoSlider3D.jsx | src/components/WorldShell.jsx | src/themes.js | src/components/AudioController.jsx | src/store/useAppStore.js | src/config.ts | src/data/roomSequence.js | src/utils/mediaUtils.js | src/utils/whatsappHelper.js","","28","71","40","bg-stone-900 rounded-sm bg-stone-950 border-stone-700 shadow-inner text-amber-300 font-mono text-[10px] text-amber-500/80 rounded-full","","","","LOW","78941349c535","true","late-night video calls between Nepalgunj and Sakai, Osaka","a compliment saved for your next tired day","You make ordinary food, ordinary calls, and ordinary rooms feel like memories.","Samjhana, my Babe, Abu made the Romantic Photo Slider 3d room around late-night video calls between Nepalgunj and Sakai, Osaka. Open this when you miss Abu.","The secret is simple: Abu would still choose you in every version of the story. You make ordinary food, ordinary calls, and ordinary rooms feel like memories. This page is Abu’s a "
"257","/bhuntu-emoji-arcade","BhuntuEmojiArcadePage","src/pages/BhuntuEmojiArcadePage.jsx","Our Story in Small Symbols","registered but not in sequence","","64609","10","BhuntuEmojiArcade","src/pages/BhuntuEmojiArcadePage.jsx | src/components/BhuntuEmojiArcade.jsx | src/components/WorldShell.jsx | src/themes.js | src/components/AudioController.jsx | src/store/useAppStore.js | src/config.ts | src/data/roomSequence.js | src/utils/mediaUtils.js | src/utils/whatsappHelper.js","","27","84","44","from-pink-500 to-rose-500 from-rose-500 to-red-500 from-pink-400 to-purple-400 from-cyan-400 to-blue-500 from-amber-400 to-yellow-500","","","","LOW","5db0d286b0bf","true","Water Park laughter and the day moving too quickly","a small surprise box with one true thing inside","Your “huss” can make a long day feel close again.","Samjhana, my Bebo, Abu made the Bhuntu Emoji Arcade room around Water Park laughter and the day moving too quickly. Keep this for the next time distance feels loud.","Read this slowly, Sanu. It was made for your exact heart. Your “huss” can make a long day feel close again. This page is Abu’s a birthday blessing written in Abu’s handwriting for "
"258","/love-stamp-collection","LoveStampCollectionPage","src/pages/LoveStampCollectionPage.jsx","Stamps Abu Collected for You","sequence page 218","218","58391","10","LoveStampCollection","src/pages/LoveStampCollectionPage.jsx | src/components/LoveStampCollection.jsx | src/components/WorldShell.jsx | src/themes.js | src/components/AudioController.jsx | src/store/useAppStore.js | src/config.ts | src/data/roomSequence.js | src/utils/mediaUtils.js | src/utils/whatsappHelper.js","","27","55","43","text-rose-500 text-center rounded-3xl bg-amber-950/40 border-4 border-amber-500/70 shadow-2xl bg-black/80 rounded-2xl border-amber-400/40","","","","LOW","8f533afe44e7","true","the room-search conversation that started in Nepalgunj","a soft landing place for a difficult day","You are the best part of every future Abu imagines.","Samjhana, my Bhuntu, Abu made the Love Stamp Collection room around the room-search conversation that started in Nepalgunj. Keep this for the next time distance feels loud.","Read this slowly, Sanu. It was made for your exact heart. You are the best part of every future Abu imagines. This page is Abu’s a bouquet of words for your soft days for Sanu."
"259","/romantic-night-skywriter","RomanticNightSkyWriterPage","src/pages/RomanticNightSkyWriterPage.jsx","A Message Abu Wrote in the Night","sequence page 219","219","58693","10","RomanticNightSkyWriter","src/pages/RomanticNightSkyWriterPage.jsx | src/components/RomanticNightSkyWriter.jsx | src/components/WorldShell.jsx | src/themes.js | src/components/AudioController.jsx | src/store/useAppStore.js | src/config.ts | src/data/roomSequence.js | src/utils/mediaUtils.js | src/utils/whatsappHelper.js","","27","59","43","text-purple-300 text-center rounded-3xl bg-slate-950 border-4 border-purple-500/70 shadow-[0_0_50px_rgba rounded-2xl bg-gradient-to-b from-slate-950","","","","LOW","994b2e13e8c6","true","the dream of Pokhara, Manang, and Mustang waiting for us","a quiet “open when” note for your pocket","You are beautiful in the moments you never think to pose for.","Samjhana, my Bebo, Abu made the Romantic Night Skywriter room around the dream of Pokhara, Manang, and Mustang waiting for us. This page is a soft place to land when your day is he","A small surprise: Abu remembers more than he says. You are beautiful in the moments you never think to pose for. This page is Abu’s a promise map for the places we still want to se"
"260","/couple-recipe-book","CoupleRecipeBookPage","src/pages/CoupleRecipeBookPage.jsx","Recipes for Our Future Days","sequence page 220","220","59163","10","CoupleRecipeBook","src/pages/CoupleRecipeBookPage.jsx | src/components/CoupleRecipeBook.jsx | src/components/WorldShell.jsx | src/themes.js | src/components/AudioController.jsx | src/store/useAppStore.js | src/config.ts | src/data/roomSequence.js | src/utils/mediaUtils.js | src/utils/whatsappHelper.js","","27","61","43","text-amber-400 text-center rounded-3xl bg-slate-950 border-4 border-amber-500/70 shadow-2xl rounded-2xl bg-amber-950/30 border-2","","","","LOW","cdaf56a15d45","true","dropping you at the Language Institute before Japan","a tiny cinema ticket for one moment Abu would replay","Your moods, your laugh, your quiet, and your Bhoot moments all belong to the girl Abu loves.","Samjhana, my Bhoot, Abu made the Couple Recipe Book room around dropping you at the Language Institute before Japan. Read this slowly, Sanu. It was made for your exact heart.","This page is a soft place to land when your day is heavy. Your moods, your laugh, your quiet, and your Bhoot moments all belong to the girl Abu loves. This page is Abu’s a private "
"261","/love-constellation-maker","LoveConstellationMakerPage","src/pages/LoveConstellationMakerPage.jsx","A Constellation for Sanzu","sequence page 221","221","59495","10","LoveConstellationMaker","src/pages/LoveConstellationMakerPage.jsx | src/components/LoveConstellationMaker.jsx | src/components/WorldShell.jsx | src/themes.js | src/components/AudioController.jsx | src/store/useAppStore.js | src/config.ts | src/data/roomSequence.js | src/utils/mediaUtils.js | src/utils/whatsappHelper.js","","27","59","37","text-purple-300 text-center rounded-3xl bg-slate-950 border-4 border-purple-500/70 shadow-[0_0_50px_rgba rounded-full border-amber-400/80 bg-gradient-to-b","","","","LOW","81cd7b47c859","true","the day “Abhay” became “Abu” because you made it yours","a future postcard from the light-blue scooter road","You are the person behind every name Abu says with a softer voice.","Samjhana, my Fuchee, Abu made the Love Constellation Maker room around the day “Abhay” became “Abu” because you made it yours. Read this slowly, Sanu. It was made for your exact he","This page is a soft place to land when your day is heavy. You are the person behind every name Abu says with a softer voice. This page is Abu’s a Bageshwori memory pressed between "
"262","/bhuntu-love-polaroids","BhuntuLovePolaroidsPage","src/pages/BhuntuLovePolaroidsPage.jsx","Bhuntu Love Polaroids","sequence page 222","222","56292","10","BhuntuLovePolaroids","src/pages/BhuntuLovePolaroidsPage.jsx | src/components/BhuntuLovePolaroids.jsx | src/components/WorldShell.jsx | src/themes.js | src/components/AudioController.jsx | src/store/useAppStore.js | src/config.ts | src/data/roomSequence.js | src/utils/mediaUtils.js | src/utils/whatsappHelper.js","","27","54","46","text-pink-400 text-center rounded-3xl bg-slate-950 border-4 border-pink-400 shadow-2xl rounded-2xl border-2 border-amber-300","","","","LOW","a1faf9a7ec4a","true","Water Park laughter and the day moving too quickly","a quiet “open when” note for your pocket","Your “huss” can make a long day feel close again.","Samjhana, my Sanzu, Abu made the Bhuntu Love Polaroids room around Water Park laughter and the day moving too quickly. This page is a soft place to land when your day is heavy.","A small surprise: Abu remembers more than he says. Your “huss” can make a long day feel close again. This page is Abu’s a promise map for the places we still want to see for Bhuntu"
"263","/love-tarot-oracle-2","LoveTarotOracle2Page","src/pages/LoveTarotOracle2Page.jsx","The Future Abu Wishes You","sequence page 223","223","58405","10","LoveTarotOracle2","src/pages/LoveTarotOracle2Page.jsx | src/components/LoveTarotOracle2.jsx | src/components/WorldShell.jsx | src/themes.js | src/components/AudioController.jsx | src/store/useAppStore.js | src/config.ts | src/data/roomSequence.js | src/utils/mediaUtils.js | src/utils/whatsappHelper.js","","27","57","41","text-purple-300 rounded-3xl border-2 shadow-2xl bg-slate-950 border-purple-400/80 shadow-[0_0_30px_rgba bg-gradient-to-b from-purple-950 via-slate-950","","","","LOW","4d213d9c6ba5","true","the future light-blue scooter ride toward Bardiya","a memory ribbon tied to your favourite name","Your voice can cross the Nepalgunj-to-Sakai distance faster than any flight.","Samjhana, my Runchi, Abu made the Love Tarot Oracle 2 room around the future light-blue scooter ride toward Bardiya. The secret is simple: Abu would still choose you in every versi","The gift inside is not expensive; it is specific to you. Your voice can cross the Nepalgunj-to-Sakai distance faster than any flight. This page is Abu’s a soft landing place for a "
"264","/romantic-locket-changer","RomanticLocketChangerPage","src/pages/RomanticLocketChangerPage.jsx","A Locket for the Person Abu Loves","sequence page 224","224","58328","10","RomanticLocketChanger","src/pages/RomanticLocketChangerPage.jsx | src/components/RomanticLocketChanger.jsx | src/components/WorldShell.jsx | src/themes.js | src/components/AudioController.jsx | src/store/useAppStore.js | src/config.ts | src/data/roomSequence.js | src/utils/mediaUtils.js | src/utils/whatsappHelper.js","","27","59","41","from-amber-400 to-yellow-600 border-amber-300 shadow-amber-500/50 from-rose-400 to-pink-600 border-rose-300 shadow-rose-500/50 from-slate-300 to-stone-500","","","","LOW","48e099bdbe55","true","dropping you at the Language Institute before Japan","a soft landing place for a difficult day","Your moods, your laugh, your quiet, and your Bhoot moments all belong to the girl Abu loves.","Samjhana, my Runchi, Abu made the Romantic Locket Changer room around dropping you at the Language Institute before Japan. Keep this for the next time distance feels loud.","Read this slowly, Sanu. It was made for your exact heart. Your moods, your laugh, your quiet, and your Bhoot moments all belong to the girl Abu loves. This page is Abu’s a bouquet "
"265","/love-crossword-puzzle","LoveCrosswordPuzzlePage","src/pages/LoveCrosswordPuzzlePage.jsx","Clues from Our Little World","registered but not in sequence","","58782","10","LoveCrosswordPuzzle","src/pages/LoveCrosswordPuzzlePage.jsx | src/components/LoveCrosswordPuzzle.jsx | src/components/WorldShell.jsx | src/themes.js | src/components/AudioController.jsx | src/store/useAppStore.js | src/config.ts | src/data/roomSequence.js | src/utils/mediaUtils.js | src/utils/whatsappHelper.js","","27","60","42","text-pink-400 text-center rounded-3xl bg-slate-950 border-4 border-pink-500/70 shadow-2xl bg-pink-950/40 rounded-2xl border-pink-400/40","","","","LOW","8630d3229c0c","true","the dream of Pokhara, Manang, and Mustang waiting for us","a soft landing place for a difficult day","You are beautiful in the moments you never think to pose for.","Samjhana, my Bhoot, Abu made the Love Crossword Puzzle room around the dream of Pokhara, Manang, and Mustang waiting for us. Keep this for the next time distance feels loud.","Read this slowly, Sanu. It was made for your exact heart. You are beautiful in the moments you never think to pose for. This page is Abu’s a bouquet of words for your soft days for"
"266","/couple-movie-marathon","CoupleMovieMarathonPage","src/pages/CoupleMovieMarathonPage.jsx","Movies Abu Wants to Watch with You","sequence page 225","225","58811","10","CoupleMovieMarathon","src/pages/CoupleMovieMarathonPage.jsx | src/components/CoupleMovieMarathon.jsx | src/components/WorldShell.jsx | src/themes.js | src/components/AudioController.jsx | src/store/useAppStore.js | src/config.ts | src/data/roomSequence.js | src/utils/mediaUtils.js | src/utils/whatsappHelper.js","","27","60","41","text-amber-400 rounded-3xl bg-gradient-to-b from-red-950 via-slate-950 to-stone-950 border-4 border-amber-500/70 shadow-[0_0_50px_rgba bg-black/90","","","","LOW","12e12450e46e","true","the dream of Pokhara, Manang, and Mustang waiting for us","a promise folded into a keepsake card","You are beautiful in the moments you never think to pose for.","Samjhana, my Fuchee, Abu made the Couple Movie Marathon room around the dream of Pokhara, Manang, and Mustang waiting for us. This page is a soft place to land when your day is hea","A small surprise: Abu remembers more than he says. You are beautiful in the moments you never think to pose for. This page is Abu’s a compliment saved for your next tired day for S"
"267","/love-language-test","LoveLanguageTestPage","src/pages/LoveLanguageTestPage.jsx","The Language of Your “Huss”","sequence page 226","226","56551","10","LoveLanguageTest","src/pages/LoveLanguageTestPage.jsx | src/components/LoveLanguageTest.jsx | src/components/WorldShell.jsx | src/themes.js | src/components/AudioController.jsx | src/store/useAppStore.js | src/config.ts | src/data/roomSequence.js | src/utils/mediaUtils.js | src/utils/whatsappHelper.js","","27","54","38","text-rose-400 text-center rounded-3xl bg-slate-950 border-4 border-rose-400 shadow-2xl rounded-2xl border-2 border-amber-300","","","","LOW","fd56475f446c","true","Water Park laughter and the day moving too quickly","a tiny memory ticket from Nepalgunj","Your “huss” can make a long day feel close again.","Samjhana, my Bhoot, Abu made the Love Language Test room around Water Park laughter and the day moving too quickly. A small surprise: Abu remembers more than he says.","Keep this for the next time distance feels loud. Your “huss” can make a long day feel close again. This page is Abu’s a voice-note moment for the nights you miss home for Bebo."
"268","/bhuntu-personality-quiz","BhuntuPersonalityQuizPage","src/pages/BhuntuPersonalityQuizPage.jsx","The Samjhana Abu Knows","registered but not in sequence","","56582","10","BhuntuPersonalityQuiz","src/pages/BhuntuPersonalityQuizPage.jsx | src/components/BhuntuPersonalityQuiz.jsx | src/components/WorldShell.jsx | src/themes.js | src/components/AudioController.jsx | src/store/useAppStore.js | src/config.ts | src/data/roomSequence.js | src/utils/mediaUtils.js | src/utils/whatsappHelper.js","","27","54","47","text-pink-400 text-center rounded-3xl bg-slate-950 border-4 border-pink-400 shadow-2xl rounded-2xl border-2 border-amber-300","","","","LOW","524b26d4cf8a","true","dropping you at the Language Institute before Japan","a tiny memory ticket from Nepalgunj","Your moods, your laugh, your quiet, and your Bhoot moments all belong to the girl Abu loves.","Samjhana, my Sanu, Abu made the Bhuntu Personality Quiz room around dropping you at the Language Institute before Japan. A small surprise: Abu remembers more than he says.","Keep this for the next time distance feels loud. Your moods, your laugh, your quiet, and your Bhoot moments all belong to the girl Abu loves. This page is Abu’s a voice-note moment"
"269","/love-potion-brewery-2","LovePotionBrewery2Page","src/pages/LovePotionBrewery2Page.jsx","A Second Bottle of Abu’s Feelings","sequence page 227","227","56550","10","LovePotionBrewery2","src/pages/LovePotionBrewery2Page.jsx | src/components/LovePotionBrewery2.jsx | src/components/WorldShell.jsx | src/themes.js | src/components/AudioController.jsx | src/store/useAppStore.js | src/config.ts | src/data/roomSequence.js | src/utils/mediaUtils.js | src/utils/whatsappHelper.js","","27","54","39","text-purple-400 text-center rounded-3xl bg-slate-950 border-4 border-purple-400 shadow-2xl rounded-2xl border-2 border-amber-300","","","","LOW","e15ef690bc3b","true","Chau-Chau, Panipuri, momo, and the foods that became our language","a promise map for the places we still want to see","Your kindness is one of the reasons Abu keeps choosing you.","Samjhana, my Bhoot, Abu made the Love Potion Brewery 2 room around Chau-Chau, Panipuri, momo, and the foods that became our language. Open this when you miss Abu.","The secret is simple: Abu would still choose you in every version of the story. Your kindness is one of the reasons Abu keeps choosing you. This page is Abu’s a tiny memory ticket "
"270","/romantic-message-grid","RomanticMessageGridPage","src/pages/RomanticMessageGridPage.jsx","Messages Abu Arranged for You","sequence page 228","228","56135","10","RomanticMessageGrid","src/pages/RomanticMessageGridPage.jsx | src/components/RomanticMessageGrid.jsx | src/components/WorldShell.jsx | src/themes.js | src/components/AudioController.jsx | src/store/useAppStore.js | src/config.ts | src/data/roomSequence.js | src/utils/mediaUtils.js | src/utils/whatsappHelper.js","","27","54","43","text-rose-400 text-center rounded-3xl bg-slate-950 border-4 border-rose-400 shadow-2xl rounded-2xl border-2 border-amber-300","","","","LOW","e39b0fa669a2","true","the room-search conversation that started in Nepalgunj","a tiny memory ticket from Nepalgunj","You are the best part of every future Abu imagines.","Samjhana, my Bebo, Abu made the Romantic Message Grid room around the room-search conversation that started in Nepalgunj. A small surprise: Abu remembers more than he says.","Keep this for the next time distance feels loud. You are the best part of every future Abu imagines. This page is Abu’s a voice-note moment for the nights you miss home for Fuchee."
"271","/couple-anniversary-clock","CoupleAnniversaryClockPage","src/pages/CoupleAnniversaryClockPage.jsx","The Time We Keep Together","sequence page 229","229","56534","10","CoupleAnniversaryClock","src/pages/CoupleAnniversaryClockPage.jsx | src/components/CoupleAnniversaryClock.jsx | src/components/WorldShell.jsx | src/themes.js | src/components/AudioController.jsx | src/store/useAppStore.js | src/config.ts | src/data/roomSequence.js | src/utils/mediaUtils.js | src/utils/whatsappHelper.js","","27","54","36","text-pink-400 text-center rounded-3xl bg-slate-950 border-4 border-pink-400 shadow-2xl rounded-2xl border-2 border-amber-300","","","","LOW","1614cd16722d","true","the room-search conversation that started in Nepalgunj","a quiet “open when” note for your pocket","You are the best part of every future Abu imagines.","Samjhana, my Sanu, Abu made the Couple Anniversary Clock room around the room-search conversation that started in Nepalgunj. This page is a soft place to land when your day is heav","A small surprise: Abu remembers more than he says. You are the best part of every future Abu imagines. This page is Abu’s a promise map for the places we still want to see for Babe"
"272","/love-doodle-canvas","LoveDoodleCanvasPage","src/pages/LoveDoodleCanvasPage.jsx","A Doodle from Abu","sequence page 230","230","1741","1","page-specific JSX","src/pages/LoveDoodleCanvasPage.jsx","","0","4","3","bg-[ text-[ text-rose-600 text-xs font-black text-6xl text-lg rounded-[2rem] border-4 border-dashed","","interaction with low media","","MEDIUM","93b027b24563","true","the day “Abhay” became “Abu” because you made it yours","a promise folded into a keepsake card","You are the person behind every name Abu says with a softer voice.","Samjhana, my Sanzu, Abu made the Love Doodle Canvas room around the day “Abhay” became “Abu” because you made it yours. This page is a soft place to land when your day is heavy.","A small surprise: Abu remembers more than he says. You are the person behind every name Abu says with a softer voice. This page is Abu’s a compliment saved for your next tired day "
"273","/bhuntu-comic-strip-2","BhuntuComicStrip2Page","src/pages/BhuntuComicStrip2Page.jsx","The Comic Abu Would Draw for You","sequence page 231","231","56624","10","BhuntuComicStrip2","src/pages/BhuntuComicStrip2Page.jsx | src/components/BhuntuComicStrip2.jsx | src/components/WorldShell.jsx | src/themes.js | src/components/AudioController.jsx | src/store/useAppStore.js | src/config.ts | src/data/roomSequence.js | src/utils/mediaUtils.js | src/utils/whatsappHelper.js","","27","54","50","text-purple-400 text-center rounded-3xl bg-slate-950 border-4 border-purple-400 shadow-2xl rounded-2xl border-2 border-amber-300","","","","LOW","53c6a0c24879","true","Bageshwori Temple and the prayers we carried home","a private letter from Abu","Your smile makes Abu forget what he was worried about.","Samjhana, my Bebo, Abu made the Bhuntu Comic Strip 2 room around Bageshwori Temple and the prayers we carried home. This is a reminder that you are loved in the details.","Open this when you miss Abu. Your smile makes Abu forget what he was worried about. This page is Abu’s a promise folded into a keepsake card for Fuchee."
"274","/love-rhythm-drum-pad","LoveRhythmDrumPadPage","src/pages/LoveRhythmDrumPadPage.jsx","The Rhythm of Our Calls","registered but not in sequence","","56470","10","LoveRhythmDrumPad","src/pages/LoveRhythmDrumPadPage.jsx | src/components/LoveRhythmDrumPad.jsx | src/components/WorldShell.jsx | src/themes.js | src/components/AudioController.jsx | src/store/useAppStore.js | src/config.ts | src/data/roomSequence.js | src/utils/mediaUtils.js | src/utils/whatsappHelper.js","","27","54","38","text-pink-400 text-center rounded-3xl bg-slate-950 border-4 border-pink-400 shadow-2xl rounded-2xl border-2 border-amber-300","","","","LOW","7382d0519335","true","late-night video calls between Nepalgunj and Sakai, Osaka","a birthday blessing written in Abu’s handwriting","You make ordinary food, ordinary calls, and ordinary rooms feel like memories.","Samjhana, my Bebo, Abu made the Love Rhythm Drum Pad room around late-night video calls between Nepalgunj and Sakai, Osaka. The gift inside is not expensive; it is specific to you.","This is a reminder that you are loved in the details. You make ordinary food, ordinary calls, and ordinary rooms feel like memories. This page is Abu’s a tiny cinema ticket for one"
"275","/romantic-flower-garden","RomanticFlowerGardenPage","src/pages/RomanticFlowerGardenPage.jsx","A Garden for Sanzu","sequence page 232","232","56493","10","RomanticFlowerGarden","src/pages/RomanticFlowerGardenPage.jsx | src/components/RomanticFlowerGarden.jsx | src/components/WorldShell.jsx | src/themes.js | src/components/AudioController.jsx | src/store/useAppStore.js | src/config.ts | src/data/roomSequence.js | src/utils/mediaUtils.js | src/utils/whatsappHelper.js","","27","54","41","text-rose-400 text-center rounded-3xl bg-slate-950 border-4 border-rose-400 shadow-2xl rounded-2xl border-2 border-amber-300","","","","LOW","434ccd2b4ddc","true","the room-search conversation that started in Nepalgunj","a small surprise box with one true thing inside","You are the best part of every future Abu imagines.","Samjhana, my Samjhana, Abu made the Romantic Flower Garden room around the room-search conversation that started in Nepalgunj. Keep this for the next time distance feels loud.","Read this slowly, Sanu. It was made for your exact heart. You are the best part of every future Abu imagines. This page is Abu’s a birthday blessing written in Abu’s handwriting fo"
"276","/love-wish-bottle-ocean","LoveWishBottleOceanPage","src/pages/LoveWishBottleOceanPage.jsx","A Wish Bottle from Abu","sequence page 233","233","56487","10","LoveWishBottleOcean","src/pages/LoveWishBottleOceanPage.jsx | src/components/LoveWishBottleOcean.jsx | src/components/WorldShell.jsx | src/themes.js | src/components/AudioController.jsx | src/store/useAppStore.js | src/config.ts | src/data/roomSequence.js | src/utils/mediaUtils.js | src/utils/whatsappHelper.js","","27","54","39","text-cyan-400 text-center rounded-3xl bg-slate-950 border-4 border-cyan-400 shadow-2xl rounded-2xl border-2 border-amber-300","","","","LOW","7d1920b0d79f","true","late-night video calls between Nepalgunj and Sakai, Osaka","a promise map for the places we still want to see","You make ordinary food, ordinary calls, and ordinary rooms feel like memories.","Samjhana, my Samjhana, Abu made the Love Wish Bottle Ocean room around late-night video calls between Nepalgunj and Sakai, Osaka. Open this when you miss Abu.","The secret is simple: Abu would still choose you in every version of the story. You make ordinary food, ordinary calls, and ordinary rooms feel like memories. This page is Abu’s a "
"277","/couple-superlatives","CoupleSuperlativesPage","src/pages/CoupleSuperlativesPage.jsx","The Things You Are Best At","sequence page 234","234","56711","10","CoupleSuperlatives","src/pages/CoupleSuperlativesPage.jsx | src/components/CoupleSuperlatives.jsx | src/components/WorldShell.jsx | src/themes.js | src/components/AudioController.jsx | src/store/useAppStore.js | src/config.ts | src/data/roomSequence.js | src/utils/mediaUtils.js | src/utils/whatsappHelper.js","","27","54","44","text-amber-400 text-center rounded-3xl bg-slate-950 border-4 border-amber-400 shadow-2xl rounded-2xl border-2 border-amber-300","","","","LOW","c44e0bc8bbcf","true","late-night video calls between Nepalgunj and Sakai, Osaka","a voice-note moment for the nights you miss home","You make ordinary food, ordinary calls, and ordinary rooms feel like memories.","Samjhana, my Bhuntu, Abu made the Couple Superlatives room around late-night video calls between Nepalgunj and Sakai, Osaka. The secret is simple: Abu would still choose you in eve","The gift inside is not expensive; it is specific to you. You make ordinary food, ordinary calls, and ordinary rooms feel like memories. This page is Abu’s a small surprise box with"
"278","/love-memory-cube-3d","LoveMemoryCube3DPage","src/pages/LoveMemoryCube3DPage.jsx","A Cube of Our Favorite Moments","sequence page 235","235","60547","10","LoveMemoryCube3D","src/pages/LoveMemoryCube3DPage.jsx | src/components/LoveMemoryCube3D.jsx | src/components/WorldShell.jsx | src/themes.js | src/components/AudioController.jsx | src/store/useAppStore.js | src/config.ts | src/data/roomSequence.js | src/utils/mediaUtils.js | src/utils/whatsappHelper.js","","27","56","42","from-cyan-500 to-blue-600 from-rose-500 to-pink-600 from-amber-400 to-yellow-500 from-orange-400 to-amber-500 from-purple-500 to-indigo-600","","","","LOW","cb70f1338ab4","true","the way you can be Sanzu, Bhuntu, Sanu, Babe, or Runchi and still be home","a bouquet of words for your soft days","You make Abu want to become gentler, steadier, and more worthy of your trust.","Samjhana, my Bhoot, Abu made the Love Memory Cube 3d room around the way you can be Sanzu, Bhuntu, Sanu, Babe, or Runchi and still be home. The gift inside is not expensive; it is ","This is a reminder that you are loved in the details. You make Abu want to become gentler, steadier, and more worthy of your trust. This page is Abu’s a future postcard from the li"
"279","/little-things-abu-notices","LittleThingsPage","src/pages/LittleThingsPage.jsx","The Little Things Abu Notices","registered but not in sequence","","321520","4","page-specific JSX","src/pages/LittleThingsPage.jsx | src/utils/mediaUtils.js | src/data/pageGiftData.js | src/data/pageNames.js","","32","6","4137","bg-[ text-[ text-xs font-black text-emerald-700/70 text-6xl text-8xl text-lg text-emerald-700 text-sm","","","","LOW","43706c3817d8","true","the room-search conversation that started in Nepalgunj","a promise folded into a keepsake card","You are the best part of every future Abu imagines.","Samjhana, my Runchi, Abu made the Little Things Abu Notices room around the room-search conversation that started in Nepalgunj. This page is a soft place to land when your day is h","A small surprise: Abu remembers more than he says. You are the best part of every future Abu imagines. This page is Abu’s a compliment saved for your next tired day for Bhoot."
"280","/love-envelope-collection","LoveEnvelopeCollectionPage","src/pages/LoveEnvelopeCollectionPage.jsx","Letters Abu Has Been Saving","sequence page 236","236","56951","10","LoveEnvelopeCollection","src/pages/LoveEnvelopeCollectionPage.jsx | src/components/LoveEnvelopeCollection.jsx | src/components/WorldShell.jsx | src/themes.js | src/components/AudioController.jsx | src/store/useAppStore.js | src/config.ts | src/data/roomSequence.js | src/utils/mediaUtils.js | src/utils/whatsappHelper.js","","27","57","42","text-rose-400 text-center rounded-3xl bg-slate-950 border-4 border-rose-400 shadow-2xl rounded-2xl border-2 border-amber-300","","","","LOW","e333cedd22b1","true","Water Park laughter and the day moving too quickly","a tiny memory ticket from Nepalgunj","Your “huss” can make a long day feel close again.","Samjhana, my Babe, Abu made the Love Envelope Collection room around Water Park laughter and the day moving too quickly. A small surprise: Abu remembers more than he says.","Keep this for the next time distance feels loud. Your “huss” can make a long day feel close again. This page is Abu’s a voice-note moment for the nights you miss home for Runchi."
"281","/romantic-music-box-2","RomanticMusicBox2Page","src/pages/RomanticMusicBox2Page.jsx","A Second Song for Bhuntu","sequence page 237","237","56890","10","RomanticMusicBox2","src/pages/RomanticMusicBox2Page.jsx | src/components/RomanticMusicBox2.jsx | src/components/WorldShell.jsx | src/themes.js | src/components/AudioController.jsx | src/store/useAppStore.js | src/config.ts | src/data/roomSequence.js | src/utils/mediaUtils.js | src/utils/whatsappHelper.js","","27","57","39","text-amber-400 text-center rounded-3xl bg-slate-950 border-4 border-amber-400 shadow-2xl rounded-2xl border-2 border-amber-300","","","","LOW","37fe56a943fd","true","Chau-Chau, Panipuri, momo, and the foods that became our language","a voice-note moment for the nights you miss home","Your kindness is one of the reasons Abu keeps choosing you.","Samjhana, my Babe, Abu made the Romantic Music Box 2 room around Chau-Chau, Panipuri, momo, and the foods that became our language. The secret is simple: Abu would still choose you","The gift inside is not expensive; it is specific to you. Your kindness is one of the reasons Abu keeps choosing you. This page is Abu’s a small surprise box with one true thing ins"
"282","/couple-future-home-3d","CoupleFutureHome3DPage","src/pages/CoupleFutureHome3DPage.jsx","The Home Abu Imagines","sequence page 238","238","56483","10","CoupleFutureHome3D","src/pages/CoupleFutureHome3DPage.jsx | src/components/CoupleFutureHome3D.jsx | src/components/WorldShell.jsx | src/themes.js | src/components/AudioController.jsx | src/store/useAppStore.js | src/config.ts | src/data/roomSequence.js | src/utils/mediaUtils.js | src/utils/whatsappHelper.js","","27","54","41","text-blue-400 text-center rounded-3xl bg-slate-950 border-4 border-blue-400 shadow-2xl rounded-2xl border-2 border-amber-300","","","","LOW","f939b917608d","true","the future light-blue scooter ride toward Bardiya","a bouquet of words for your soft days","Your voice can cross the Nepalgunj-to-Sakai distance faster than any flight.","Samjhana, my Sanu, Abu made the Couple Future Home 3d room around the future light-blue scooter ride toward Bardiya. The gift inside is not expensive; it is specific to you.","This is a reminder that you are loved in the details. Your voice can cross the Nepalgunj-to-Sakai distance faster than any flight. This page is Abu’s a future postcard from the lig"
"283","/love-neon-sign-gallery","LoveNeonSignGalleryPage","src/pages/LoveNeonSignGalleryPage.jsx","A Sign with Your Name on It","sequence page 239","239","56421","10","LoveNeonSignGallery","src/pages/LoveNeonSignGalleryPage.jsx | src/components/LoveNeonSignGallery.jsx | src/components/WorldShell.jsx | src/themes.js | src/components/AudioController.jsx | src/store/useAppStore.js | src/config.ts | src/data/roomSequence.js | src/utils/mediaUtils.js | src/utils/whatsappHelper.js","","27","54","41","text-pink-400 text-center rounded-3xl bg-slate-950 border-4 border-pink-400 shadow-2xl rounded-2xl border-2 border-amber-300","","","","LOW","074fb6b018be","true","the future light-blue scooter ride toward Bardiya","a Bageshwori memory pressed between two pages","Your voice can cross the Nepalgunj-to-Sakai distance faster than any flight.","Samjhana, my Bhuntu, Abu made the Love Neon Sign Gallery room around the future light-blue scooter ride toward Bardiya. This is a reminder that you are loved in the details.","Open this when you miss Abu. Your voice can cross the Nepalgunj-to-Sakai distance faster than any flight. This page is Abu’s a quiet “open when” note for your pocket for Sanu."
"284","/bhuntu-photo-mosaic-2","BhuntuPhotoMosaic2Page","src/pages/BhuntuPhotoMosaic2Page.jsx","Pieces of Samjhana in One Picture","sequence page 240","240","56547","10","BhuntuPhotoMosaic2","src/pages/BhuntuPhotoMosaic2Page.jsx | src/components/BhuntuPhotoMosaic2.jsx | src/components/WorldShell.jsx | src/themes.js | src/components/AudioController.jsx | src/store/useAppStore.js | src/config.ts | src/data/roomSequence.js | src/utils/mediaUtils.js | src/utils/whatsappHelper.js","","27","54","47","text-purple-400 text-center rounded-3xl bg-slate-950 border-4 border-purple-400 shadow-2xl rounded-2xl border-2 border-amber-300","","","","LOW","1342a990fa38","true","Bageshwori Temple and the prayers we carried home","a private letter from Abu","Your smile makes Abu forget what he was worried about.","Samjhana, my Runchi, Abu made the Bhuntu Photo Mosaic 2 room around Bageshwori Temple and the prayers we carried home. This is a reminder that you are loved in the details.","Open this when you miss Abu. Your smile makes Abu forget what he was worried about. This page is Abu’s a promise folded into a keepsake card for Bhoot."
"285","/love-tetris-block-puzzle","LoveTetrisBlockPuzzlePage","src/pages/LoveTetrisBlockPuzzlePage.jsx","Building a Future from Little Pieces","sequence page 244","244","1709","1","page-specific JSX","src/pages/LoveTetrisBlockPuzzlePage.jsx","","0","2","2","bg-[ text-[ text-emerald-800 text-xs font-black text-6xl border-4 text-left border-emerald-700 bg-emerald-200","","interaction with low media","","HIGH","a3f7cb838e80","true","the way you can be Sanzu, Bhuntu, Sanu, Babe, or Runchi and still be home","a voice-note moment for the nights you miss home","You make Abu want to become gentler, steadier, and more worthy of your trust.","Samjhana, my Runchi, Abu made the Love Tetris Block Puzzle room around the way you can be Sanzu, Bhuntu, Sanu, Babe, or Runchi and still be home. The secret is simple: Abu would st","The gift inside is not expensive; it is specific to you. You make Abu want to become gentler, steadier, and more worthy of your trust. This page is Abu’s a small surprise box with "
"286","/couple-relationship-cert","CoupleRelationshipCertPage","src/pages/CoupleRelationshipCertPage.jsx","The Certificate of Being Samjhana","sequence page 241","241","56609","10","CoupleRelationshipCert","src/pages/CoupleRelationshipCertPage.jsx | src/components/CoupleRelationshipCert.jsx | src/components/WorldShell.jsx | src/themes.js | src/components/AudioController.jsx | src/store/useAppStore.js | src/config.ts | src/data/roomSequence.js | src/utils/mediaUtils.js | src/utils/whatsappHelper.js","","27","54","40","text-amber-400 text-center rounded-3xl bg-slate-950 border-4 border-amber-400 shadow-2xl rounded-2xl border-2 border-amber-300","","","","LOW","ec3d73f9a41b","true","dropping you at the Language Institute before Japan","a tiny memory ticket from Nepalgunj","Your moods, your laugh, your quiet, and your Bhoot moments all belong to the girl Abu loves.","Samjhana, my Sanzu, Abu made the Couple Relationship Cert room around dropping you at the Language Institute before Japan. A small surprise: Abu remembers more than he says.","Keep this for the next time distance feels loud. Your moods, your laugh, your quiet, and your Bhoot moments all belong to the girl Abu loves. This page is Abu’s a voice-note moment"
"287","/grand-love-galaxy-3d","GrandLoveGalaxy3DPage","src/pages/GrandLoveGalaxy3DPage.jsx","The Big Sky Abu Made for You","sequence page 242","242","57389","10","GrandLoveGalaxy3D","src/pages/GrandLoveGalaxy3DPage.jsx | src/components/GrandLoveGalaxy3D.jsx | src/components/WorldShell.jsx | src/themes.js | src/components/AudioController.jsx | src/store/useAppStore.js | src/config.ts | src/data/roomSequence.js | src/utils/mediaUtils.js | src/utils/whatsappHelper.js","","27","55","41","from-purple-500 to-indigo-600 from-pink-500 to-rose-600 from-amber-400 to-yellow-500 text-purple-400 text-center font-ui rounded-3xl","","","","LOW","101ffad166da","true","the way you can be Sanzu, Bhuntu, Sanu, Babe, or Runchi and still be home","a private letter from Abu","You make Abu want to become gentler, steadier, and more worthy of your trust.","Samjhana, my Bebo, Abu made the Grand Love Galaxy 3d room around the way you can be Sanzu, Bhuntu, Sanu, Babe, or Runchi and still be home. This is a reminder that you are loved in","Open this when you miss Abu. You make Abu want to become gentler, steadier, and more worthy of your trust. This page is Abu’s a promise folded into a keepsake card for Fuchee."
"288","/love-memory-match-3d","LoveMemoryMatch3DPage","src/pages/LoveMemoryMatch3DPage.jsx","Three Dimensions of Our Memory","registered but not in sequence","","321576","4","page-specific JSX","src/pages/LoveMemoryMatch3DPage.jsx | src/utils/mediaUtils.js | src/data/pageGiftData.js | src/data/pageNames.js","","32","8","4132","bg-[ text-[ text-xs font-black text-emerald-700/70 text-6xl text-8xl text-emerald-600 text-lg rounded-[2rem]","","","","LOW","6da1dcbc7812","true","the room-search conversation that started in Nepalgunj","a Sakai-to-Nepalgunj distance token","You are the best part of every future Abu imagines.","Samjhana, my Sanzu, Abu made the Love Memory Match 3d room around the room-search conversation that started in Nepalgunj. A small surprise: Abu remembers more than he says.","Keep this for the next time distance feels loud. You are the best part of every future Abu imagines. This page is Abu’s a memory ribbon tied to your favourite name for Bhuntu."
"289","/love-scratch-off-gallery-2","LoveScratchOffGallerySecondPage","src/pages/LoveScratchOffGallerySecondPage.jsx","A Second Gallery of Hidden Notes","registered but not in sequence","","321091","4","page-specific JSX","src/pages/LoveScratchOffGallerySecondPage.jsx | src/utils/mediaUtils.js | src/data/pageGiftData.js | src/data/pageNames.js","","32","6","4129","bg-[ text-[ text-amber-200 text-xs font-black text-6xl text-8xl text-lg text-white/60 rounded-[2rem]","","","","LOW","d2faf984629a","true","dropping you at the Language Institute before Japan","a promise folded into a keepsake card","Your moods, your laugh, your quiet, and your Bhoot moments all belong to the girl Abu loves.","Samjhana, my Sanu, Abu made the Love Scratch Off Gallery 2 room around dropping you at the Language Institute before Japan. This page is a soft place to land when your day is heavy","A small surprise: Abu remembers more than he says. Your moods, your laugh, your quiet, and your Bhoot moments all belong to the girl Abu loves. This page is Abu’s a compliment save"
"290","/love-letter-archive-vault","LoveLetterArchiveVaultPage","src/pages/LoveLetterArchiveVaultPage.jsx","The Archive Abu Locked for You","sequence page 245","245","321150","4","page-specific JSX","src/pages/LoveLetterArchiveVaultPage.jsx | src/utils/mediaUtils.js | src/data/pageGiftData.js | src/data/pageNames.js","","32","6","4130","bg-[ text-[ text-xs font-black text-6xl text-8xl rounded-2xl text-left border-[ bg-white/70","","","","LOW","5a28b77104d7","true","late-night video calls between Nepalgunj and Sakai, Osaka","a bouquet of words for your soft days","You make ordinary food, ordinary calls, and ordinary rooms feel like memories.","Samjhana, my Sanu, Abu made the Love Letter Archive Vault room around late-night video calls between Nepalgunj and Sakai, Osaka. The gift inside is not expensive; it is specific to","This is a reminder that you are loved in the details. You make ordinary food, ordinary calls, and ordinary rooms feel like memories. This page is Abu’s a future postcard from the l"
"291","/love-spell-caster-studio","LoveSpellCasterStudioPage","src/pages/LoveSpellCasterStudioPage.jsx","Words That Make a Day Softer","sequence page 246","246","321279","4","page-specific JSX","src/pages/LoveSpellCasterStudioPage.jsx | src/utils/mediaUtils.js | src/data/pageGiftData.js | src/data/pageNames.js","","32","6","4133","bg-[ text-[ text-violet-200 text-xs font-black text-6xl text-8xl rounded-[2rem] border-violet-200/15 bg-white/[.06]","","","","LOW","d6aef326a66f","true","the future light-blue scooter ride toward Bardiya","a compliment saved for your next tired day","Your voice can cross the Nepalgunj-to-Sakai distance faster than any flight.","Samjhana, my Sanzu, Abu made the Love Spell Caster Studio room around the future light-blue scooter ride toward Bardiya. Open this when you miss Abu.","The secret is simple: Abu would still choose you in every version of the story. Your voice can cross the Nepalgunj-to-Sakai distance faster than any flight. This page is Abu’s a Sa"
"292","/love-potion-lab-2","LovePotionLab2Page","src/pages/LovePotionLab2Page.jsx","The Lab of Abu’s Feelings","sequence page 247","247","321707","4","page-specific JSX","src/pages/LovePotionLab2Page.jsx | src/utils/mediaUtils.js | src/data/pageGiftData.js | src/data/pageNames.js","","32","6","4133","bg-[ text-[ text-lime-200 text-xs font-black text-6xl text-8xl rounded-[2rem] border-lime-200/15 bg-white/[.06]","","","","LOW","44440c521899","true","the future light-blue scooter ride toward Bardiya","a compliment saved for your next tired day","Your voice can cross the Nepalgunj-to-Sakai distance faster than any flight.","Samjhana, my Bebo, Abu made the Love Potion Lab 2 room around the future light-blue scooter ride toward Bardiya. Open this when you miss Abu.","The secret is simple: Abu would still choose you in every version of the story. Your voice can cross the Nepalgunj-to-Sakai distance faster than any flight. This page is Abu’s a Sa"
"293","/couple-milestone-map-2","CoupleMilestoneMap2Page","src/pages/CoupleMilestoneMap2Page.jsx","A Second Map of Our Story","sequence page 248","248","321348","4","page-specific JSX","src/pages/CoupleMilestoneMap2Page.jsx | src/utils/mediaUtils.js | src/data/pageGiftData.js | src/data/pageNames.js","","32","6","4131","bg-[ text-[ text-xs font-black text-6xl text-8xl rounded-[2rem] rounded-[1.5rem] rounded-2xl text-left","","","","LOW","36d0df0b3856","true","Water Park laughter and the day moving too quickly","a future postcard from the light-blue scooter road","Your “huss” can make a long day feel close again.","Samjhana, my Sanzu, Abu made the Couple Milestone Map 2 room around Water Park laughter and the day moving too quickly. Read this slowly, Sanu. It was made for your exact heart.","This page is a soft place to land when your day is heavy. Your “huss” can make a long day feel close again. This page is Abu’s a Bageshwori memory pressed between two pages for Bhu"
"294","/secret-vault-2","SecretVaultSecondPage","src/pages/SecretVaultSecondPage.jsx","Secret Vault 2","sequence page 249","249","320932","4","page-specific JSX","src/pages/SecretVaultSecondPage.jsx | src/utils/mediaUtils.js | src/data/pageGiftData.js | src/data/pageNames.js","","32","6","4130","bg-[ text-indigo-50 text-xs font-black text-indigo-300/70 text-6xl text-8xl rounded-[2.5rem] shadow-2xl border-indigo-200/15","","","","LOW","d7bfb65cffc5","true","Water Park laughter and the day moving too quickly","a Sakai-to-Nepalgunj distance token","Your “huss” can make a long day feel close again.","Samjhana, my Bhuntu, Abu made the Secret Vault 2 room around Water Park laughter and the day moving too quickly. A small surprise: Abu remembers more than he says.","Keep this for the next time distance feels loud. Your “huss” can make a long day feel close again. This page is Abu’s a memory ribbon tied to your favourite name for Sanu."
"295","/love-grand-finale-2","LoveGrandFinaleSecondPage","src/pages/LoveGrandFinaleSecondPage.jsx","Love Grand Finale 2","sequence page 250","250","321256","4","page-specific JSX","src/pages/LoveGrandFinaleSecondPage.jsx | src/utils/mediaUtils.js | src/data/pageGiftData.js | src/data/pageNames.js","","32","6","4132","bg-gradient-to-b from-[ via-[ to-[ text-[ text-xs font-black text-6xl text-8xl text-lg","","","","LOW","6984f98283f2","true","Chau-Chau, Panipuri, momo, and the foods that became our language","a compliment saved for your next tired day","Your kindness is one of the reasons Abu keeps choosing you.","Samjhana, my Sanu, Abu made the Love Grand Finale 2 room around Chau-Chau, Panipuri, momo, and the foods that became our language. Open this when you miss Abu.","The secret is simple: Abu would still choose you in every version of the story. Your kindness is one of the reasons Abu keeps choosing you. This page is Abu’s a Sakai-to-Nepalgunj "
"296","/future-house-builder-2","FutureHouseBuilderSecondPage","src/pages/FutureHouseBuilderSecondPage.jsx","Another Window into Our Future","sequence page 251","251","321261","4","page-specific JSX","src/pages/FutureHouseBuilderSecondPage.jsx | src/utils/mediaUtils.js | src/data/pageGiftData.js | src/data/pageNames.js","","32","6","4134","bg-[ text-[ text-xs font-black text-emerald-700/70 text-6xl text-8xl text-lg rounded-[2rem] shadow-xl","","","","LOW","85b1b628b23b","true","Bageshwori Temple and the prayers we carried home","a compliment saved for your next tired day","Your smile makes Abu forget what he was worried about.","Samjhana, my Runchi, Abu made the Future House Builder 2 room around Bageshwori Temple and the prayers we carried home. Open this when you miss Abu.","The secret is simple: Abu would still choose you in every version of the story. Your smile makes Abu forget what he was worried about. This page is Abu’s a Sakai-to-Nepalgunj dista"
"297","/ultimate-300th-love-coronation","Ultimate300thLoveCoronationPage","src/pages/Ultimate300thLoveCoronationPage.jsx","The Grand Birthday Gift for Samjhana","sequence page 252","252","57278","10","Ultimate300thLoveCoronation","src/pages/Ultimate300thLoveCoronationPage.jsx | src/components/Ultimate300thLoveCoronation.jsx | src/components/WorldShell.jsx | src/themes.js | src/components/AudioController.jsx | src/store/useAppStore.js | src/config.ts | src/data/roomSequence.js | src/utils/mediaUtils.js | src/utils/whatsappHelper.js","","27","57","43","text-amber-400 text-center rounded-3xl bg-slate-950 border-4 border-amber-400 shadow-2xl rounded-2xl border-2 border-amber-300","","","","LOW","0bae2cf18ba0","true","late-night video calls between Nepalgunj and Sakai, Osaka","a promise map for the places we still want to see","You make ordinary food, ordinary calls, and ordinary rooms feel like memories.","Samjhana, my Sanu, Abu made the Ultimate 300th Love Coronation room around late-night video calls between Nepalgunj and Sakai, Osaka. Open this when you miss Abu.","The secret is simple: Abu would still choose you in every version of the story. You make ordinary food, ordinary calls, and ordinary rooms feel like memories. This page is Abu’s a "
"298","/hall-of-fame","HallOfFamePage","src/pages/HallOfFamePage.jsx","Samjhana’s Hall of Abu’s Favourite Things","sequence page 253","253","114447","11","HallOfFame","src/pages/HallOfFamePage.jsx | src/components/HallOfFame.jsx | src/components/WorldShell.jsx | src/themes.js | src/data/birthdayData.js | src/utils/mediaUtils.js | src/components/AudioController.jsx | src/store/useAppStore.js | src/config.ts | src/data/roomSequence.js | src/utils/whatsappHelper.js","","33","58","252","text-amber-400 font-ui rounded-3xl border-4 border-amber-400 bg-gradient-to-br from-amber-950 via-slate-900 to-rose-950 text-white","","","","LOW","2ff936370998","true","dropping you at the Language Institute before Japan","a soft landing place for a difficult day","Your moods, your laugh, your quiet, and your Bhoot moments all belong to the girl Abu loves.","Samjhana, my Bhoot, Abu made the Hall Of Fame room around dropping you at the Language Institute before Japan. Keep this for the next time distance feels loud.","Read this slowly, Sanu. It was made for your exact heart. Your moods, your laugh, your quiet, and your Bhoot moments all belong to the girl Abu loves. This page is Abu’s a bouquet "
"299","/bonus-arcade","BonusArcadePage","src/pages/BonusArcadePage.jsx","The Bonus Room of Small Surprises","registered but not in sequence","","16895","3","WorldShell","src/pages/BonusArcadePage.jsx | src/components/WorldShell.jsx | src/themes.js","","0","9","2","text-left rounded-2xl border-pink-300 shadow-md bg-white/90 border-rose-400 shadow-xl font-bold text-rose-600 font-ui","","interaction with low media","","LOW","bcf4101edf7e","true","late-night video calls between Nepalgunj and Sakai, Osaka","a birthday blessing written in Abu’s handwriting","You make ordinary food, ordinary calls, and ordinary rooms feel like memories.","Samjhana, my Bhoot, Abu made the Bonus Arcade room around late-night video calls between Nepalgunj and Sakai, Osaka. The gift inside is not expensive; it is specific to you.","This is a reminder that you are loved in the details. You make ordinary food, ordinary calls, and ordinary rooms feel like memories. This page is Abu’s a tiny cinema ticket for one"
"300","/room/1","Room1Page","src/pages/Room1Page.jsx","Room 1 — The First Door","registered but not in sequence","","8747","2","LoveScratchCard","src/pages/Room1Page.jsx | src/components/LoveScratchCard.jsx","","0","10","28","","","","","MEDIUM","86902abe8d86","true","Chau-Chau, Panipuri, momo, and the foods that became our language","a private letter from Abu","Your kindness is one of the reasons Abu keeps choosing you.","Samjhana, my Sanu, Abu made the 1 room around Chau-Chau, Panipuri, momo, and the foods that became our language. This is a reminder that you are loved in the details.","Open this when you miss Abu. Your kindness is one of the reasons Abu keeps choosing you. This page is Abu’s a promise folded into a keepsake card for Babe."
"301","/room/2","Room2Page","src/pages/Room2Page.jsx","Room 2 — The Distance Between Us","sequence page 254","254","1470","1","page-specific JSX","src/pages/Room2Page.jsx","","0","2","8","bg-[ text-sky-50 text-sky-300 text-xs font-black text-6xl rounded-[2rem] border-sky-100/20 bg-white/10 font-mono","","interaction with low media","","HIGH","07e5f934e71c","true","late-night video calls between Nepalgunj and Sakai, Osaka","a bouquet of words for your soft days","You make ordinary food, ordinary calls, and ordinary rooms feel like memories.","Samjhana, my Bhoot, Abu made the 2 room around late-night video calls between Nepalgunj and Sakai, Osaka. The gift inside is not expensive; it is specific to you.","This is a reminder that you are loved in the details. You make ordinary food, ordinary calls, and ordinary rooms feel like memories. This page is Abu’s a future postcard from the l"
"302","/room/3","Room3Page","src/pages/Room3Page.jsx","Room 3 — The Photo Abu Keeps","sequence page 255","255","11481","2","page-specific JSX","src/pages/Room3Page.jsx | src/utils/mediaUtils.js","","34","7","8","bg-[ text-[ text-rose-700 text-xs font-black text-6xl rounded-[2rem] shadow-xl bg-white text-rose-500","","","","LOW","0c072ca61603","true","Chau-Chau, Panipuri, momo, and the foods that became our language","a voice-note moment for the nights you miss home","Your kindness is one of the reasons Abu keeps choosing you.","Samjhana, my Babe, Abu made the 3 room around Chau-Chau, Panipuri, momo, and the foods that became our language. The secret is simple: Abu would still choose you in every version o","The gift inside is not expensive; it is specific to you. Your kindness is one of the reasons Abu keeps choosing you. This page is Abu’s a small surprise box with one true thing ins"
"303","/room/4","Room4Page","src/pages/Room4Page.jsx","Room 4 — The Memory Abu Knows","registered but not in sequence","","1593","1","page-specific JSX","src/pages/Room4Page.jsx","","0","4","10","bg-[ text-[ text-amber-700 text-xs font-black text-6xl rounded-[2rem] border-2 text-left border-amber-700","","interaction with low media","","MEDIUM","727ba06836fb","true","late-night video calls between Nepalgunj and Sakai, Osaka","a compliment saved for your next tired day","You make ordinary food, ordinary calls, and ordinary rooms feel like memories.","Samjhana, my Bebo, Abu made the 4 room around late-night video calls between Nepalgunj and Sakai, Osaka. Open this when you miss Abu.","The secret is simple: Abu would still choose you in every version of the story. You make ordinary food, ordinary calls, and ordinary rooms feel like memories. This page is Abu’s a "
"304","/room/5","Room5Page","src/pages/Room5Page.jsx","Room 5 — The Story We Tell","sequence page 256","256","1578","1","page-specific JSX","src/pages/Room5Page.jsx","","0","4","7","bg-[ text-[ text-rose-700 text-xs font-black text-6xl rounded-full font-bold bg-rose-700 text-white","","interaction with low media","","MEDIUM","6f1d65b1638d","true","Chau-Chau, Panipuri, momo, and the foods that became our language","a Bageshwori memory pressed between two pages","Your kindness is one of the reasons Abu keeps choosing you.","Samjhana, my Runchi, Abu made the 5 room around Chau-Chau, Panipuri, momo, and the foods that became our language. This is a reminder that you are loved in the details.","Open this when you miss Abu. Your kindness is one of the reasons Abu keeps choosing you. This page is Abu’s a quiet “open when” note for your pocket for Bhoot."
"305","/room/6","Room6Page","src/pages/Room6Page.jsx","Room 6 — The Things Abu Loves","sequence page 257","257","1524","1","page-specific JSX","src/pages/Room6Page.jsx","","0","2","7","bg-[ text-[ text-sky-700 text-xs font-black text-6xl rounded-2xl text-left bg-sky-700 text-white","","interaction with low media","","HIGH","ae0d3f8a33e0","true","late-night video calls between Nepalgunj and Sakai, Osaka","a birthday blessing written in Abu’s handwriting","You make ordinary food, ordinary calls, and ordinary rooms feel like memories.","Samjhana, my Fuchee, Abu made the 6 room around late-night video calls between Nepalgunj and Sakai, Osaka. The gift inside is not expensive; it is specific to you.","This is a reminder that you are loved in the details. You make ordinary food, ordinary calls, and ordinary rooms feel like memories. This page is Abu’s a tiny cinema ticket for one"
"306","/room/7","Room7Page","src/pages/Room7Page.jsx","Room 7 — An Envelope for Sanzu","sequence page 258","258","1572","1","page-specific JSX","src/pages/Room7Page.jsx","","0","2","4","bg-[ text-[ text-rose-700 text-xs font-black text-6xl rounded-[2rem] border-2 text-left border-rose-700","","interaction with low media","","HIGH","eb062acb27b2","true","the future light-blue scooter ride toward Bardiya","a memory ribbon tied to your favourite name","Your voice can cross the Nepalgunj-to-Sakai distance faster than any flight.","Samjhana, my Bhuntu, Abu made the 7 room around the future light-blue scooter ride toward Bardiya. The secret is simple: Abu would still choose you in every version of the story.","The gift inside is not expensive; it is specific to you. Your voice can cross the Nepalgunj-to-Sakai distance faster than any flight. This page is Abu’s a soft landing place for a "
"307","/room/8","Room8Page","src/pages/Room8Page.jsx","Room 8 — The Places We Still Want","sequence page 259","259","1515","1","page-specific JSX","src/pages/Room8Page.jsx","","0","2","7","bg-[ text-[ text-emerald-700 text-xs font-black text-6xl rounded-[2rem] border-2 text-left border-emerald-700","","interaction with low media","","HIGH","43235d5c5789","true","late-night video calls between Nepalgunj and Sakai, Osaka","a promise map for the places we still want to see","You make ordinary food, ordinary calls, and ordinary rooms feel like memories.","Samjhana, my Samjhana, Abu made the 8 room around late-night video calls between Nepalgunj and Sakai, Osaka. Open this when you miss Abu.","The secret is simple: Abu would still choose you in every version of the story. You make ordinary food, ordinary calls, and ordinary rooms feel like memories. This page is Abu’s a "
"308","/room/9","Room9Page","src/pages/Room9Page.jsx","Room 9 — A Wish for Bhuntu","sequence page 260","260","1369","1","page-specific JSX","src/pages/Room9Page.jsx","","0","2","2","bg-[ text-[ text-center text-pink-600 text-xs font-black text-6xl rounded-[50%] border-2 border-pink-600","","interaction with low media","","HIGH","c02c9d0315c4","true","the future light-blue scooter ride toward Bardiya","a private letter from Abu","Your voice can cross the Nepalgunj-to-Sakai distance faster than any flight.","Samjhana, my Sanu, Abu made the 9 room around the future light-blue scooter ride toward Bardiya. This is a reminder that you are loved in the details.","Open this when you miss Abu. Your voice can cross the Nepalgunj-to-Sakai distance faster than any flight. This page is Abu’s a promise folded into a keepsake card for Babe."
"309","/room/10","Room10Page","src/pages/Room10Page.jsx","Room 10 — A Voice from Abu","sequence page 261","261","1404","1","page-specific JSX","src/pages/Room10Page.jsx","","0","2","5","bg-[ text-white text-cyan-300 text-xs font-black text-6xl rounded-2xl text-left bg-cyan-300 text-[","","interaction with low media","","HIGH","5620f3ee7967","true","late-night video calls between Nepalgunj and Sakai, Osaka","a Bageshwori memory pressed between two pages","You make ordinary food, ordinary calls, and ordinary rooms feel like memories.","Samjhana, my Bhuntu, Abu made the 10 room around late-night video calls between Nepalgunj and Sakai, Osaka. This is a reminder that you are loved in the details.","Open this when you miss Abu. You make ordinary food, ordinary calls, and ordinary rooms feel like memories. This page is Abu’s a quiet “open when” note for your pocket for Sanu."
"310","/room/11","Room11Page","src/pages/Room11Page.jsx","Room 11 — The Promise Room","sequence page 262","262","1356","1","page-specific JSX","src/pages/Room11Page.jsx","","0","2","4","bg-[ text-amber-50 text-center text-amber-300 text-xs font-black text-6xl rounded-[2rem] border-2 text-left","","interaction with low media","","HIGH","4cdd77e5df96","true","late-night video calls between Nepalgunj and Sakai, Osaka","a Bageshwori memory pressed between two pages","You make ordinary food, ordinary calls, and ordinary rooms feel like memories.","Samjhana, my Samjhana, Abu made the 11 room around late-night video calls between Nepalgunj and Sakai, Osaka. This is a reminder that you are loved in the details.","Open this when you miss Abu. You make ordinary food, ordinary calls, and ordinary rooms feel like memories. This page is Abu’s a quiet “open when” note for your pocket for Sanzu."
"311","/room/12","Room12Page","src/pages/Room12Page.jsx","Room 12 — The Final Gift","sequence page 263","263","11258","2","page-specific JSX","src/pages/Room12Page.jsx | src/utils/mediaUtils.js","","31","6","5","bg-gradient-to-b from-[ via-[ to-[ text-white text-center text-amber-100 text-xs font-black text-6xl","","","","LOW","a120233d22f6","true","late-night video calls between Nepalgunj and Sakai, Osaka","a Bageshwori memory pressed between two pages","You make ordinary food, ordinary calls, and ordinary rooms feel like memories.","Samjhana, my Bebo, Abu made the 12 room around late-night video calls between Nepalgunj and Sakai, Osaka. This is a reminder that you are loved in the details.","Open this when you miss Abu. You make ordinary food, ordinary calls, and ordinary rooms feel like memories. This page is Abu’s a quiet “open when” note for your pocket for Fuchee."
