order,page,route,title,component,source_file,source_bytes,source_exists,image_signals,media_signals,interaction_signals,narrative_signals,gift_signals,shared_template,design_tokens,source_fingerprint,thin_candidate,broken_candidate,note,memory,compliment,gift,message,surprise
"1","001","/","Samjhana’s Birthday Door from Abu","HomePage","src/pages/HomePage.jsx + src/data/personalVoice.js + src/data/roomSequence.js","17148","true","0","0","8","228","36","page-specific source","from-rose-200 via-orange-100 to-amber-100 from-sky-200 via-indigo-100 to-violet-100 from-emerald-200 via-teal-100 to-cyan-100 bg-[ text-[ bg-[radial-gradient","d79d0a63d5","NO","NO","Samjhana’s Birthday Door from Abu uses HomePage. Memory: Chau-Chau, Panipuri, momo, and the foods that became our language. Gift: a private letter from Abu. Voice: Samjhana, my Fuchee, Abu made the Abu’s birthday doorway room around Chau-Chau, Panipuri, momo, and the foods that became our language. This is a remi.","Chau-Chau, Panipuri, momo, and the foods that became our language","Your kindness is one of the reasons Abu keeps choosing you.","a private letter from Abu","Samjhana, my Fuchee, Abu made the Abu’s birthday doorway room around Chau-Chau, Panipuri, momo, and the foods that became our language. This is a remi","Open this when you miss Abu. Your kindness is one of the reasons Abu keeps choosing you. This page is Abu’s a promise folded into a keepsake card for "
"2","002","/gallery","The Faces Abu Keeps Close","GalleryPage","src/pages/GalleryPage.jsx + src/components/GallerySection.jsx + src/data/allMediaData.js + src/utils/mediaUtils.js + src/data/complimentsData.js + src/data/couplePhotosData.js + src/hooks/useDeviceGyro.js + src/components/AudioController.jsx + src/store/useAppStore.js + src/data/roomSequence.js + src/utils/assetHelper.js","54447","true","24","46","79","192","67","GallerySection","bg-gradient-to-b from-[ via-[ to-[ text-center rounded-full bg-pink-100 border-pink-200 text-rose-600 text-xs font-bold shadow-sm","1266a9fef3","NO","NO","The Faces Abu Keeps Close uses GalleryPage. Memory: the day “Abhay” became “Abu” because you made it yours. Gift: a tiny memory ticket from Nepalgunj. Voice: Samjhana, my Bebo, Abu made the Gallery room around the day “Abhay” became “Abu” because you made it yours. A small surprise: Abu remembers more than .","the day “Abhay” became “Abu” because you made it yours","You are the person behind every name Abu says with a softer voice.","a tiny memory ticket from Nepalgunj","Samjhana, my Bebo, Abu made the Gallery room around the day “Abhay” became “Abu” because you made it yours. A small surprise: Abu remembers more than ","Keep this for the next time distance feels loud. You are the person behind every name Abu says with a softer voice. This page is Abu’s a voice-note mo"
"3","003","/video","Samjhana in Motion","VideoPage","src/pages/VideoPage.jsx","4014","true","0","2","7","26","4","page-specific source","to-Osaka bg-[ text-[ border-b border-white/10 text-xs font-bold text-white/55 text-white text-amber-200/75 text-amber-200/70 text-6xl","24be3744e8","NO","NO","Samjhana in Motion uses VideoPage. Memory: the dream of Pokhara, Manang, and Mustang waiting for us. Gift: a promise folded into a keepsake card. Voice: Samjhana, my Samjhana, Abu made the Video room around the dream of Pokhara, Manang, and Mustang waiting for us. This page is a soft place to land when.","the dream of Pokhara, Manang, and Mustang waiting for us","You are beautiful in the moments you never think to pose for.","a promise folded into a keepsake card","Samjhana, my Samjhana, Abu made the Video room around the dream of Pokhara, Manang, and Mustang waiting for us. This page is a soft place to land when","A small surprise: Abu remembers more than he says. You are beautiful in the moments you never think to pose for. This page is Abu’s a compliment saved"
"4","004","/letter","A Letter from Abu","LetterPage","src/pages/LetterPage.jsx + src/components/LetterSection.jsx + src/data/birthdayData.js + src/utils/mediaUtils.js + src/components/AudioController.jsx + src/store/useAppStore.js + src/data/roomSequence.js","98313","true","9","30","52","651","148","LetterSection","bg-gradient-to-b from-[ via-[ to-[ text-emerald-100 text-center rounded-full bg-emerald-500/20 text-emerald-300 border-emerald-400/30 text-xs font-bold","f7e8fa18ec","NO","NO","A Letter from Abu uses LetterPage. Memory: the dream of Pokhara, Manang, and Mustang waiting for us. Gift: a tiny memory ticket from Nepalgunj. Voice: Samjhana, my Babe, Abu made the Letter room around the dream of Pokhara, Manang, and Mustang waiting for us. A small surprise: Abu remembers more than.","the dream of Pokhara, Manang, and Mustang waiting for us","You are beautiful in the moments you never think to pose for.","a tiny memory ticket from Nepalgunj","Samjhana, my Babe, Abu made the Letter room around the dream of Pokhara, Manang, and Mustang waiting for us. A small surprise: Abu remembers more than","Keep this for the next time distance feels loud. You are beautiful in the moments you never think to pose for. This page is Abu’s a voice-note moment "
"5","005","/bouquet","A Bouquet of Words for Bhuntu","BouquetPage","src/pages/BouquetPage.jsx + src/components/BouquetSection.jsx + src/data/birthdayData.js + src/utils/mediaUtils.js + src/components/AudioController.jsx + src/store/useAppStore.js + src/data/roomSequence.js","101200","true","13","34","59","631","151","BouquetSection","bg-gradient-to-b from-[ via-[ to-[ text-center rounded-full bg-pink-100 border-pink-200 text-rose-600 text-xs font-bold shadow-sm","9a804e7f83","NO","NO","A Bouquet of Words for Bhuntu uses BouquetPage. Memory: the day “Abhay” became “Abu” because you made it yours. Gift: a promise folded into a keepsake card. Voice: Samjhana, my Sanzu, Abu made the Bouquet room around the day “Abhay” became “Abu” because you made it yours. This page is a soft place to land when yo.","the day “Abhay” became “Abu” because you made it yours","You are the person behind every name Abu says with a softer voice.","a promise folded into a keepsake card","Samjhana, my Sanzu, Abu made the Bouquet room around the day “Abhay” became “Abu” because you made it yours. This page is a soft place to land when yo","A small surprise: Abu remembers more than he says. You are the person behind every name Abu says with a softer voice. This page is Abu’s a compliment "
"6","006","/distance","Nepalgunj to Sakai, Osaka","DistancePage","src/pages/DistancePage.jsx + src/components/NepalgunjToOsakaFlightSim.jsx + src/components/WorldShell.jsx + src/themes.js + src/components/AudioController.jsx + src/store/useAppStore.js + src/data/roomSequence.js + src/utils/mediaUtils.js + src/utils/whatsappHelper.js","57803","true","7","27","54","178","37","NepalgunjToOsakaFlightSim","text-sky-400 text-center font-ui rounded-3xl bg-slate-950 border-4 border-sky-500/80 shadow-[0_0_50px_rgba text-xs font-mono font-bold text-sky-300","5faa25fc8d","NO","NO","Nepalgunj to Sakai, Osaka uses DistancePage. Memory: the dream of Pokhara, Manang, and Mustang waiting for us. Gift: a tiny memory ticket from Nepalgunj. Voice: Samjhana, my Bebo, Abu made the Distance room around the dream of Pokhara, Manang, and Mustang waiting for us. A small surprise: Abu remembers more th.","the dream of Pokhara, Manang, and Mustang waiting for us","You are beautiful in the moments you never think to pose for.","a tiny memory ticket from Nepalgunj","Samjhana, my Bebo, Abu made the Distance room around the dream of Pokhara, Manang, and Mustang waiting for us. A small surprise: Abu remembers more th","Keep this for the next time distance feels loud. You are beautiful in the moments you never think to pose for. This page is Abu’s a voice-note moment "
"7","007","/surprise","The Surprise Abu Hid for You","SurprisePage","src/pages/SurprisePage.jsx + src/components/FinaleSection.jsx + src/3d/GiftBox3D.jsx + src/components/AudioController.jsx + src/store/useAppStore.js + src/data/roomSequence.js + src/components/WebGLErrorBoundary.jsx + src/components/InteractiveCake.jsx + src/data/birthdayData.js + src/utils/mediaUtils.js","108979","true","9","30","65","633","175","FinaleSection + AudioController","bg-gradient-to-b from-[ via-[ to-[ text-pink-300 text-rose-400 text-center rounded-full bg-white/80 border-pink-200 shadow-md text-xs","1dd14a7aef","NO","NO","The Surprise Abu Hid for You uses SurprisePage. Memory: dropping you at the Language Institute before Japan. Gift: a tiny memory ticket from Nepalgunj. Voice: Samjhana, my Babe, Abu made the Surprise room around dropping you at the Language Institute before Japan. A small surprise: Abu remembers more than he.","dropping you at the Language Institute before Japan","Your moods, your laugh, your quiet, and your Bhoot moments all belong to the girl Abu loves.","a tiny memory ticket from Nepalgunj","Samjhana, my Babe, Abu made the Surprise room around dropping you at the Language Institute before Japan. A small surprise: Abu remembers more than he","Keep this for the next time distance feels loud. Your moods, your laugh, your quiet, and your Bhoot moments all belong to the girl Abu loves. This pag"
"8","008","/quiz","The One Game Abu Made for Samjhana","QuizPage","src/pages/QuizPage.jsx","5391","true","0","0","10","30","3","page-specific source","bg-[ text-white text-xs font-bold text-cyan-300 text-sm text-white/40 text-6xl font-black text-8xl text-lg text-white/55","c7b97d67a9","NO","NO","The One Game Abu Made for Samjhana uses QuizPage. Memory: the day “Abhay” became “Abu” because you made it yours. Gift: a tiny memory ticket from Nepalgunj. Voice: Samjhana, my Sanu, Abu made the Quiz room around the day “Abhay” became “Abu” because you made it yours. A small surprise: Abu remembers more than he .","the day “Abhay” became “Abu” because you made it yours","You are the person behind every name Abu says with a softer voice.","a tiny memory ticket from Nepalgunj","Samjhana, my Sanu, Abu made the Quiz room around the day “Abhay” became “Abu” because you made it yours. A small surprise: Abu remembers more than he ","Keep this for the next time distance feels loud. You are the person behind every name Abu says with a softer voice. This page is Abu’s a voice-note mo"
"9","009","/stars","The Sky Map Abu Keeps for You","StarsPage","src/pages/StarsPage.jsx + src/utils/mediaUtils.js + src/data/pageGiftData.js + src/data/pageNames.js","321583","true","13","33","6","5953","2304","page-specific source","bg-[ text-[ text-sky-200 text-xs font-black text-6xl text-8xl text-lg text-sky-100/60 rounded-full bg-amber-200 border-sky-100/15","d8e2a9b57c","NO","NO","The Sky Map Abu Keeps for You uses StarsPage. Memory: dropping you at the Language Institute before Japan. Gift: a soft landing place for a difficult day. Voice: Samjhana, my Bhoot, Abu made the Stars room around dropping you at the Language Institute before Japan. Keep this for the next time distance feels lou.","dropping you at the Language Institute before Japan","Your moods, your laugh, your quiet, and your Bhoot moments all belong to the girl Abu loves.","a soft landing place for a difficult day","Samjhana, my Bhoot, Abu made the Stars room around dropping you at the Language Institute before Japan. Keep this for the next time distance feels lou","Read this slowly, Sanu. It was made for your exact heart. Your moods, your laugh, your quiet, and your Bhoot moments all belong to the girl Abu loves."
"10","010","/time-capsule","Open When You Miss Abu","TimeCapsulePage","src/pages/TimeCapsulePage.jsx + src/components/OpenWhenLetters.jsx + src/data/birthdayData.js + src/utils/mediaUtils.js + src/components/AudioController.jsx + src/store/useAppStore.js + src/data/roomSequence.js","97857","true","9","30","58","651","149","OpenWhenLetters","text-center rounded-full bg-rose-100 border-rose-200 text-rose-600 font-bold text-xs shadow-sm text-pink-500 text-2xl text-4xl font-extrabold","d1afb7b906","NO","NO","Open When You Miss Abu uses TimeCapsulePage. Memory: the future light-blue scooter ride toward Bardiya. Gift: a birthday blessing written in Abu’s handwriting. Voice: Samjhana, my Fuchee, Abu made the Time Capsule room around the future light-blue scooter ride toward Bardiya. The gift inside is not expensive; it is .","the future light-blue scooter ride toward Bardiya","Your voice can cross the Nepalgunj-to-Sakai distance faster than any flight.","a birthday blessing written in Abu’s handwriting","Samjhana, my Fuchee, Abu made the Time Capsule room around the future light-blue scooter ride toward Bardiya. The gift inside is not expensive; it is ","This is a reminder that you are loved in the details. Your voice can cross the Nepalgunj-to-Sakai distance faster than any flight. This page is Abu’s "
"11","011","/compliment-jar","The Compliments Abu Saves","ComplimentJarPage","src/pages/ComplimentJarPage.jsx + src/components/ComplimentJar.jsx + src/components/WorldShell.jsx + src/themes.js + src/data/birthdayData.js + src/utils/mediaUtils.js + src/components/AudioController.jsx + src/store/useAppStore.js + src/data/roomSequence.js + src/utils/whatsappHelper.js","122451","true","12","33","72","658","172","ComplimentJar","from-amber-400 to-amber-600 from-rose-500 to-pink-600 from-orange-400 to-amber-500 from-sky-400 to-blue-600 from-pink-400 to-rose-500 from-purple-500 to-indigo-600","e6c4c52f38","NO","NO","The Compliments Abu Saves uses ComplimentJarPage. Memory: late-night video calls between Nepalgunj and Sakai, Osaka. Gift: a compliment saved for your next tired day. Voice: Samjhana, my Sanu, Abu made the Compliment Jar room around late-night video calls between Nepalgunj and Sakai, Osaka. Open this when you miss Abu..","late-night video calls between Nepalgunj and Sakai, Osaka","You make ordinary food, ordinary calls, and ordinary rooms feel like memories.","a compliment saved for your next tired day","Samjhana, my Sanu, Abu made the Compliment Jar room around late-night video calls between Nepalgunj and Sakai, Osaka. Open this when you miss Abu.","The secret is simple: Abu would still choose you in every version of the story. You make ordinary food, ordinary calls, and ordinary rooms feel like m"
"12","012","/quote-generator","Words Abu Wants You to Hear","QuoteGeneratorPage","src/pages/QuoteGeneratorPage.jsx + src/components/TypewriterQuotes.jsx + src/data/birthdayData.js + src/utils/mediaUtils.js + src/components/AudioController.jsx + src/store/useAppStore.js + src/data/roomSequence.js","94357","true","9","30","48","621","148","TypewriterQuotes","text-center rounded-full bg-rose-100 border-rose-200 text-rose-600 font-bold text-xs shadow-sm font-ui text-pink-500 text-2xl text-4xl","0bae363c3f","NO","NO","Words Abu Wants You to Hear uses QuoteGeneratorPage. Memory: the future light-blue scooter ride toward Bardiya. Gift: a compliment saved for your next tired day. Voice: Samjhana, my Sanu, Abu made the Quote Generator room around the future light-blue scooter ride toward Bardiya. Open this when you miss Abu..","the future light-blue scooter ride toward Bardiya","Your voice can cross the Nepalgunj-to-Sakai distance faster than any flight.","a compliment saved for your next tired day","Samjhana, my Sanu, Abu made the Quote Generator room around the future light-blue scooter ride toward Bardiya. Open this when you miss Abu.","The secret is simple: Abu would still choose you in every version of the story. Your voice can cross the Nepalgunj-to-Sakai distance faster than any f"
"13","013","/mystery-gifts","Four Gifts for Samjhana","MysteryGiftsPage","src/pages/MysteryGiftsPage.jsx + src/components/MysteryGiftBoxes.jsx + src/data/birthdayData.js + src/utils/mediaUtils.js + src/components/AudioController.jsx + src/store/useAppStore.js + src/data/roomSequence.js + src/utils/whatsappHelper.js","98414","true","9","30","59","628","174","MysteryGiftBoxes","text-center rounded-full bg-rose-100 border-rose-200 text-rose-600 font-bold text-xs shadow-sm font-ui text-pink-500 text-2xl text-4xl","fc73656af7","NO","NO","Four Gifts for Samjhana uses MysteryGiftsPage. Memory: late-night video calls between Nepalgunj and Sakai, Osaka. Gift: a private letter from Abu. Voice: Samjhana, my Babe, Abu made the Mystery Gifts room around late-night video calls between Nepalgunj and Sakai, Osaka. This is a reminder that you are l.","late-night video calls between Nepalgunj and Sakai, Osaka","You make ordinary food, ordinary calls, and ordinary rooms feel like memories.","a private letter from Abu","Samjhana, my Babe, Abu made the Mystery Gifts room around late-night video calls between Nepalgunj and Sakai, Osaka. This is a reminder that you are l","Open this when you miss Abu. You make ordinary food, ordinary calls, and ordinary rooms feel like memories. This page is Abu’s a promise folded into a"
"14","014","/passport","Our Nepalgunj-to-Sakai Ticket","PassportPage","src/pages/PassportPage.jsx + src/components/CouplePassport.jsx + src/components/WorldShell.jsx + src/themes.js + src/data/birthdayData.js + src/utils/mediaUtils.js","82153","true","9","30","12","484","124","CouplePassport","rounded-3xl border-2 border-blue-200 shadow-2xl bg-gradient-to-r from-blue-900 via-indigo-950 to-slate-900 text-white text-left border-b border-blue-800/80","4d6f3b9b44","NO","NO","Our Nepalgunj-to-Sakai Ticket uses PassportPage. Memory: dropping you at the Language Institute before Japan. Gift: a tiny memory ticket from Nepalgunj. Voice: Samjhana, my Samjhana, Abu made the Passport room around dropping you at the Language Institute before Japan. A small surprise: Abu remembers more tha.","dropping you at the Language Institute before Japan","Your moods, your laugh, your quiet, and your Bhoot moments all belong to the girl Abu loves.","a tiny memory ticket from Nepalgunj","Samjhana, my Samjhana, Abu made the Passport room around dropping you at the Language Institute before Japan. A small surprise: Abu remembers more tha","Keep this for the next time distance feels loud. Your moods, your laugh, your quiet, and your Bhoot moments all belong to the girl Abu loves. This pag"
"15","015","/message-bottle","A Message Abu Sent Across the Water","BottlePage","src/pages/BottlePage.jsx + src/components/MessageInBottle.jsx + src/components/WorldShell.jsx + src/themes.js + src/data/birthdayData.js + src/utils/mediaUtils.js + src/components/AudioController.jsx + src/store/useAppStore.js + src/data/roomSequence.js","109466","true","9","30","64","626","153","MessageInBottle","rounded-3xl bg-gradient-to-b from-cyan-900 via-blue-900 to-indigo-950 border-2 border-cyan-400 shadow-2xl text-cyan-300 text-center bg-cyan-200/30 rounded-b-3xl","1b46be38d3","NO","NO","A Message Abu Sent Across the Water uses BottlePage. Memory: Water Park laughter and the day moving too quickly. Gift: a quiet “open when” note for your pocket. Voice: Samjhana, my Fuchee, Abu made the Message Bottle room around Water Park laughter and the day moving too quickly. This page is a soft place to land whe.","Water Park laughter and the day moving too quickly","Your “huss” can make a long day feel close again.","a quiet “open when” note for your pocket","Samjhana, my Fuchee, Abu made the Message Bottle room around Water Park laughter and the day moving too quickly. This page is a soft place to land whe","A small surprise: Abu remembers more than he says. Your “huss” can make a long day feel close again. This page is Abu’s a promise map for the places w"
"16","016","/music-box","The Song Abu Hears in Your Name","MusicBoxPage","src/pages/MusicBoxPage.jsx + src/components/LoveMusicBox.jsx + src/components/WorldShell.jsx + src/themes.js + src/data/birthdayData.js + src/utils/mediaUtils.js + src/components/AudioController.jsx + src/store/useAppStore.js + src/data/roomSequence.js","111679","true","9","30","66","629","148","LoveMusicBox","rounded-3xl border-2 border-purple-300 shadow-2xl bg-gradient-to-b from-amber-100 via-amber-50 to-pink-50 text-center text-rose-500 font-black text-xl","f43d5ab74a","NO","NO","The Song Abu Hears in Your Name uses MusicBoxPage. Memory: Bageshwori Temple and the prayers we carried home. Gift: a voice-note moment for the nights you miss home. Voice: Samjhana, my Babe, Abu made the Music Box room around Bageshwori Temple and the prayers we carried home. The secret is simple: Abu would still choose .","Bageshwori Temple and the prayers we carried home","Your smile makes Abu forget what he was worried about.","a voice-note moment for the nights you miss home","Samjhana, my Babe, Abu made the Music Box room around Bageshwori Temple and the prayers we carried home. The secret is simple: Abu would still choose ","The gift inside is not expensive; it is specific to you. Your smile makes Abu forget what he was worried about. This page is Abu’s a small surprise bo"
"17","017","/lanterns","Wishes Abu Sends Up for You","LanternsPage","src/pages/LanternsPage.jsx + src/components/SkyLanterns.jsx + src/components/WorldShell.jsx + src/themes.js + src/data/birthdayData.js + src/utils/mediaUtils.js + src/components/AudioController.jsx + src/store/useAppStore.js + src/data/roomSequence.js","108222","true","9","30","57","621","155","SkyLanterns","bg-gradient-to-b from-[ to-[ rounded-3xl via-[ border-amber-700/50 shadow-2xl rounded-t-2xl rounded-b-lg border-2 bg-gradient-to-t from-amber-500","24b046d5f8","NO","NO","Wishes Abu Sends Up for You uses LanternsPage. Memory: the dream of Pokhara, Manang, and Mustang waiting for us. Gift: a tiny memory ticket from Nepalgunj. Voice: Samjhana, my Sanzu, Abu made the Lanterns room around the dream of Pokhara, Manang, and Mustang waiting for us. A small surprise: Abu remembers more t.","the dream of Pokhara, Manang, and Mustang waiting for us","You are beautiful in the moments you never think to pose for.","a tiny memory ticket from Nepalgunj","Samjhana, my Sanzu, Abu made the Lanterns room around the dream of Pokhara, Manang, and Mustang waiting for us. A small surprise: Abu remembers more t","Keep this for the next time distance feels loud. You are beautiful in the moments you never think to pose for. This page is Abu’s a voice-note moment "
"18","018","/photo-booth","The Photo Room for Sanzu","PhotoBoothPage","src/pages/PhotoBoothPage.jsx + src/components/PolaroidPhotoBooth.jsx + src/components/WorldShell.jsx + src/themes.js + src/utils/mediaUtils.js + src/components/AudioController.jsx + src/store/useAppStore.js + src/data/roomSequence.js","55892","true","8","28","60","156","26","PolaroidPhotoBooth","bg-white border-2 border-pink-200 rounded-2xl shadow-2xl text-left rounded-xl bg-pink-50 border-gray-200 text-3xl shadow-md bg-pink-600/90","fb6de7b217","NO","NO","The Photo Room for Sanzu uses PhotoBoothPage. Memory: Bageshwori Temple and the prayers we carried home. Gift: a birthday blessing written in Abu’s handwriting. Voice: Samjhana, my Samjhana, Abu made the Photo Booth room around Bageshwori Temple and the prayers we carried home. The gift inside is not expensive; it is.","Bageshwori Temple and the prayers we carried home","Your smile makes Abu forget what he was worried about.","a birthday blessing written in Abu’s handwriting","Samjhana, my Samjhana, Abu made the Photo Booth room around Bageshwori Temple and the prayers we carried home. The gift inside is not expensive; it is","This is a reminder that you are loved in the details. Your smile makes Abu forget what he was worried about. This page is Abu’s a tiny cinema ticket f"
"19","019","/promise-tree","The Promises Abu Planted","PromiseTreePage","src/pages/PromiseTreePage.jsx + src/components/SakuraPromiseTree.jsx + src/components/WorldShell.jsx + src/themes.js + src/data/birthdayData.js + src/utils/mediaUtils.js + src/components/AudioController.jsx + src/store/useAppStore.js + src/data/roomSequence.js","109145","true","9","30","64","642","169","SakuraPromiseTree","rounded-3xl bg-gradient-to-b from-pink-50 via-rose-50 to-pink-100 border-2 border-pink-300 shadow-2xl bg-amber-800 rounded-t-full border-t-2 border-amber-900","617d55d8c1","NO","NO","The Promises Abu Planted uses PromiseTreePage. Memory: late-night video calls between Nepalgunj and Sakai, Osaka. Gift: a compliment saved for your next tired day. Voice: Samjhana, my Bebo, Abu made the Promise Tree room around late-night video calls between Nepalgunj and Sakai, Osaka. Open this when you miss Abu..","late-night video calls between Nepalgunj and Sakai, Osaka","You make ordinary food, ordinary calls, and ordinary rooms feel like memories.","a compliment saved for your next tired day","Samjhana, my Bebo, Abu made the Promise Tree room around late-night video calls between Nepalgunj and Sakai, Osaka. Open this when you miss Abu.","The secret is simple: Abu would still choose you in every version of the story. You make ordinary food, ordinary calls, and ordinary rooms feel like m"
"20","020","/treasure-chest","The Keepsake Abu Locked Away","TreasureChestPage","src/pages/TreasureChestPage.jsx + src/components/VIPTreasureChest.jsx + src/components/WorldShell.jsx + src/themes.js + src/data/birthdayData.js + src/utils/mediaUtils.js + src/components/AudioController.jsx + src/store/useAppStore.js + src/data/roomSequence.js","107972","true","9","30","56","626","149","VIPTreasureChest","rounded-3xl bg-gradient-to-br from-amber-400 via-amber-500 to-amber-700 border-4 border-amber-300 shadow-2xl rounded-full bg-amber-900 text-amber-300 shadow-inner","5ac8d27ea8","NO","NO","The Keepsake Abu Locked Away uses TreasureChestPage. Memory: the way you can be Sanzu, Bhuntu, Sanu, Babe, or Runchi and still be home. Gift: a bouquet of words for your soft days. Voice: Samjhana, my Bebo, Abu made the Treasure Chest room around the way you can be Sanzu, Bhuntu, Sanu, Babe, or Runchi and still be home. The gift inside .","the way you can be Sanzu, Bhuntu, Sanu, Babe, or Runchi and still be home","You make Abu want to become gentler, steadier, and more worthy of your trust.","a bouquet of words for your soft days","Samjhana, my Bebo, Abu made the Treasure Chest room around the way you can be Sanzu, Bhuntu, Sanu, Babe, or Runchi and still be home. The gift inside ","This is a reminder that you are loved in the details. You make Abu want to become gentler, steadier, and more worthy of your trust. This page is Abu’s"
"21","021","/horoscope","Samjhana Written in the Stars","HoroscopePage","src/pages/HoroscopePage.jsx + src/components/LoveHoroscope.jsx + src/data/birthdayData.js + src/utils/mediaUtils.js + src/components/WorldShell.jsx + src/themes.js","80922","true","9","30","12","489","124","LoveHoroscope","bg-slate-950 text-amber-300 text-indigo-300 text-purple-300 text-left font-bold text-sm font-ui text-indigo-400/60 text-[11px] text-indigo-100 text-xs","08c38bc133","NO","NO","Samjhana Written in the Stars uses HoroscopePage. Memory: the day “Abhay” became “Abu” because you made it yours. Gift: a tiny cinema ticket for one moment Abu would replay. Voice: Samjhana, my Babe, Abu made the Horoscope room around the day “Abhay” became “Abu” because you made it yours. Read this slowly, Sanu. It was made for .","the day “Abhay” became “Abu” because you made it yours","You are the person behind every name Abu says with a softer voice.","a tiny cinema ticket for one moment Abu would replay","Samjhana, my Babe, Abu made the Horoscope room around the day “Abhay” became “Abu” because you made it yours. Read this slowly, Sanu. It was made for ","This page is a soft place to land when your day is heavy. You are the person behind every name Abu says with a softer voice. This page is Abu’s a priv"
"22","022","/love-calculator","The Measureless Love Abu Feels","LoveCalculatorPage","src/pages/LoveCalculatorPage.jsx + src/components/LoveCalculator.jsx + src/data/birthdayData.js + src/utils/mediaUtils.js + src/components/AudioController.jsx + src/store/useAppStore.js + src/data/roomSequence.js","98949","true","9","30","65","647","148","LoveCalculator","text-center font-ui rounded-full bg-rose-100 text-rose-600 font-bold text-xs shadow-sm text-pink-500 text-2xl text-4xl font-extrabold","27729d65a9","NO","NO","The Measureless Love Abu Feels uses LoveCalculatorPage. Memory: the way you can be Sanzu, Bhuntu, Sanu, Babe, or Runchi and still be home. Gift: a Bageshwori memory pressed between two pages. Voice: Samjhana, my Sanu, Abu made the Love Calculator room around the way you can be Sanzu, Bhuntu, Sanu, Babe, or Runchi and still be home. This is a remin.","the way you can be Sanzu, Bhuntu, Sanu, Babe, or Runchi and still be home","You make Abu want to become gentler, steadier, and more worthy of your trust.","a Bageshwori memory pressed between two pages","Samjhana, my Sanu, Abu made the Love Calculator room around the way you can be Sanzu, Bhuntu, Sanu, Babe, or Runchi and still be home. This is a remin","Open this when you miss Abu. You make Abu want to become gentler, steadier, and more worthy of your trust. This page is Abu’s a quiet “open when” note"
"23","023","/cooking-game","A Birthday Table for Sanu","CookingGamePage","src/pages/CookingGamePage.jsx + src/components/CakeBakingGame.jsx + src/components/WorldShell.jsx + src/themes.js + src/data/birthdayData.js + src/utils/mediaUtils.js + src/components/AudioController.jsx + src/store/useAppStore.js + src/data/roomSequence.js","109383","true","9","30","61","624","148","CakeBakingGame","rounded-full text-[11px] font-bold font-ui bg-rose-500 text-white border-rose-500 bg-gray-100 text-gray-600 rounded-3xl border-2 border-pink-300","0379779ddc","NO","NO","A Birthday Table for Sanu uses CookingGamePage. Memory: the future light-blue scooter ride toward Bardiya. Gift: a promise map for the places we still want to see. Voice: Samjhana, my Sanu, Abu made the Cooking Game room around the future light-blue scooter ride toward Bardiya. Open this when you miss Abu..","the future light-blue scooter ride toward Bardiya","Your voice can cross the Nepalgunj-to-Sakai distance faster than any flight.","a promise map for the places we still want to see","Samjhana, my Sanu, Abu made the Cooking Game room around the future light-blue scooter ride toward Bardiya. Open this when you miss Abu.","The secret is simple: Abu would still choose you in every version of the story. Your voice can cross the Nepalgunj-to-Sakai distance faster than any f"
"24","024","/love-pet","A Soft Companion for Lonely Days","LovePetPage","src/pages/LovePetPage.jsx + src/components/VirtualLovePet.jsx + src/components/WorldShell.jsx + src/themes.js + src/data/birthdayData.js + src/utils/mediaUtils.js + src/components/AudioController.jsx + src/store/useAppStore.js + src/data/roomSequence.js","107306","true","9","30","59","632","148","VirtualLovePet","rounded-3xl border-2 border-pink-300 shadow-2xl bg-white rounded-full bg-pink-100 text-7xl shadow-inner border-4 text-xs font-bold","a29d4744b6","NO","NO","A Soft Companion for Lonely Days uses LovePetPage. Memory: Bageshwori Temple and the prayers we carried home. Gift: a promise map for the places we still want to see. Voice: Samjhana, my Samjhana, Abu made the Love Pet room around Bageshwori Temple and the prayers we carried home. Open this when you miss Abu..","Bageshwori Temple and the prayers we carried home","Your smile makes Abu forget what he was worried about.","a promise map for the places we still want to see","Samjhana, my Samjhana, Abu made the Love Pet room around Bageshwori Temple and the prayers we carried home. Open this when you miss Abu.","The secret is simple: Abu would still choose you in every version of the story. Your smile makes Abu forget what he was worried about. This page is Ab"
"25","025","/wishing-well","The Wish Abu Dropped for You","WishingWellPage","src/pages/WishingWellPage.jsx + src/components/WishingWell.jsx + src/components/WorldShell.jsx + src/themes.js + src/data/birthdayData.js + src/utils/mediaUtils.js + src/components/AudioController.jsx + src/store/useAppStore.js + src/data/roomSequence.js + src/utils/whatsappHelper.js","116484","true","9","30","78","641","200","WishingWell","font-ui bg-white/80 rounded-2xl border-pink-200 shadow-sm text-left text-xs font-bold text-gray-700 text-amber-500 rounded-xl border-pink-300","3d3f1a3c1b","NO","NO","The Wish Abu Dropped for You uses WishingWellPage. Memory: Bageshwori Temple and the prayers we carried home. Gift: a compliment saved for your next tired day. Voice: Samjhana, my Sanzu, Abu made the Wishing Well room around Bageshwori Temple and the prayers we carried home. Open this when you miss Abu..","Bageshwori Temple and the prayers we carried home","Your smile makes Abu forget what he was worried about.","a compliment saved for your next tired day","Samjhana, my Sanzu, Abu made the Wishing Well room around Bageshwori Temple and the prayers we carried home. Open this when you miss Abu.","The secret is simple: Abu would still choose you in every version of the story. Your smile makes Abu forget what he was worried about. This page is Ab"
"26","026","/voice-soundboard","The Things Abu Wants to Say Out Loud","VoiceSoundboardPage","src/pages/VoiceSoundboardPage.jsx + src/components/VoiceSoundboard.jsx + src/components/WorldShell.jsx + src/themes.js + src/data/birthdayData.js + src/utils/mediaUtils.js + src/store/useAppStore.js + src/data/roomSequence.js","94911","true","9","30","28","625","162","VoiceSoundboard","from-rose-500 to-pink-600 from-amber-500 to-orange-500 from-pink-500 to-fuchsia-600 from-purple-500 to-indigo-600 rounded-2xl border-2 shadow-lg text-left","0cd5da961d","NO","NO","The Things Abu Wants to Say Out Loud uses VoiceSoundboardPage. Memory: Bageshwori Temple and the prayers we carried home. Gift: a Bageshwori memory pressed between two pages. Voice: Samjhana, my Sanu, Abu made the Voice Soundboard room around Bageshwori Temple and the prayers we carried home. This is a reminder that you are loved .","Bageshwori Temple and the prayers we carried home","Your smile makes Abu forget what he was worried about.","a Bageshwori memory pressed between two pages","Samjhana, my Sanu, Abu made the Voice Soundboard room around Bageshwori Temple and the prayers we carried home. This is a reminder that you are loved ","Open this when you miss Abu. Your smile makes Abu forget what he was worried about. This page is Abu’s a quiet “open when” note for your pocket for Ba"
"27","027","/fireworks","A Sky Full of Abu’s Wishes","FireworksPage","src/pages/FireworksPage.jsx + src/components/HeartFireworks.jsx + src/components/WorldShell.jsx + src/themes.js + src/data/birthdayData.js + src/utils/mediaUtils.js + src/components/AudioController.jsx + src/store/useAppStore.js + src/data/roomSequence.js","106304","true","9","30","52","621","148","HeartFireworks","bg-slate-950 rounded-3xl border-2 border-indigo-700 shadow-2xl text-indigo-300 text-xs font-ui font-nepali font-script text-center rounded-full","ef94493d1d","NO","NO","A Sky Full of Abu’s Wishes uses FireworksPage. Memory: the room-search conversation that started in Nepalgunj. Gift: a future postcard from the light-blue scooter road. Voice: Samjhana, my Bebo, Abu made the Fireworks room around the room-search conversation that started in Nepalgunj. Read this slowly, Sanu. It was made for .","the room-search conversation that started in Nepalgunj","You are the best part of every future Abu imagines.","a future postcard from the light-blue scooter road","Samjhana, my Bebo, Abu made the Fireworks room around the room-search conversation that started in Nepalgunj. Read this slowly, Sanu. It was made for ","This page is a soft place to land when your day is heavy. You are the best part of every future Abu imagines. This page is Abu’s a Bageshwori memory p"
"28","028","/bucket-list","Places Abu Still Wants to Take You","BucketListPage","src/pages/BucketListPage.jsx + src/components/TravelBucketList.jsx + src/components/WorldShell.jsx + src/themes.js + src/data/birthdayData.js + src/utils/mediaUtils.js + src/components/AudioController.jsx + src/store/useAppStore.js + src/data/roomSequence.js","119198","true","9","30","82","666","154","TravelBucketList","font-ui bg-white/80 rounded-3xl border-pink-200 shadow-sm text-xs font-bold text-rose-600 text-rose-500 text-pink-600 font-extrabold rounded-full","b29f86d668","NO","NO","Places Abu Still Wants to Take You uses BucketListPage. Memory: Chau-Chau, Panipuri, momo, and the foods that became our language. Gift: a Bageshwori memory pressed between two pages. Voice: Samjhana, my Samjhana, Abu made the Bucket List room around Chau-Chau, Panipuri, momo, and the foods that became our language. This is a reminder that.","Chau-Chau, Panipuri, momo, and the foods that became our language","Your kindness is one of the reasons Abu keeps choosing you.","a Bageshwori memory pressed between two pages","Samjhana, my Samjhana, Abu made the Bucket List room around Chau-Chau, Panipuri, momo, and the foods that became our language. This is a reminder that","Open this when you miss Abu. Your kindness is one of the reasons Abu keeps choosing you. This page is Abu’s a quiet “open when” note for your pocket f"
"29","029","/origami","A Paper Heart for Samjhana","OrigamiPage","src/pages/OrigamiPage.jsx + src/components/OrigamiHeart.jsx + src/components/WorldShell.jsx + src/themes.js + src/data/birthdayData.js + src/utils/mediaUtils.js + src/components/AudioController.jsx + src/store/useAppStore.js + src/data/roomSequence.js","112695","true","9","30","64","631","156","OrigamiHeart","from-amber-50 to-yellow-50 border-amber-200 from-pink-50 to-rose-50 border-pink-200 from-rose-50 to-pink-50 border-rose-300 from-rose-100 to-pink-100 border-rose-400","5533e08ee8","NO","NO","A Paper Heart for Samjhana uses OrigamiPage. Memory: the room-search conversation that started in Nepalgunj. Gift: a future postcard from the light-blue scooter road. Voice: Samjhana, my Runchi, Abu made the Origami room around the room-search conversation that started in Nepalgunj. Read this slowly, Sanu. It was made for .","the room-search conversation that started in Nepalgunj","You are the best part of every future Abu imagines.","a future postcard from the light-blue scooter road","Samjhana, my Runchi, Abu made the Origami room around the room-search conversation that started in Nepalgunj. Read this slowly, Sanu. It was made for ","This page is a soft place to land when your day is heavy. You are the best part of every future Abu imagines. This page is Abu’s a Bageshwori memory p"
"30","030","/affirmations","Words for Your Difficult Days","AffirmationsPage","src/pages/AffirmationsPage.jsx + src/components/LoveAffirmations.jsx + src/components/WorldShell.jsx + src/themes.js + src/data/birthdayData.js + src/utils/mediaUtils.js + src/components/AudioController.jsx + src/store/useAppStore.js + src/data/roomSequence.js","113804","true","9","30","61","644","149","LoveAffirmations","from-rose-500 to-pink-600 from-amber-500 to-orange-500 from-purple-500 to-indigo-600 from-pink-500 to-fuchsia-600 from-rose-600 to-red-500 from-sky-500 to-blue-600","1c33ec6291","NO","NO","Words for Your Difficult Days uses AffirmationsPage. Memory: the room-search conversation that started in Nepalgunj. Gift: a tiny memory ticket from Nepalgunj. Voice: Samjhana, my Bhoot, Abu made the Affirmations room around the room-search conversation that started in Nepalgunj. A small surprise: Abu remembers more.","the room-search conversation that started in Nepalgunj","You are the best part of every future Abu imagines.","a tiny memory ticket from Nepalgunj","Samjhana, my Bhoot, Abu made the Affirmations room around the room-search conversation that started in Nepalgunj. A small surprise: Abu remembers more","Keep this for the next time distance feels loud. You are the best part of every future Abu imagines. This page is Abu’s a voice-note moment for the ni"
"31","031","/love-piano","The Birthday Song for Bhuntu","LovePianoPage","src/pages/LovePianoPage.jsx + src/components/LovePiano.jsx + src/data/birthdayData.js + src/utils/mediaUtils.js + src/store/useAppStore.js + src/data/roomSequence.js","83072","true","9","30","26","621","148","LovePiano","from-pink-500 to-rose-400 from-rose-400 to-pink-400 from-purple-400 to-pink-500 from-indigo-400 to-purple-400 from-sky-400 to-indigo-400 from-teal-400 to-sky-400","d146df115b","NO","NO","The Birthday Song for Bhuntu uses LovePianoPage. Memory: Chau-Chau, Panipuri, momo, and the foods that became our language. Gift: a bouquet of words for your soft days. Voice: Samjhana, my Bhoot, Abu made the Love Piano room around Chau-Chau, Panipuri, momo, and the foods that became our language. The gift inside is not expe.","Chau-Chau, Panipuri, momo, and the foods that became our language","Your kindness is one of the reasons Abu keeps choosing you.","a bouquet of words for your soft days","Samjhana, my Bhoot, Abu made the Love Piano room around Chau-Chau, Panipuri, momo, and the foods that became our language. The gift inside is not expe","This is a reminder that you are loved in the details. Your kindness is one of the reasons Abu keeps choosing you. This page is Abu’s a future postcard"
"32","032","/wax-sealer","The Letter Abu Sealed for You","WaxSealerPage","src/pages/WaxSealerPage.jsx + src/components/WaxSealer.jsx + src/components/WorldShell.jsx + src/themes.js + src/data/birthdayData.js + src/utils/mediaUtils.js + src/components/AudioController.jsx + src/store/useAppStore.js + src/data/roomSequence.js","114671","true","10","31","77","624","149","WaxSealer","bg-red-600 bg-pink-500 bg-purple-600 bg-amber-600 rounded-full text-[11px] font-bold bg-green-500 text-white bg-gray-200 text-gray-500 bg-green-400","10ac0238ad","NO","NO","The Letter Abu Sealed for You uses WaxSealerPage. Memory: the way you can be Sanzu, Bhuntu, Sanu, Babe, or Runchi and still be home. Gift: a promise map for the places we still want to see. Voice: Samjhana, my Samjhana, Abu made the Wax Sealer room around the way you can be Sanzu, Bhuntu, Sanu, Babe, or Runchi and still be home. Open this when y.","the way you can be Sanzu, Bhuntu, Sanu, Babe, or Runchi and still be home","You make Abu want to become gentler, steadier, and more worthy of your trust.","a promise map for the places we still want to see","Samjhana, my Samjhana, Abu made the Wax Sealer room around the way you can be Sanzu, Bhuntu, Sanu, Babe, or Runchi and still be home. Open this when y","The secret is simple: Abu would still choose you in every version of the story. You make Abu want to become gentler, steadier, and more worthy of your"
"33","033","/love-maze","Finding the Way Back to You","LoveMazePage","src/pages/LoveMazePage.jsx + src/components/LoveMaze.jsx + src/components/WorldShell.jsx + src/themes.js + src/data/birthdayData.js + src/utils/mediaUtils.js + src/components/AudioController.jsx + src/store/useAppStore.js + src/data/roomSequence.js","112543","true","9","30","67","631","148","LoveMaze","font-ui rounded-3xl bg-slate-950 border-4 border-pink-500/80 shadow-[0_0_40px_rgba bg-slate-900 rounded-2xl border-pink-500/30 text-white font-mono text-xs","fb7010ec89","NO","NO","Finding the Way Back to You uses LoveMazePage. Memory: late-night video calls between Nepalgunj and Sakai, Osaka. Gift: a Bageshwori memory pressed between two pages. Voice: Samjhana, my Samjhana, Abu made the Love Maze room around late-night video calls between Nepalgunj and Sakai, Osaka. This is a reminder that you are l.","late-night video calls between Nepalgunj and Sakai, Osaka","You make ordinary food, ordinary calls, and ordinary rooms feel like memories.","a Bageshwori memory pressed between two pages","Samjhana, my Samjhana, Abu made the Love Maze room around late-night video calls between Nepalgunj and Sakai, Osaka. This is a reminder that you are l","Open this when you miss Abu. You make ordinary food, ordinary calls, and ordinary rooms feel like memories. This page is Abu’s a quiet “open when” not"
"34","034","/fortune-cookie","Fortunes Abu Wishes for Sanzu","FortuneCookiePage","src/pages/FortuneCookiePage.jsx + src/components/FortuneCookie.jsx + src/data/birthdayData.js + src/utils/mediaUtils.js + src/components/AudioController.jsx + src/store/useAppStore.js + src/data/roomSequence.js","97224","true","9","30","59","624","149","FortuneCookie","text-center font-ui rounded-full bg-amber-100 text-amber-700 font-bold text-xs shadow-sm text-amber-600 text-2xl text-4xl font-extrabold","8be8653d12","NO","NO","Fortunes Abu Wishes for Sanzu uses FortuneCookiePage. Memory: the way you can be Sanzu, Bhuntu, Sanu, Babe, or Runchi and still be home. Gift: a bouquet of words for your soft days. Voice: Samjhana, my Bebo, Abu made the Fortune Cookie room around the way you can be Sanzu, Bhuntu, Sanu, Babe, or Runchi and still be home. The gift inside .","the way you can be Sanzu, Bhuntu, Sanu, Babe, or Runchi and still be home","You make Abu want to become gentler, steadier, and more worthy of your trust.","a bouquet of words for your soft days","Samjhana, my Bebo, Abu made the Fortune Cookie room around the way you can be Sanzu, Bhuntu, Sanu, Babe, or Runchi and still be home. The gift inside ","This is a reminder that you are loved in the details. You make Abu want to become gentler, steadier, and more worthy of your trust. This page is Abu’s"
"35","035","/love-potion","A Little Bottle of Abu’s Feelings","LovePotionPage","src/pages/LovePotionPage.jsx + src/components/LovePotion.jsx + src/data/birthdayData.js + src/utils/mediaUtils.js + src/components/AudioController.jsx + src/store/useAppStore.js + src/data/roomSequence.js","100559","true","9","30","60","631","148","LovePotion","text-center font-ui rounded-full bg-purple-100 text-purple-700 font-bold text-xs shadow-sm text-purple-600 text-2xl text-4xl font-extrabold","d39aa71492","NO","NO","A Little Bottle of Abu’s Feelings uses LovePotionPage. Memory: the future light-blue scooter ride toward Bardiya. Gift: a Bageshwori memory pressed between two pages. Voice: Samjhana, my Bhuntu, Abu made the Love Potion room around the future light-blue scooter ride toward Bardiya. This is a reminder that you are loved in .","the future light-blue scooter ride toward Bardiya","Your voice can cross the Nepalgunj-to-Sakai distance faster than any flight.","a Bageshwori memory pressed between two pages","Samjhana, my Bhuntu, Abu made the Love Potion room around the future light-blue scooter ride toward Bardiya. This is a reminder that you are loved in ","Open this when you miss Abu. Your voice can cross the Nepalgunj-to-Sakai distance faster than any flight. This page is Abu’s a quiet “open when” note "
"36","036","/emoji-story","Our Story in Small Symbols","EmojiStoryPage","src/pages/EmojiStoryPage.jsx + src/components/EmojiStory.jsx + src/components/WorldShell.jsx + src/themes.js + src/data/birthdayData.js + src/utils/mediaUtils.js + src/components/AudioController.jsx + src/store/useAppStore.js + src/data/roomSequence.js","108441","true","9","30","57","623","148","EmojiStory","text-xs font-bold text-gray-500 font-ui rounded-3xl bg-white border-2 border-pink-300 shadow-xl text-4xl text-left rounded-xl","953437f379","NO","NO","Our Story in Small Symbols uses EmojiStoryPage. Memory: Bageshwori Temple and the prayers we carried home. Gift: a bouquet of words for your soft days. Voice: Samjhana, my Bhoot, Abu made the Emoji Story room around Bageshwori Temple and the prayers we carried home. The gift inside is not expensive; it is sp.","Bageshwori Temple and the prayers we carried home","Your smile makes Abu forget what he was worried about.","a bouquet of words for your soft days","Samjhana, my Bhoot, Abu made the Emoji Story room around Bageshwori Temple and the prayers we carried home. The gift inside is not expensive; it is sp","This is a reminder that you are loved in the details. Your smile makes Abu forget what he was worried about. This page is Abu’s a future postcard from"
"37","037","/love-dice","A Tiny Chance to Smile","LoveDicePage","src/pages/LoveDicePage.jsx + src/components/LoveDice.jsx + src/data/birthdayData.js + src/utils/mediaUtils.js + src/components/AudioController.jsx + src/store/useAppStore.js + src/data/roomSequence.js","101576","true","9","30","61","637","150","LoveDice","text-center font-ui rounded-full bg-rose-100 text-rose-600 font-bold text-xs shadow-sm text-pink-500 text-2xl text-4xl font-extrabold","4a5264993c","NO","NO","A Tiny Chance to Smile uses LoveDicePage. Memory: Chau-Chau, Panipuri, momo, and the foods that became our language. Gift: a Bageshwori memory pressed between two pages. Voice: Samjhana, my Sanzu, Abu made the Love Dice room around Chau-Chau, Panipuri, momo, and the foods that became our language. This is a reminder that you .","Chau-Chau, Panipuri, momo, and the foods that became our language","Your kindness is one of the reasons Abu keeps choosing you.","a Bageshwori memory pressed between two pages","Samjhana, my Sanzu, Abu made the Love Dice room around Chau-Chau, Panipuri, momo, and the foods that became our language. This is a reminder that you ","Open this when you miss Abu. Your kindness is one of the reasons Abu keeps choosing you. This page is Abu’s a quiet “open when” note for your pocket f"
"38","038","/balloon-pop","A Sky of Notes for Babe","BalloonPopPage","src/pages/BalloonPopPage.jsx + src/components/BalloonPop.jsx + src/components/WorldShell.jsx + src/themes.js + src/data/birthdayData.js + src/utils/mediaUtils.js + src/components/AudioController.jsx + src/store/useAppStore.js + src/data/roomSequence.js","108358","true","9","30","59","627","154","BalloonPop","text-xs text-gray-400 font-ui text-2xl text-4xl text-[11px] font-bold text-gray-500 rounded-3xl bg-white border-2 shadow-xl","d5c7d37323","NO","NO","A Sky of Notes for Babe uses BalloonPopPage. Memory: Chau-Chau, Panipuri, momo, and the foods that became our language. Gift: a private letter from Abu. Voice: Samjhana, my Samjhana, Abu made the Balloon Pop room around Chau-Chau, Panipuri, momo, and the foods that became our language. This is a reminder that.","Chau-Chau, Panipuri, momo, and the foods that became our language","Your kindness is one of the reasons Abu keeps choosing you.","a private letter from Abu","Samjhana, my Samjhana, Abu made the Balloon Pop room around Chau-Chau, Panipuri, momo, and the foods that became our language. This is a reminder that","Open this when you miss Abu. Your kindness is one of the reasons Abu keeps choosing you. This page is Abu’s a promise folded into a keepsake card for "
"39","039","/couple-bingo","The Little Things We Notice","CoupleBingoPage","src/pages/CoupleBingoPage.jsx + src/components/CoupleBingo.jsx + src/components/WorldShell.jsx + src/themes.js + src/data/birthdayData.js + src/utils/mediaUtils.js + src/components/AudioController.jsx + src/store/useAppStore.js + src/data/roomSequence.js","107948","true","9","30","56","625","151","CoupleBingo","rounded-xl text-[11px] font-bold text-center border-2 font-ui bg-rose-500 text-white border-rose-500 shadow-lg bg-white text-gray-700","b7a8cf9f2c","NO","NO","The Little Things We Notice uses CoupleBingoPage. Memory: Chau-Chau, Panipuri, momo, and the foods that became our language. Gift: a promise map for the places we still want to see. Voice: Samjhana, my Sanzu, Abu made the Couple Bingo room around Chau-Chau, Panipuri, momo, and the foods that became our language. Open this when you miss A.","Chau-Chau, Panipuri, momo, and the foods that became our language","Your kindness is one of the reasons Abu keeps choosing you.","a promise map for the places we still want to see","Samjhana, my Sanzu, Abu made the Couple Bingo room around Chau-Chau, Panipuri, momo, and the foods that became our language. Open this when you miss A","The secret is simple: Abu would still choose you in every version of the story. Your kindness is one of the reasons Abu keeps choosing you. This page "
"40","040","/love-review","Abu’s Review of Samjhana","LoveReviewPage","src/pages/LoveReviewPage.jsx + src/components/LoveReview.jsx + src/components/WorldShell.jsx + src/themes.js + src/components/AudioController.jsx + src/store/useAppStore.js + src/data/roomSequence.js","45875","true","0","0","51","174","27","LoveReview","text-amber-500 text-left font-ui rounded-2xl bg-white border-2 border-amber-200 shadow-md text-xl text-xs font-bold text-gray-900","e47ee74acd","NO","NO","Abu’s Review of Samjhana uses LoveReviewPage. Memory: Bageshwori Temple and the prayers we carried home. Gift: a Bageshwori memory pressed between two pages. Voice: Samjhana, my Samjhana, Abu made the Love Review room around Bageshwori Temple and the prayers we carried home. This is a reminder that you are loved i.","Bageshwori Temple and the prayers we carried home","Your smile makes Abu forget what he was worried about.","a Bageshwori memory pressed between two pages","Samjhana, my Samjhana, Abu made the Love Review room around Bageshwori Temple and the prayers we carried home. This is a reminder that you are loved i","Open this when you miss Abu. Your smile makes Abu forget what he was worried about. This page is Abu’s a quiet “open when” note for your pocket for Sa"
"41","041","/love-diary","Pages Abu Writes About You","LoveDiaryPage","src/pages/LoveDiaryPage.jsx + src/components/LoveDiary.jsx + src/components/WorldShell.jsx + src/themes.js + src/data/birthdayData.js + src/utils/mediaUtils.js + src/components/AudioController.jsx + src/store/useAppStore.js + src/data/roomSequence.js","108789","true","10","31","56","633","151","LoveDiary","text-xs text-gray-400 font-ui bg-amber-50 border-2 border-amber-300 rounded-3xl shadow-2xl text-2xl font-bold font-nepali text-rose-600","2dc4e46dff","NO","NO","Pages Abu Writes About You uses LoveDiaryPage. Memory: Bageshwori Temple and the prayers we carried home. Gift: a compliment saved for your next tired day. Voice: Samjhana, my Fuchee, Abu made the Love Diary room around Bageshwori Temple and the prayers we carried home. Open this when you miss Abu..","Bageshwori Temple and the prayers we carried home","Your smile makes Abu forget what he was worried about.","a compliment saved for your next tired day","Samjhana, my Fuchee, Abu made the Love Diary room around Bageshwori Temple and the prayers we carried home. Open this when you miss Abu.","The secret is simple: Abu would still choose you in every version of the story. Your smile makes Abu forget what he was worried about. This page is Ab"
"42","042","/love-scrabble","The Words Abu Keeps","LoveScrabblePage","src/pages/LoveScrabblePage.jsx + src/components/LoveScrabble.jsx + src/components/WorldShell.jsx + src/themes.js + src/components/AudioController.jsx + src/store/useAppStore.js + src/data/roomSequence.js + src/utils/whatsappHelper.js","52482","true","0","0","66","196","37","LoveScrabble","font-ui text-center rounded-full bg-gradient-to-r from-amber-500/20 to-rose-500/20 border-amber-300 text-amber-700 font-bold text-xs text-amber-500 text-4xl","b02a55b052","NO","NO","The Words Abu Keeps uses LoveScrabblePage. Memory: Bageshwori Temple and the prayers we carried home. Gift: a Bageshwori memory pressed between two pages. Voice: Samjhana, my Runchi, Abu made the Love Scrabble room around Bageshwori Temple and the prayers we carried home. This is a reminder that you are loved i.","Bageshwori Temple and the prayers we carried home","Your smile makes Abu forget what he was worried about.","a Bageshwori memory pressed between two pages","Samjhana, my Runchi, Abu made the Love Scrabble room around Bageshwori Temple and the prayers we carried home. This is a reminder that you are loved i","Open this when you miss Abu. Your smile makes Abu forget what he was worried about. This page is Abu’s a quiet “open when” note for your pocket for Bh"
"43","043","/love-lottery","The Lucky Number Is You","LoveLotteryPage","src/pages/LoveLotteryPage.jsx + src/components/LoveLottery.jsx + src/components/WorldShell.jsx + src/themes.js + src/data/birthdayData.js + src/utils/mediaUtils.js + src/components/AudioController.jsx + src/store/useAppStore.js + src/data/roomSequence.js","107864","true","9","30","56","629","148","LoveLottery","rounded-3xl border-2 shadow-lg bg-amber-50 border-amber-300 bg-gradient-to-br from-amber-400 to-yellow-500 text-amber-950 text-3xl font-bold text-xs","d87d794df7","NO","NO","The Lucky Number Is You uses LoveLotteryPage. Memory: the way you can be Sanzu, Bhuntu, Sanu, Babe, or Runchi and still be home. Gift: a bouquet of words for your soft days. Voice: Samjhana, my Bhuntu, Abu made the Love Lottery room around the way you can be Sanzu, Bhuntu, Sanu, Babe, or Runchi and still be home. The gift inside .","the way you can be Sanzu, Bhuntu, Sanu, Babe, or Runchi and still be home","You make Abu want to become gentler, steadier, and more worthy of your trust.","a bouquet of words for your soft days","Samjhana, my Bhuntu, Abu made the Love Lottery room around the way you can be Sanzu, Bhuntu, Sanu, Babe, or Runchi and still be home. The gift inside ","This is a reminder that you are loved in the details. You make Abu want to become gentler, steadier, and more worthy of your trust. This page is Abu’s"
"44","044","/love-tamagotchi","A Tiny Heart to Look After","LoveTamagotchiPage","src/pages/LoveTamagotchiPage.jsx + src/components/LoveTamagotchi.jsx + src/components/WorldShell.jsx + src/themes.js + src/data/birthdayData.js + src/utils/mediaUtils.js + src/components/AudioController.jsx + src/store/useAppStore.js + src/data/roomSequence.js","108685","true","9","30","63","630","148","LoveTamagotchi","rounded-3xl bg-pink-50 border-4 border-pink-300 shadow-2xl text-6xl text-xs font-bold text-rose-600 bg-white rounded-full border-pink-200","ca0a11ab4e","NO","NO","A Tiny Heart to Look After uses LoveTamagotchiPage. Memory: the way you can be Sanzu, Bhuntu, Sanu, Babe, or Runchi and still be home. Gift: a Bageshwori memory pressed between two pages. Voice: Samjhana, my Sanzu, Abu made the Love Tamagotchi room around the way you can be Sanzu, Bhuntu, Sanu, Babe, or Runchi and still be home. This is a remi.","the way you can be Sanzu, Bhuntu, Sanu, Babe, or Runchi and still be home","You make Abu want to become gentler, steadier, and more worthy of your trust.","a Bageshwori memory pressed between two pages","Samjhana, my Sanzu, Abu made the Love Tamagotchi room around the way you can be Sanzu, Bhuntu, Sanu, Babe, or Runchi and still be home. This is a remi","Open this when you miss Abu. You make Abu want to become gentler, steadier, and more worthy of your trust. This page is Abu’s a quiet “open when” note"
"45","045","/secret-vault","The Secret Abu Saved","SecretVaultPage","src/pages/SecretVaultPage.jsx + src/components/SecretVault.jsx + src/components/WorldShell.jsx + src/themes.js + src/data/birthdayData.js + src/utils/mediaUtils.js + src/components/AudioController.jsx + src/store/useAppStore.js + src/data/roomSequence.js","110324","true","9","30","63","635","149","SecretVault","text-amber-400 rounded-3xl bg-slate-900 border-4 border-amber-400 shadow-2xl text-white font-ui text-green-400 text-rose-400 text-sm font-bold","96ab5bb3c7","NO","NO","The Secret Abu Saved uses SecretVaultPage. Memory: the future light-blue scooter ride toward Bardiya. Gift: a voice-note moment for the nights you miss home. Voice: Samjhana, my Sanu, Abu made the Secret Vault room around the future light-blue scooter ride toward Bardiya. The secret is simple: Abu would still choo.","the future light-blue scooter ride toward Bardiya","Your voice can cross the Nepalgunj-to-Sakai distance faster than any flight.","a voice-note moment for the nights you miss home","Samjhana, my Sanu, Abu made the Secret Vault room around the future light-blue scooter ride toward Bardiya. The secret is simple: Abu would still choo","The gift inside is not expensive; it is specific to you. Your voice can cross the Nepalgunj-to-Sakai distance faster than any flight. This page is Abu"
"46","046","/love-tarot","A Reading for Abu and Sanzu","LoveTarotPage","src/pages/LoveTarotPage.jsx + src/components/LoveTarot.jsx + src/components/WorldShell.jsx + src/themes.js + src/data/birthdayData.js + src/utils/mediaUtils.js + src/components/AudioController.jsx + src/store/useAppStore.js + src/data/roomSequence.js","107568","true","9","30","54","628","150","LoveTarot","rounded-3xl border-2 shadow-lg bg-purple-50 border-purple-300 bg-gradient-to-br from-indigo-900 to-purple-900 border-purple-500 text-purple-200 text-xs font-bold","44e9ad18a1","NO","NO","A Reading for Abu and Sanzu uses LoveTarotPage. Memory: the way you can be Sanzu, Bhuntu, Sanu, Babe, or Runchi and still be home. Gift: a voice-note moment for the nights you miss home. Voice: Samjhana, my Samjhana, Abu made the Love Tarot room around the way you can be Sanzu, Bhuntu, Sanu, Babe, or Runchi and still be home. The secret is si.","the way you can be Sanzu, Bhuntu, Sanu, Babe, or Runchi and still be home","You make Abu want to become gentler, steadier, and more worthy of your trust.","a voice-note moment for the nights you miss home","Samjhana, my Samjhana, Abu made the Love Tarot room around the way you can be Sanzu, Bhuntu, Sanu, Babe, or Runchi and still be home. The secret is si","The gift inside is not expensive; it is specific to you. You make Abu want to become gentler, steadier, and more worthy of your trust. This page is Ab"
"47","047","/memory-lane","The Lane of Our First Memories","MemoryLanePage","src/pages/MemoryLanePage.jsx + src/utils/mediaUtils.js + src/data/pageGiftData.js + src/data/pageNames.js","321890","true","12","32","8","5949","2310","page-specific source","bg-[ text-[ text-xs font-black text-6xl text-8xl text-lg rounded-[2rem] shadow-xl rounded-[1.5rem] ring-4 ring-[","8996d87644","NO","NO","The Lane of Our First Memories uses MemoryLanePage. Memory: Chau-Chau, Panipuri, momo, and the foods that became our language. Gift: a compliment saved for your next tired day. Voice: Samjhana, my Runchi, Abu made the Memory Lane room around Chau-Chau, Panipuri, momo, and the foods that became our language. Open this when you miss A.","Chau-Chau, Panipuri, momo, and the foods that became our language","Your kindness is one of the reasons Abu keeps choosing you.","a compliment saved for your next tired day","Samjhana, my Runchi, Abu made the Memory Lane room around Chau-Chau, Panipuri, momo, and the foods that became our language. Open this when you miss A","The secret is simple: Abu would still choose you in every version of the story. Your kindness is one of the reasons Abu keeps choosing you. This page "
"48","048","/hug-counter","Hugs Abu Owes You","HugCounterPage","src/pages/HugCounterPage.jsx + src/components/HugCounter.jsx + src/components/WorldShell.jsx + src/themes.js + src/data/birthdayData.js + src/utils/mediaUtils.js + src/components/AudioController.jsx + src/store/useAppStore.js + src/data/roomSequence.js","113393","true","9","30","81","627","148","HugCounter","text-yellow-500 text-orange-500 text-rose-500 text-purple-500 text-pink-600 to-hug from-rose-500 to-orange-500 from-pink-500 to-rose-500 from-blue-400 to-pink-400","a46fe10cb1","NO","NO","Hugs Abu Owes You uses HugCounterPage. Memory: Chau-Chau, Panipuri, momo, and the foods that became our language. Gift: a birthday blessing written in Abu’s handwriting. Voice: Samjhana, my Bhuntu, Abu made the Hug Counter room around Chau-Chau, Panipuri, momo, and the foods that became our language. The gift inside is not ex.","Chau-Chau, Panipuri, momo, and the foods that became our language","Your kindness is one of the reasons Abu keeps choosing you.","a birthday blessing written in Abu’s handwriting","Samjhana, my Bhuntu, Abu made the Hug Counter room around Chau-Chau, Panipuri, momo, and the foods that became our language. The gift inside is not ex","This is a reminder that you are loved in the details. Your kindness is one of the reasons Abu keeps choosing you. This page is Abu’s a tiny cinema tic"
"49","049","/love-crossword","A Crossword Made of Our Clues","LoveCrosswordPage","src/pages/LoveCrosswordPage.jsx + src/components/LoveCrossword.jsx + src/components/WorldShell.jsx + src/themes.js + src/data/birthdayData.js + src/utils/mediaUtils.js + src/components/AudioController.jsx + src/store/useAppStore.js + src/data/roomSequence.js","116685","true","9","30","74","650","149","LoveCrossword","text-rose-500 font-ui text-left bg-white/80 rounded-2xl border-pink-200 shadow-sm text-xs font-bold text-gray-800 text-rose-600 font-extrabold","1ea9f4c5e9","NO","NO","A Crossword Made of Our Clues uses LoveCrosswordPage. Memory: the future light-blue scooter ride toward Bardiya. Gift: a voice-note moment for the nights you miss home. Voice: Samjhana, my Runchi, Abu made the Love Crossword room around the future light-blue scooter ride toward Bardiya. The secret is simple: Abu would still .","the future light-blue scooter ride toward Bardiya","Your voice can cross the Nepalgunj-to-Sakai distance faster than any flight.","a voice-note moment for the nights you miss home","Samjhana, my Runchi, Abu made the Love Crossword room around the future light-blue scooter ride toward Bardiya. The secret is simple: Abu would still ","The gift inside is not expensive; it is specific to you. Your voice can cross the Nepalgunj-to-Sakai distance faster than any flight. This page is Abu"
"50","050","/love-radio","Abu’s Late-Night Radio for You","LoveRadioPage","src/pages/LoveRadioPage.jsx + src/components/LoveRadio.jsx + src/components/WorldShell.jsx + src/themes.js + src/data/birthdayData.js + src/utils/mediaUtils.js + src/components/AudioController.jsx + src/store/useAppStore.js + src/data/roomSequence.js","107583","true","9","30","55","631","148","LoveRadio","rounded-3xl bg-amber-900 border-4 border-amber-700 shadow-2xl text-amber-100 rounded-2xl bg-amber-950 border-amber-800 text-center font-mono text-xs","91cbe08b5d","NO","NO","Abu’s Late-Night Radio for You uses LoveRadioPage. Memory: Chau-Chau, Panipuri, momo, and the foods that became our language. Gift: a compliment saved for your next tired day. Voice: Samjhana, my Babe, Abu made the Love Radio room around Chau-Chau, Panipuri, momo, and the foods that became our language. Open this when you miss Abu..","Chau-Chau, Panipuri, momo, and the foods that became our language","Your kindness is one of the reasons Abu keeps choosing you.","a compliment saved for your next tired day","Samjhana, my Babe, Abu made the Love Radio room around Chau-Chau, Panipuri, momo, and the foods that became our language. Open this when you miss Abu.","The secret is simple: Abu would still choose you in every version of the story. Your kindness is one of the reasons Abu keeps choosing you. This page "
"51","051","/blessing-tree","A Tree of Abu’s Blessings","BlessingTreePage","src/pages/BlessingTreePage.jsx + src/components/BlessingTree.jsx + src/components/WorldShell.jsx + src/themes.js + src/data/birthdayData.js + src/utils/mediaUtils.js + src/components/AudioController.jsx + src/store/useAppStore.js + src/data/roomSequence.js","107413","true","9","30","55","622","148","BlessingTree","rounded-2xl bg-amber-50 border-4 border-amber-300 shadow-2xl bg-amber-200 rounded-b-md text-3xl bg-gray-600 rounded-full bg-gradient-to-r from-amber-500","0ca4c1bbad","NO","NO","A Tree of Abu’s Blessings uses BlessingTreePage. Memory: the future light-blue scooter ride toward Bardiya. Gift: a bouquet of words for your soft days. Voice: Samjhana, my Bebo, Abu made the Blessing Tree room around the future light-blue scooter ride toward Bardiya. The gift inside is not expensive; it is s.","the future light-blue scooter ride toward Bardiya","Your voice can cross the Nepalgunj-to-Sakai distance faster than any flight.","a bouquet of words for your soft days","Samjhana, my Bebo, Abu made the Blessing Tree room around the future light-blue scooter ride toward Bardiya. The gift inside is not expensive; it is s","This is a reminder that you are loved in the details. Your voice can cross the Nepalgunj-to-Sakai distance faster than any flight. This page is Abu’s "
"52","052","/love-vibe","The Feeling You Leave in Every Room","LoveVibePage","src/pages/LoveVibePage.jsx + src/components/LoveVibe.jsx + src/components/WorldShell.jsx + src/themes.js + src/data/birthdayData.js + src/utils/mediaUtils.js + src/components/AudioController.jsx + src/store/useAppStore.js + src/data/roomSequence.js","115402","true","11","32","89","645","149","LoveVibe","font-ui bg-white/80 rounded-2xl border-pink-200 shadow-sm text-xs font-bold text-gray-800 rounded-full bg-amber-100 text-amber-800 font-extrabold","827a09986c","NO","NO","The Feeling You Leave in Every Room uses LoveVibePage. Memory: the future light-blue scooter ride toward Bardiya. Gift: a Bageshwori memory pressed between two pages. Voice: Samjhana, my Babe, Abu made the Love Vibe room around the future light-blue scooter ride toward Bardiya. This is a reminder that you are loved in the .","the future light-blue scooter ride toward Bardiya","Your voice can cross the Nepalgunj-to-Sakai distance faster than any flight.","a Bageshwori memory pressed between two pages","Samjhana, my Babe, Abu made the Love Vibe room around the future light-blue scooter ride toward Bardiya. This is a reminder that you are loved in the ","Open this when you miss Abu. Your voice can cross the Nepalgunj-to-Sakai distance faster than any flight. This page is Abu’s a quiet “open when” note "
"53","053","/bento-box","A Bento Box of Small Memories","BentoBoxPage","src/pages/BentoBoxPage.jsx + src/components/BentoBox.jsx + src/components/WorldShell.jsx + src/themes.js + src/data/birthdayData.js + src/utils/mediaUtils.js + src/components/AudioController.jsx + src/store/useAppStore.js + src/data/roomSequence.js","107761","true","9","30","56","622","148","BentoBox","rounded-3xl bg-rose-900 border-4 border-rose-700 shadow-2xl rounded-2xl bg-rose-100 text-rose-950 font-bold text-xs text-center border-2","fea97d2649","NO","NO","A Bento Box of Small Memories uses BentoBoxPage. Memory: late-night video calls between Nepalgunj and Sakai, Osaka. Gift: a bouquet of words for your soft days. Voice: Samjhana, my Bhoot, Abu made the Bento Box room around late-night video calls between Nepalgunj and Sakai, Osaka. The gift inside is not expensive; it.","late-night video calls between Nepalgunj and Sakai, Osaka","You make ordinary food, ordinary calls, and ordinary rooms feel like memories.","a bouquet of words for your soft days","Samjhana, my Bhoot, Abu made the Bento Box room around late-night video calls between Nepalgunj and Sakai, Osaka. The gift inside is not expensive; it","This is a reminder that you are loved in the details. You make ordinary food, ordinary calls, and ordinary rooms feel like memories. This page is Abu’"
"54","054","/love-coupon-generator","Coupons Abu Would Give You","LoveCouponGeneratorPage","src/pages/LoveCouponGeneratorPage.jsx + src/components/LoveCouponGenerator.jsx + src/components/WorldShell.jsx + src/themes.js + src/data/birthdayData.js + src/utils/mediaUtils.js + src/components/AudioController.jsx + src/store/useAppStore.js + src/data/roomSequence.js + src/utils/whatsappHelper.js","123453","true","9","30","75","678","159","LoveCouponGenerator","from-rose-500 to-pink-600 from-amber-500 to-rose-500 from-sky-500 to-indigo-600 from-purple-600 from-yellow-500 to-amber-600 from-pink-500 to-rose-600 from-amber-400","086bf2fa3a","NO","NO","Coupons Abu Would Give You uses LoveCouponGeneratorPage. Memory: Water Park laughter and the day moving too quickly. Gift: a soft landing place for a difficult day. Voice: Samjhana, my Bebo, Abu made the Love Coupon Generator room around Water Park laughter and the day moving too quickly. Keep this for the next time dist.","Water Park laughter and the day moving too quickly","Your “huss” can make a long day feel close again.","a soft landing place for a difficult day","Samjhana, my Bebo, Abu made the Love Coupon Generator room around Water Park laughter and the day moving too quickly. Keep this for the next time dist","Read this slowly, Sanu. It was made for your exact heart. Your “huss” can make a long day feel close again. This page is Abu’s a bouquet of words for "
"55","055","/star-namer","The Star Abu Named for Samjhana","StarNamerPage","src/pages/StarNamerPage.jsx + src/components/StarNamer.jsx + src/components/WorldShell.jsx + src/themes.js + src/data/birthdayData.js + src/utils/mediaUtils.js + src/components/AudioController.jsx + src/store/useAppStore.js + src/data/roomSequence.js + src/utils/whatsappHelper.js","122532","true","12","33","68","660","159","StarNamer","ring-orion text-amber-400 font-ui bg-indigo-950/80 rounded-2xl border-indigo-500/30 text-white shadow-xl text-xs font-bold text-indigo-200 rounded-xl","3cdfe13946","NO","NO","The Star Abu Named for Samjhana uses StarNamerPage. Memory: the way you can be Sanzu, Bhuntu, Sanu, Babe, or Runchi and still be home. Gift: a promise map for the places we still want to see. Voice: Samjhana, my Bhuntu, Abu made the Star Namer room around the way you can be Sanzu, Bhuntu, Sanu, Babe, or Runchi and still be home. Open this when you.","the way you can be Sanzu, Bhuntu, Sanu, Babe, or Runchi and still be home","You make Abu want to become gentler, steadier, and more worthy of your trust.","a promise map for the places we still want to see","Samjhana, my Bhuntu, Abu made the Star Namer room around the way you can be Sanzu, Bhuntu, Sanu, Babe, or Runchi and still be home. Open this when you","The secret is simple: Abu would still choose you in every version of the story. You make Abu want to become gentler, steadier, and more worthy of your"
"56","056","/love-jar-notes","Notes Abu Put in the Jar","LoveJarNotesPage","src/pages/LoveJarNotesPage.jsx + src/utils/mediaUtils.js + src/data/pageGiftData.js + src/data/pageNames.js","321346","true","12","32","6","5947","2310","page-specific source","bg-[ text-[ text-xs font-black text-6xl text-8xl text-lg rounded-[1.5rem] shadow-lg rounded-[2rem] border-rose-200 bg-white/75","3f74b30f02","NO","NO","Notes Abu Put in the Jar uses LoveJarNotesPage. Memory: the room-search conversation that started in Nepalgunj. Gift: a future postcard from the light-blue scooter road. Voice: Samjhana, my Samjhana, Abu made the Love Jar Notes room around the room-search conversation that started in Nepalgunj. Read this slowly, Sanu. It was .","the room-search conversation that started in Nepalgunj","You are the best part of every future Abu imagines.","a future postcard from the light-blue scooter road","Samjhana, my Samjhana, Abu made the Love Jar Notes room around the room-search conversation that started in Nepalgunj. Read this slowly, Sanu. It was ","This page is a soft place to land when your day is heavy. You are the best part of every future Abu imagines. This page is Abu’s a Bageshwori memory p"
"57","057","/sweet-compliments","The Sweet Things Abu Means","SweetComplimentsPage","src/pages/SweetComplimentsPage.jsx + src/components/SweetCompliments.jsx","3642","true","0","0","5","4","29","SweetCompliments","design tokens not detected","f9a3f6280f","NO","NO","The Sweet Things Abu Means uses SweetComplimentsPage. Memory: the future light-blue scooter ride toward Bardiya. Gift: a promise map for the places we still want to see. Voice: Samjhana, my Bebo, Abu made the Sweet Compliments room around the future light-blue scooter ride toward Bardiya. Open this when you miss Abu..","the future light-blue scooter ride toward Bardiya","Your voice can cross the Nepalgunj-to-Sakai distance faster than any flight.","a promise map for the places we still want to see","Samjhana, my Bebo, Abu made the Sweet Compliments room around the future light-blue scooter ride toward Bardiya. Open this when you miss Abu.","The secret is simple: Abu would still choose you in every version of the story. Your voice can cross the Nepalgunj-to-Sakai distance faster than any f"
"58","058","/kiss-collector","Kisses Saved for the Day We Meet","KissCollectorPage","src/pages/KissCollectorPage.jsx + src/components/KissCollector.jsx + src/components/WorldShell.jsx + src/themes.js + src/data/birthdayData.js + src/utils/mediaUtils.js + src/components/AudioController.jsx + src/store/useAppStore.js + src/data/roomSequence.js","111513","true","9","30","65","628","154","KissCollector","text-pink-400 text-xs font-bold text-gray-500 rounded-full border-3 shadow-md ring-2 ring-offset-2 ring-pink-500 bg-pink-500 text-white","dfaea2bd9d","NO","NO","Kisses Saved for the Day We Meet uses KissCollectorPage. Memory: late-night video calls between Nepalgunj and Sakai, Osaka. Gift: a birthday blessing written in Abu’s handwriting. Voice: Samjhana, my Sanzu, Abu made the Kiss Collector room around late-night video calls between Nepalgunj and Sakai, Osaka. The gift inside is not expensiv.","late-night video calls between Nepalgunj and Sakai, Osaka","You make ordinary food, ordinary calls, and ordinary rooms feel like memories.","a birthday blessing written in Abu’s handwriting","Samjhana, my Sanzu, Abu made the Kiss Collector room around late-night video calls between Nepalgunj and Sakai, Osaka. The gift inside is not expensiv","This is a reminder that you are loved in the details. You make ordinary food, ordinary calls, and ordinary rooms feel like memories. This page is Abu’"
"59","059","/love-memory-flip","Turn Over an Abu Memory","LoveMemoryFlipPage","src/pages/LoveMemoryFlipPage.jsx + src/components/LoveMemoryFlip.jsx + src/components/WorldShell.jsx + src/themes.js + src/data/birthdayData.js + src/utils/mediaUtils.js + src/components/AudioController.jsx + src/store/useAppStore.js + src/data/roomSequence.js + src/utils/whatsappHelper.js","119816","true","11","32","82","678","183","LoveMemoryFlip","text-pink-500 font-ui bg-white/80 rounded-3xl border-2 border-pink-300 shadow-md rounded-full text-xs font-black bg-rose-500 text-white","eeefadf335","NO","NO","Turn Over an Abu Memory uses LoveMemoryFlipPage. Memory: dropping you at the Language Institute before Japan. Gift: a promise folded into a keepsake card. Voice: Samjhana, my Bhoot, Abu made the Love Memory Flip room around dropping you at the Language Institute before Japan. This page is a soft place to land w.","dropping you at the Language Institute before Japan","Your moods, your laugh, your quiet, and your Bhoot moments all belong to the girl Abu loves.","a promise folded into a keepsake card","Samjhana, my Bhoot, Abu made the Love Memory Flip room around dropping you at the Language Institute before Japan. This page is a soft place to land w","A small surprise: Abu remembers more than he says. Your moods, your laugh, your quiet, and your Bhoot moments all belong to the girl Abu loves. This p"
"60","060","/sound-wave","The Sound of Your Name","SoundWavePage","src/pages/SoundWavePage.jsx + src/components/SoundWave.jsx + src/components/WorldShell.jsx + src/themes.js + src/data/birthdayData.js + src/utils/mediaUtils.js + src/components/AudioController.jsx + src/store/useAppStore.js + src/data/roomSequence.js + src/utils/whatsappHelper.js","118037","true","11","32","65","646","157","SoundWave","text-purple-400 font-ui rounded-3xl bg-gradient-to-b from-purple-950 via-slate-900 to-indigo-950 text-white border-2 border-purple-500/40 shadow-2xl text-center","e69b7c6e0c","NO","NO","The Sound of Your Name uses SoundWavePage. Memory: late-night video calls between Nepalgunj and Sakai, Osaka. Gift: a memory ribbon tied to your favourite name. Voice: Samjhana, my Bhuntu, Abu made the Sound Wave room around late-night video calls between Nepalgunj and Sakai, Osaka. The secret is simple: Abu would st.","late-night video calls between Nepalgunj and Sakai, Osaka","You make ordinary food, ordinary calls, and ordinary rooms feel like memories.","a memory ribbon tied to your favourite name","Samjhana, my Bhuntu, Abu made the Sound Wave room around late-night video calls between Nepalgunj and Sakai, Osaka. The secret is simple: Abu would st","The gift inside is not expensive; it is specific to you. You make ordinary food, ordinary calls, and ordinary rooms feel like memories. This page is A"
"61","061","/love-passport-stamps","Stamps from Our Story","LovePassportStampsPage","src/pages/LovePassportStampsPage.jsx + src/components/LovePassportStamps.jsx","3943","true","0","0","7","17","7","LovePassportStamps","design tokens not detected","ed8871d19b","NO","NO","Stamps from Our Story uses LovePassportStampsPage. Memory: the dream of Pokhara, Manang, and Mustang waiting for us. Gift: a future postcard from the light-blue scooter road. Voice: Samjhana, my Samjhana, Abu made the Love Passport Stamps room around the dream of Pokhara, Manang, and Mustang waiting for us. Read this slowly, Sanu..","the dream of Pokhara, Manang, and Mustang waiting for us","You are beautiful in the moments you never think to pose for.","a future postcard from the light-blue scooter road","Samjhana, my Samjhana, Abu made the Love Passport Stamps room around the dream of Pokhara, Manang, and Mustang waiting for us. Read this slowly, Sanu.","This page is a soft place to land when your day is heavy. You are beautiful in the moments you never think to pose for. This page is Abu’s a Bageshwor"
"62","062","/mood-ring","The Mood Abu Notices First","MoodRingPage","src/pages/MoodRingPage.jsx + src/components/MoodRing.jsx + src/components/WorldShell.jsx + src/themes.js + src/data/birthdayData.js + src/utils/mediaUtils.js + src/components/AudioController.jsx + src/store/useAppStore.js + src/data/roomSequence.js","107469","true","9","30","59","623","148","MoodRing","bg-rose-500 bg-purple-500 bg-amber-400 rounded-full bg-slate-900 border-4 border-pink-400 shadow-2xl text-white text-pink-400 text-slate-400 text-[11px]","0859f48484","NO","NO","The Mood Abu Notices First uses MoodRingPage. Memory: Chau-Chau, Panipuri, momo, and the foods that became our language. Gift: a bouquet of words for your soft days. Voice: Samjhana, my Sanu, Abu made the Mood Ring room around Chau-Chau, Panipuri, momo, and the foods that became our language. The gift inside is not expens.","Chau-Chau, Panipuri, momo, and the foods that became our language","Your kindness is one of the reasons Abu keeps choosing you.","a bouquet of words for your soft days","Samjhana, my Sanu, Abu made the Mood Ring room around Chau-Chau, Panipuri, momo, and the foods that became our language. The gift inside is not expens","This is a reminder that you are loved in the details. Your kindness is one of the reasons Abu keeps choosing you. This page is Abu’s a future postcard"
"63","063","/cupid-archery","Aiming Abu’s Good Wishes Your Way","CupidArcheryPage","src/pages/CupidArcheryPage.jsx + src/components/CupidArchery.jsx + src/components/WorldShell.jsx + src/themes.js + src/data/birthdayData.js + src/utils/mediaUtils.js + src/components/AudioController.jsx + src/store/useAppStore.js + src/data/roomSequence.js","114004","true","9","30","75","631","150","CupidArchery","rounded-full bg-amber-100 text-amber-800 font-extrabold text-xs bg-indigo-100 text-indigo-700 bg-rose-100 text-rose-600 rounded-3xl bg-gradient-to-b from-indigo-950","a985b7a3d6","NO","NO","Aiming Abu’s Good Wishes Your Way uses CupidArcheryPage. Memory: the way you can be Sanzu, Bhuntu, Sanu, Babe, or Runchi and still be home. Gift: a memory ribbon tied to your favourite name. Voice: Samjhana, my Bebo, Abu made the Cupid Archery room around the way you can be Sanzu, Bhuntu, Sanu, Babe, or Runchi and still be home. The secret is sim.","the way you can be Sanzu, Bhuntu, Sanu, Babe, or Runchi and still be home","You make Abu want to become gentler, steadier, and more worthy of your trust.","a memory ribbon tied to your favourite name","Samjhana, my Bebo, Abu made the Cupid Archery room around the way you can be Sanzu, Bhuntu, Sanu, Babe, or Runchi and still be home. The secret is sim","The gift inside is not expensive; it is specific to you. You make Abu want to become gentler, steadier, and more worthy of your trust. This page is Ab"
"64","064","/love-alarm","The Wake-Up Note from Abu","LoveAlarmPage","src/pages/LoveAlarmPage.jsx + src/components/LoveAlarm.jsx + src/components/WorldShell.jsx + src/themes.js + src/data/birthdayData.js + src/utils/mediaUtils.js + src/components/AudioController.jsx + src/store/useAppStore.js + src/data/roomSequence.js","114044","true","9","30","75","640","159","LoveAlarm","rounded-3xl bg-gradient-to-b from-slate-900 via-slate-800 to-slate-900 border-4 border-pink-400 shadow-2xl text-white rounded-full bg-slate-700 border-pink-300","711c8341ec","NO","NO","The Wake-Up Note from Abu uses LoveAlarmPage. Memory: Bageshwori Temple and the prayers we carried home. Gift: a bouquet of words for your soft days. Voice: Samjhana, my Bebo, Abu made the Love Alarm room around Bageshwori Temple and the prayers we carried home. The gift inside is not expensive; it is spec.","Bageshwori Temple and the prayers we carried home","Your smile makes Abu forget what he was worried about.","a bouquet of words for your soft days","Samjhana, my Bebo, Abu made the Love Alarm room around Bageshwori Temple and the prayers we carried home. The gift inside is not expensive; it is spec","This is a reminder that you are loved in the details. Your smile makes Abu forget what he was worried about. This page is Abu’s a future postcard from"
"65","065","/couple-bucket-list-2","Our Next Places Together","CoupleBucketList2Page","src/pages/CoupleBucketList2Page.jsx + src/utils/mediaUtils.js + src/data/pageGiftData.js + src/data/pageNames.js","321549","true","12","32","6","5948","2305","page-specific source","bg-[ text-[ text-xs font-black text-6xl text-8xl text-lg rounded-[2rem] bg-white shadow-xl rounded-2xl text-left","faf9186282","NO","NO","Our Next Places Together uses CoupleBucketList2Page. Memory: late-night video calls between Nepalgunj and Sakai, Osaka. Gift: a private letter from Abu. Voice: Samjhana, my Bhuntu, Abu made the Couple Bucket List 2 room around late-night video calls between Nepalgunj and Sakai, Osaka. This is a reminder that .","late-night video calls between Nepalgunj and Sakai, Osaka","You make ordinary food, ordinary calls, and ordinary rooms feel like memories.","a private letter from Abu","Samjhana, my Bhuntu, Abu made the Couple Bucket List 2 room around late-night video calls between Nepalgunj and Sakai, Osaka. This is a reminder that ","Open this when you miss Abu. You make ordinary food, ordinary calls, and ordinary rooms feel like memories. This page is Abu’s a promise folded into a"
"66","066","/love-meter-deluxe","Abu’s Measureless Love Meter","LoveMeterDeluxePage","src/pages/LoveMeterDeluxePage.jsx + src/components/LoveMeterDeluxe.jsx + src/components/WorldShell.jsx + src/themes.js + src/data/birthdayData.js + src/utils/mediaUtils.js + src/components/AudioController.jsx + src/store/useAppStore.js + src/data/roomSequence.js","111868","true","9","30","69","633","148","LoveMeterDeluxe","to-sync text-5xl text-7xl font-extrabold text-transparent bg-clip-text bg-gradient-to-r from-rose-500 to-pink-600 font-mono text-xs text-gray-500","4b16aa5944","NO","NO","Abu’s Measureless Love Meter uses LoveMeterDeluxePage. Memory: dropping you at the Language Institute before Japan. Gift: a tiny memory ticket from Nepalgunj. Voice: Samjhana, my Runchi, Abu made the Love Meter Deluxe room around dropping you at the Language Institute before Japan. A small surprise: Abu remembers m.","dropping you at the Language Institute before Japan","Your moods, your laugh, your quiet, and your Bhoot moments all belong to the girl Abu loves.","a tiny memory ticket from Nepalgunj","Samjhana, my Runchi, Abu made the Love Meter Deluxe room around dropping you at the Language Institute before Japan. A small surprise: Abu remembers m","Keep this for the next time distance feels loud. Your moods, your laugh, your quiet, and your Bhoot moments all belong to the girl Abu loves. This pag"
"67","067","/love-envelope","An Envelope from Abu","LoveEnvelopePage","src/pages/LoveEnvelopePage.jsx + src/components/LoveEnvelope.jsx + src/components/WorldShell.jsx + src/themes.js + src/data/birthdayData.js + src/utils/mediaUtils.js + src/components/AudioController.jsx + src/store/useAppStore.js + src/data/roomSequence.js + src/utils/whatsappHelper.js","120835","true","11","32","83","722","160","LoveEnvelope","from-amber-400 to-amber-600 from-rose-500 to-pink-600 from-purple-500 to-indigo-600 text-rose-500 font-ui bg-white/80 rounded-2xl border-pink-200 shadow-sm","e0043cb1a4","NO","NO","An Envelope from Abu uses LoveEnvelopePage. Memory: late-night video calls between Nepalgunj and Sakai, Osaka. Gift: a Bageshwori memory pressed between two pages. Voice: Samjhana, my Bebo, Abu made the Love Envelope room around late-night video calls between Nepalgunj and Sakai, Osaka. This is a reminder that you are l.","late-night video calls between Nepalgunj and Sakai, Osaka","You make ordinary food, ordinary calls, and ordinary rooms feel like memories.","a Bageshwori memory pressed between two pages","Samjhana, my Bebo, Abu made the Love Envelope room around late-night video calls between Nepalgunj and Sakai, Osaka. This is a reminder that you are l","Open this when you miss Abu. You make ordinary food, ordinary calls, and ordinary rooms feel like memories. This page is Abu’s a quiet “open when” not"
"68","068","/love-constellation-connect","Connect the Names Abu Loves","LoveConstellationConnectPage","src/pages/LoveConstellationConnectPage.jsx + src/components/LoveConstellationConnect.jsx + src/components/WorldShell.jsx + src/themes.js + src/data/birthdayData.js + src/utils/mediaUtils.js + src/components/AudioController.jsx + src/store/useAppStore.js + src/data/roomSequence.js + src/utils/whatsappHelper.js","117767","true","11","32","67","648","158","LoveConstellationConnect","text-amber-400 font-ui rounded-full text-xs font-black bg-amber-400 text-slate-950 border-amber-400 shadow-md bg-slate-900/80 text-amber-200 border-amber-500/30","8875791157","NO","NO","Connect the Names Abu Loves uses LoveConstellationConnectPage. Memory: Water Park laughter and the day moving too quickly. Gift: a future postcard from the light-blue scooter road. Voice: Samjhana, my Sanu, Abu made the Love Constellation Connect room around Water Park laughter and the day moving too quickly. Read this slowly, Sanu. It .","Water Park laughter and the day moving too quickly","Your “huss” can make a long day feel close again.","a future postcard from the light-blue scooter road","Samjhana, my Sanu, Abu made the Love Constellation Connect room around Water Park laughter and the day moving too quickly. Read this slowly, Sanu. It ","This page is a soft place to land when your day is heavy. Your “huss” can make a long day feel close again. This page is Abu’s a Bageshwori memory pre"
"69","069","/love-journal-prompt","A Journal Prompt from Abu","LoveJournalPromptPage","src/pages/LoveJournalPromptPage.jsx + src/components/LoveJournalPrompt.jsx + src/components/WorldShell.jsx + src/themes.js + src/data/birthdayData.js + src/utils/mediaUtils.js + src/components/AudioController.jsx + src/store/useAppStore.js + src/data/roomSequence.js + src/utils/whatsappHelper.js","114244","true","9","30","70","664","161","LoveJournalPrompt","rounded-full bg-green-100 text-green-700 font-extrabold text-xs bg-gray-200 bg-green-500 bg-amber-800 rounded-l-xl shadow-inner rounded-r-3xl rounded-l-lg","c4482c0a1f","NO","NO","A Journal Prompt from Abu uses LoveJournalPromptPage. Memory: the day “Abhay” became “Abu” because you made it yours. Gift: a quiet “open when” note for your pocket. Voice: Samjhana, my Samjhana, Abu made the Love Journal Prompt room around the day “Abhay” became “Abu” because you made it yours. This page is a soft place .","the day “Abhay” became “Abu” because you made it yours","You are the person behind every name Abu says with a softer voice.","a quiet “open when” note for your pocket","Samjhana, my Samjhana, Abu made the Love Journal Prompt room around the day “Abhay” became “Abu” because you made it yours. This page is a soft place ","A small surprise: Abu remembers more than he says. You are the person behind every name Abu says with a softer voice. This page is Abu’s a promise map"
"70","070","/love-chimes","Chimes for Your Quiet Days","LoveChimesPage","src/pages/LoveChimesPage.jsx + src/components/LoveChimes.jsx + src/components/WorldShell.jsx + src/themes.js + src/data/birthdayData.js + src/utils/mediaUtils.js + src/components/AudioController.jsx + src/store/useAppStore.js + src/data/roomSequence.js","111691","true","9","30","74","632","150","LoveChimes","from-cyan-400 to-cyan-600 from-blue-400 to-blue-600 from-indigo-400 to-indigo-600 from-purple-400 to-purple-600 from-pink-400 to-pink-600 rounded-3xl bg-gradient-to-b","38b823c1c0","NO","NO","Chimes for Your Quiet Days uses LoveChimesPage. Memory: late-night video calls between Nepalgunj and Sakai, Osaka. Gift: a Bageshwori memory pressed between two pages. Voice: Samjhana, my Runchi, Abu made the Love Chimes room around late-night video calls between Nepalgunj and Sakai, Osaka. This is a reminder that you are l.","late-night video calls between Nepalgunj and Sakai, Osaka","You make ordinary food, ordinary calls, and ordinary rooms feel like memories.","a Bageshwori memory pressed between two pages","Samjhana, my Runchi, Abu made the Love Chimes room around late-night video calls between Nepalgunj and Sakai, Osaka. This is a reminder that you are l","Open this when you miss Abu. You make ordinary food, ordinary calls, and ordinary rooms feel like memories. This page is Abu’s a quiet “open when” not"
"71","071","/love-horoscope-daily","Today’s Note from the Stars","LoveHoroscopeDailyPage","src/pages/LoveHoroscopeDailyPage.jsx + src/components/LoveHoroscopeDaily.jsx","5016","true","0","0","8","13","2","LoveHoroscopeDaily","design tokens not detected","9cbd220d9b","NO","NO","Today’s Note from the Stars uses LoveHoroscopeDailyPage. Memory: the dream of Pokhara, Manang, and Mustang waiting for us. Gift: a quiet “open when” note for your pocket. Voice: Samjhana, my Fuchee, Abu made the Love Horoscope Daily room around the dream of Pokhara, Manang, and Mustang waiting for us. This page is a soft place.","the dream of Pokhara, Manang, and Mustang waiting for us","You are beautiful in the moments you never think to pose for.","a quiet “open when” note for your pocket","Samjhana, my Fuchee, Abu made the Love Horoscope Daily room around the dream of Pokhara, Manang, and Mustang waiting for us. This page is a soft place","A small surprise: Abu remembers more than he says. You are beautiful in the moments you never think to pose for. This page is Abu’s a promise map for "
"72","072","/love-recipe","The Recipe for a Good Day Together","LoveRecipePage","src/pages/LoveRecipePage.jsx + src/components/LoveRecipe.jsx","4309","true","0","0","8","10","2","LoveRecipe","design tokens not detected","09f26c106d","NO","NO","The Recipe for a Good Day Together uses LoveRecipePage. Memory: the way you can be Sanzu, Bhuntu, Sanu, Babe, or Runchi and still be home. Gift: a Bageshwori memory pressed between two pages. Voice: Samjhana, my Samjhana, Abu made the Love Recipe room around the way you can be Sanzu, Bhuntu, Sanu, Babe, or Runchi and still be home. This is a remin.","the way you can be Sanzu, Bhuntu, Sanu, Babe, or Runchi and still be home","You make Abu want to become gentler, steadier, and more worthy of your trust.","a Bageshwori memory pressed between two pages","Samjhana, my Samjhana, Abu made the Love Recipe room around the way you can be Sanzu, Bhuntu, Sanu, Babe, or Runchi and still be home. This is a remin","Open this when you miss Abu. You make Abu want to become gentler, steadier, and more worthy of your trust. This page is Abu’s a quiet “open when” note"
"73","073","/love-fireflies","Fireflies for Sanzu","LoveFirefliesPage","src/pages/LoveFirefliesPage.jsx + src/components/LoveFireflies.jsx + src/components/WorldShell.jsx + src/themes.js + src/data/birthdayData.js + src/utils/mediaUtils.js + src/components/AudioController.jsx + src/store/useAppStore.js + src/data/roomSequence.js","113774","true","9","30","74","635","161","LoveFireflies","rounded-full bg-amber-100 text-amber-800 font-extrabold text-xs bg-gray-200 bg-gradient-to-r from-amber-400 to-amber-500 rounded-3xl bg-gradient-to-b from-slate-950","d713dcd453","NO","NO","Fireflies for Sanzu uses LoveFirefliesPage. Memory: late-night video calls between Nepalgunj and Sakai, Osaka. Gift: a compliment saved for your next tired day. Voice: Samjhana, my Bebo, Abu made the Love Fireflies room around late-night video calls between Nepalgunj and Sakai, Osaka. Open this when you miss Abu..","late-night video calls between Nepalgunj and Sakai, Osaka","You make ordinary food, ordinary calls, and ordinary rooms feel like memories.","a compliment saved for your next tired day","Samjhana, my Bebo, Abu made the Love Fireflies room around late-night video calls between Nepalgunj and Sakai, Osaka. Open this when you miss Abu.","The secret is simple: Abu would still choose you in every version of the story. You make ordinary food, ordinary calls, and ordinary rooms feel like m"
"74","074","/love-tree-growth","How Abu’s Love Keeps Growing","LoveTreeGrowthPage","src/pages/LoveTreeGrowthPage.jsx + src/components/LoveTreeGrowth.jsx","7823","true","0","0","9","25","4","LoveTreeGrowth","design tokens not detected","fc694af724","NO","NO","How Abu’s Love Keeps Growing uses LoveTreeGrowthPage. Memory: the day “Abhay” became “Abu” because you made it yours. Gift: a tiny cinema ticket for one moment Abu would replay. Voice: Samjhana, my Samjhana, Abu made the Love Tree Growth room around the day “Abhay” became “Abu” because you made it yours. Read this slowly, Sanu. It wa.","the day “Abhay” became “Abu” because you made it yours","You are the person behind every name Abu says with a softer voice.","a tiny cinema ticket for one moment Abu would replay","Samjhana, my Samjhana, Abu made the Love Tree Growth room around the day “Abhay” became “Abu” because you made it yours. Read this slowly, Sanu. It wa","This page is a soft place to land when your day is heavy. You are the person behind every name Abu says with a softer voice. This page is Abu’s a priv"
"75","075","/love-wishes-sky","Wishes Written Above Us","LoveWishesSkyPage","src/pages/LoveWishesSkyPage.jsx + src/components/LoveWishesSky.jsx + src/components/WorldShell.jsx + src/themes.js + src/data/birthdayData.js + src/utils/mediaUtils.js + src/components/AudioController.jsx + src/store/useAppStore.js + src/data/roomSequence.js + src/utils/whatsappHelper.js","114042","true","9","30","60","660","189","LoveWishesSky","text-amber-400 font-ui rounded-3xl bg-gradient-to-b from-indigo-950 via-slate-900 to-black border-4 border-amber-400 shadow-2xl rounded-full bg-amber-100","3be22e6550","NO","NO","Wishes Written Above Us uses LoveWishesSkyPage. Memory: the room-search conversation that started in Nepalgunj. Gift: a quiet “open when” note for your pocket. Voice: Samjhana, my Sanzu, Abu made the Love Wishes Sky room around the room-search conversation that started in Nepalgunj. This page is a soft place to land.","the room-search conversation that started in Nepalgunj","You are the best part of every future Abu imagines.","a quiet “open when” note for your pocket","Samjhana, my Sanzu, Abu made the Love Wishes Sky room around the room-search conversation that started in Nepalgunj. This page is a soft place to land","A small surprise: Abu remembers more than he says. You are the best part of every future Abu imagines. This page is Abu’s a promise map for the places"
"76","076","/love-time-machine","A Trip Back to Our First Days","LoveTimeMachinePage","src/pages/LoveTimeMachinePage.jsx + src/components/LoveTimeMachine.jsx + src/components/WorldShell.jsx + src/themes.js + src/data/birthdayData.js + src/utils/mediaUtils.js + src/components/AudioController.jsx + src/store/useAppStore.js + src/data/roomSequence.js","111645","true","9","30","63","657","181","LoveTimeMachine","rounded-full text-sm font-bold bg-indigo-600 text-white shadow-lg bg-green-500 bg-gray-200 text-gray-500 bg-gray-300 bg-indigo-400 rounded-3xl","3b37bd4bfd","NO","NO","A Trip Back to Our First Days uses LoveTimeMachinePage. Memory: Water Park laughter and the day moving too quickly. Gift: a small surprise box with one true thing inside. Voice: Samjhana, my Sanzu, Abu made the Love Time Machine room around Water Park laughter and the day moving too quickly. Keep this for the next time distanc.","Water Park laughter and the day moving too quickly","Your “huss” can make a long day feel close again.","a small surprise box with one true thing inside","Samjhana, my Sanzu, Abu made the Love Time Machine room around Water Park laughter and the day moving too quickly. Keep this for the next time distanc","Read this slowly, Sanu. It was made for your exact heart. Your “huss” can make a long day feel close again. This page is Abu’s a birthday blessing wri"
"77","077","/love-origami-heart","A Folded Heart for Bhuntu","LoveOrigamiHeartPage","src/pages/LoveOrigamiHeartPage.jsx + src/components/LoveOrigamiHeart.jsx + src/components/WorldShell.jsx + src/themes.js + src/components/AudioController.jsx + src/store/useAppStore.js + src/data/roomSequence.js + src/utils/whatsappHelper.js","53767","true","0","0","71","193","45","LoveOrigamiHeart","text-rose-500 font-ui rounded-full text-xs font-black shadow-md bg-emerald-500 text-white bg-pink-500 ring-4 ring-pink-200 bg-gray-200","b7cf829dad","NO","NO","A Folded Heart for Bhuntu uses LoveOrigamiHeartPage. Memory: Water Park laughter and the day moving too quickly. Gift: a promise folded into a keepsake card. Voice: Samjhana, my Bhoot, Abu made the Love Origami Heart room around Water Park laughter and the day moving too quickly. This page is a soft place to land .","Water Park laughter and the day moving too quickly","Your “huss” can make a long day feel close again.","a promise folded into a keepsake card","Samjhana, my Bhoot, Abu made the Love Origami Heart room around Water Park laughter and the day moving too quickly. This page is a soft place to land ","A small surprise: Abu remembers more than he says. Your “huss” can make a long day feel close again. This page is Abu’s a compliment saved for your ne"
"78","078","/love-fortune-cookie","A Fortune Abu Left Inside","LoveFortuneCookiePage","src/pages/LoveFortuneCookiePage.jsx + src/components/LoveFortuneCookie.jsx + src/components/WorldShell.jsx + src/themes.js + src/components/AudioController.jsx + src/store/useAppStore.js + src/data/roomSequence.js + src/utils/whatsappHelper.js","49164","true","0","0","66","183","36","LoveFortuneCookie","text-amber-500 font-ui rounded-full bg-gradient-to-br from-amber-300 via-amber-400 to-amber-500 border-4 border-amber-200 shadow-2xl bg-amber-600/40 text-7xl","a0a450c4f7","NO","NO","A Fortune Abu Left Inside uses LoveFortuneCookiePage. Memory: dropping you at the Language Institute before Japan. Gift: a quiet “open when” note for your pocket. Voice: Samjhana, my Bebo, Abu made the Love Fortune Cookie room around dropping you at the Language Institute before Japan. This page is a soft place to land.","dropping you at the Language Institute before Japan","Your moods, your laugh, your quiet, and your Bhoot moments all belong to the girl Abu loves.","a quiet “open when” note for your pocket","Samjhana, my Bebo, Abu made the Love Fortune Cookie room around dropping you at the Language Institute before Japan. This page is a soft place to land","A small surprise: Abu remembers more than he says. Your moods, your laugh, your quiet, and your Bhoot moments all belong to the girl Abu loves. This p"
"79","079","/love-scratch-card","Love Scratch Card","LoveScratchCardPage","src/pages/LoveScratchCardPage.jsx + src/components/LoveScratchCard.jsx","8758","true","0","0","10","35","4","LoveScratchCard","design tokens not detected","7d4cee66d9","NO","NO","Love Scratch Card uses LoveScratchCardPage. Memory: the day “Abhay” became “Abu” because you made it yours. Gift: a promise folded into a keepsake card. Voice: Samjhana, my Sanu, Abu made the Love Scratch Card room around the day “Abhay” became “Abu” because you made it yours. This page is a soft place to lan.","the day “Abhay” became “Abu” because you made it yours","You are the person behind every name Abu says with a softer voice.","a promise folded into a keepsake card","Samjhana, my Sanu, Abu made the Love Scratch Card room around the day “Abhay” became “Abu” because you made it yours. This page is a soft place to lan","A small surprise: Abu remembers more than he says. You are the person behind every name Abu says with a softer voice. This page is Abu’s a compliment "
"80","080","/love-audio-visualizer","What Abu Hears in Your Voice","LoveAudioVisualizerPage","src/pages/LoveAudioVisualizerPage.jsx + src/components/LoveAudioVisualizer.jsx + src/components/WorldShell.jsx + src/themes.js + src/components/AudioController.jsx + src/store/useAppStore.js + src/data/roomSequence.js + src/utils/whatsappHelper.js","50052","true","0","0","65","181","36","LoveAudioVisualizer","text-rose-500 font-ui rounded-2xl text-left bg-rose-500 text-white border-rose-600 shadow-lg bg-white/80 text-gray-800 border-pink-200 bg-pink-50","3b84b60f2b","NO","NO","What Abu Hears in Your Voice uses LoveAudioVisualizerPage. Memory: dropping you at the Language Institute before Japan. Gift: a soft landing place for a difficult day. Voice: Samjhana, my Sanu, Abu made the Love Audio Visualizer room around dropping you at the Language Institute before Japan. Keep this for the next time dis.","dropping you at the Language Institute before Japan","Your moods, your laugh, your quiet, and your Bhoot moments all belong to the girl Abu loves.","a soft landing place for a difficult day","Samjhana, my Sanu, Abu made the Love Audio Visualizer room around dropping you at the Language Institute before Japan. Keep this for the next time dis","Read this slowly, Sanu. It was made for your exact heart. Your moods, your laugh, your quiet, and your Bhoot moments all belong to the girl Abu loves."
"81","081","/love-photo-booth","A Photo Booth for Sanzu","LovePhotoBoothPage","src/pages/LovePhotoBoothPage.jsx + src/components/LovePhotoBooth.jsx + src/components/WorldShell.jsx + src/themes.js + src/utils/mediaUtils.js + src/components/AudioController.jsx + src/store/useAppStore.js + src/data/roomSequence.js + src/utils/whatsappHelper.js","62746","true","8","30","74","175","37","LovePhotoBooth","bg-rose-50 border-rose-300 text-rose-600 bg-amber-50 border-amber-300 text-amber-700 bg-purple-950 border-purple-500 text-white text-purple-300 bg-pink-100 border-pink-300","c1e12fabd1","NO","NO","A Photo Booth for Sanzu uses LovePhotoBoothPage. Memory: dropping you at the Language Institute before Japan. Gift: a small surprise box with one true thing inside. Voice: Samjhana, my Bhuntu, Abu made the Love Photo Booth room around dropping you at the Language Institute before Japan. Keep this for the next time distan.","dropping you at the Language Institute before Japan","Your moods, your laugh, your quiet, and your Bhoot moments all belong to the girl Abu loves.","a small surprise box with one true thing inside","Samjhana, my Bhuntu, Abu made the Love Photo Booth room around dropping you at the Language Institute before Japan. Keep this for the next time distan","Read this slowly, Sanu. It was made for your exact heart. Your moods, your laugh, your quiet, and your Bhoot moments all belong to the girl Abu loves."
"82","082","/love-wish-well","A Well of Abu’s Wishes","LoveWishWellPage","src/pages/LoveWishWellPage.jsx + src/components/LoveWishWell.jsx + src/components/WorldShell.jsx + src/themes.js + src/components/AudioController.jsx + src/store/useAppStore.js + src/data/roomSequence.js","44506","true","0","0","56","158","45","LoveWishWell","rounded-3xl bg-gradient-to-b from-indigo-950 via-slate-900 to-cyan-950 border-4 border-cyan-400 shadow-2xl rounded-full bg-cyan-500/20 border-2 border-cyan-300/40","85f89be312","NO","NO","A Well of Abu’s Wishes uses LoveWishWellPage. Memory: dropping you at the Language Institute before Japan. Gift: a soft landing place for a difficult day. Voice: Samjhana, my Bhoot, Abu made the Love Wish Well room around dropping you at the Language Institute before Japan. Keep this for the next time distance .","dropping you at the Language Institute before Japan","Your moods, your laugh, your quiet, and your Bhoot moments all belong to the girl Abu loves.","a soft landing place for a difficult day","Samjhana, my Bhoot, Abu made the Love Wish Well room around dropping you at the Language Institute before Japan. Keep this for the next time distance ","Read this slowly, Sanu. It was made for your exact heart. Your moods, your laugh, your quiet, and your Bhoot moments all belong to the girl Abu loves."
"83","083","/love-grand-finale","The Last Gift from Abu","LoveGrandFinalePage","src/pages/LoveGrandFinalePage.jsx + src/components/LoveGrandFinale.jsx + src/components/WorldShell.jsx + src/themes.js + src/components/AudioController.jsx + src/store/useAppStore.js + src/data/roomSequence.js + src/utils/mediaUtils.js + src/utils/whatsappHelper.js","66160","true","7","27","71","195","37","LoveGrandFinale","from-amber-300 via-yellow-400 to-amber-500 from-sky-300 via-blue-400 to-indigo-500 from-pink-300 via-rose-400 to-pink-500 from-purple-300 via-fuchsia-400 to-purple-600","ac0eadcd53","NO","NO","The Last Gift from Abu uses LoveGrandFinalePage. Memory: dropping you at the Language Institute before Japan. Gift: a tiny memory ticket from Nepalgunj. Voice: Samjhana, my Sanu, Abu made the Love Grand Finale room around dropping you at the Language Institute before Japan. A small surprise: Abu remembers mor.","dropping you at the Language Institute before Japan","Your moods, your laugh, your quiet, and your Bhoot moments all belong to the girl Abu loves.","a tiny memory ticket from Nepalgunj","Samjhana, my Sanu, Abu made the Love Grand Finale room around dropping you at the Language Institute before Japan. A small surprise: Abu remembers mor","Keep this for the next time distance feels loud. Your moods, your laugh, your quiet, and your Bhoot moments all belong to the girl Abu loves. This pag"
"84","084","/paper-airplane-messenger","Paper Airplane Messenger","PaperAirplaneMessengerPage","src/pages/PaperAirplaneMessengerPage.jsx + src/components/PaperAirplaneMessenger.jsx + src/components/WorldShell.jsx + src/themes.js + src/components/AudioController.jsx + src/store/useAppStore.js + src/data/roomSequence.js + src/utils/mediaUtils.js + src/utils/whatsappHelper.js","68413","true","10","30","75","178","49","PaperAirplaneMessenger","from-pink-500 via-rose-500 to-red-500 from-amber-400 via-yellow-400 to-amber-600 from-pink-300 via-pink-400 to-rose-400 from-indigo-500 via-purple-500 to-pink-500","53000e8b30","NO","NO","Paper Airplane Messenger uses PaperAirplaneMessengerPage. Memory: Water Park laughter and the day moving too quickly. Gift: a tiny cinema ticket for one moment Abu would replay. Voice: Samjhana, my Sanzu, Abu made the Paper Airplane Messenger room around Water Park laughter and the day moving too quickly. Read this slowly, Sanu. It w.","Water Park laughter and the day moving too quickly","Your “huss” can make a long day feel close again.","a tiny cinema ticket for one moment Abu would replay","Samjhana, my Sanzu, Abu made the Paper Airplane Messenger room around Water Park laughter and the day moving too quickly. Read this slowly, Sanu. It w","This page is a soft place to land when your day is heavy. Your “huss” can make a long day feel close again. This page is Abu’s a private letter from A"
"85","085","/magic-8-ball-love","Magic 8 Ball Love","Magic8BallLovePage","src/pages/Magic8BallLovePage.jsx + src/components/Magic8BallLove.jsx + src/components/WorldShell.jsx + src/themes.js + src/components/AudioController.jsx + src/store/useAppStore.js + src/data/roomSequence.js + src/utils/mediaUtils.js + src/utils/whatsappHelper.js","62380","true","7","27","67","186","42","Magic8BallLove","text-purple-400 text-xs font-bold text-violet-300 text-pink-400 rounded-full bg-white/10 bg-white/20 text-violet-200 border-violet-400/30 text-center rounded-2xl","beed260042","NO","NO","Magic 8 Ball Love uses Magic8BallLovePage. Memory: the way you can be Sanzu, Bhuntu, Sanu, Babe, or Runchi and still be home. Gift: a bouquet of words for your soft days. Voice: Samjhana, my Samjhana, Abu made the Magic 8 Ball Love room around the way you can be Sanzu, Bhuntu, Sanu, Babe, or Runchi and still be home. The gift .","the way you can be Sanzu, Bhuntu, Sanu, Babe, or Runchi and still be home","You make Abu want to become gentler, steadier, and more worthy of your trust.","a bouquet of words for your soft days","Samjhana, my Samjhana, Abu made the Magic 8 Ball Love room around the way you can be Sanzu, Bhuntu, Sanu, Babe, or Runchi and still be home. The gift ","This is a reminder that you are loved in the details. You make Abu want to become gentler, steadier, and more worthy of your trust. This page is Abu’s"
"86","086","/love-lock-bridge","Love Lock Bridge","LoveLockBridgePage","src/pages/LoveLockBridgePage.jsx + src/components/LoveLockBridge.jsx + src/components/WorldShell.jsx + src/themes.js + src/components/AudioController.jsx + src/store/useAppStore.js + src/data/roomSequence.js + src/utils/mediaUtils.js + src/utils/whatsappHelper.js","64454","true","8","28","67","191","37","LoveLockBridge","from-amber-400 via-yellow-400 to-amber-600 text-amber-950 border-yellow-200 from-pink-400 via-rose-400 to-pink-600 text-rose-950 border-pink-200 from-cyan-400 via-blue-400","578b89e98d","NO","NO","Love Lock Bridge uses LoveLockBridgePage. Memory: the dream of Pokhara, Manang, and Mustang waiting for us. Gift: a small surprise box with one true thing inside. Voice: Samjhana, my Bebo, Abu made the Love Lock Bridge room around the dream of Pokhara, Manang, and Mustang waiting for us. Keep this for the next time dis.","the dream of Pokhara, Manang, and Mustang waiting for us","You are beautiful in the moments you never think to pose for.","a small surprise box with one true thing inside","Samjhana, my Bebo, Abu made the Love Lock Bridge room around the dream of Pokhara, Manang, and Mustang waiting for us. Keep this for the next time dis","Read this slowly, Sanu. It was made for your exact heart. You are beautiful in the moments you never think to pose for. This page is Abu’s a birthday "
"87","087","/cloud-skywriter","Cloud Skywriter","CloudSkywriterPage","src/pages/CloudSkywriterPage.jsx + src/components/CloudSkywriter.jsx + src/components/WorldShell.jsx + src/themes.js + src/components/AudioController.jsx + src/store/useAppStore.js + src/data/roomSequence.js + src/utils/mediaUtils.js + src/utils/whatsappHelper.js","63613","true","9","29","69","174","54","CloudSkywriter","text-sky-300 rounded-3xl bg-gradient-to-b from-purple-950 via-rose-900 to-amber-700 border-4 border-amber-300/80 shadow-2xl rounded-full bg-gradient-to-tr from-amber-300","e3463ee82d","NO","NO","Cloud Skywriter uses CloudSkywriterPage. Memory: the future light-blue scooter ride toward Bardiya. Gift: a voice-note moment for the nights you miss home. Voice: Samjhana, my Fuchee, Abu made the Cloud Skywriter room around the future light-blue scooter ride toward Bardiya. The secret is simple: Abu would still.","the future light-blue scooter ride toward Bardiya","Your voice can cross the Nepalgunj-to-Sakai distance faster than any flight.","a voice-note moment for the nights you miss home","Samjhana, my Fuchee, Abu made the Cloud Skywriter room around the future light-blue scooter ride toward Bardiya. The secret is simple: Abu would still","The gift inside is not expensive; it is specific to you. Your voice can cross the Nepalgunj-to-Sakai distance faster than any flight. This page is Abu"
"88","088","/love-thermometer","Love Thermometer","LoveThermometerPage","src/pages/LoveThermometerPage.jsx + src/components/LoveThermometer.jsx + src/components/WorldShell.jsx + src/themes.js + src/components/AudioController.jsx + src/store/useAppStore.js + src/data/roomSequence.js + src/utils/mediaUtils.js + src/utils/whatsappHelper.js","62036","true","7","27","68","177","35","LoveThermometer","from-sky-400 via-cyan-400 to-blue-500 from-amber-400 via-orange-500 to-rose-500 from-rose-500 via-red-500 to-amber-400 text-rose-500 rounded-3xl bg-slate-950/80","88bdc1dc0c","NO","NO","Love Thermometer uses LoveThermometerPage. Memory: late-night video calls between Nepalgunj and Sakai, Osaka. Gift: a memory ribbon tied to your favourite name. Voice: Samjhana, my Fuchee, Abu made the Love Thermometer room around late-night video calls between Nepalgunj and Sakai, Osaka. The secret is simple: Abu wo.","late-night video calls between Nepalgunj and Sakai, Osaka","You make ordinary food, ordinary calls, and ordinary rooms feel like memories.","a memory ribbon tied to your favourite name","Samjhana, my Fuchee, Abu made the Love Thermometer room around late-night video calls between Nepalgunj and Sakai, Osaka. The secret is simple: Abu wo","The gift inside is not expensive; it is specific to you. You make ordinary food, ordinary calls, and ordinary rooms feel like memories. This page is A"
"89","089","/movie-ticket-creator","Movie Ticket Creator","MovieTicketCreatorPage","src/pages/MovieTicketCreatorPage.jsx + src/components/MovieTicketCreator.jsx + src/components/WorldShell.jsx + src/themes.js + src/components/AudioController.jsx + src/store/useAppStore.js + src/data/roomSequence.js + src/utils/mediaUtils.js + src/utils/whatsappHelper.js","62378","true","8","28","66","177","35","MovieTicketCreator","text-amber-400 rounded-3xl bg-white border-2 border-amber-300 shadow-2xl text-sm font-extrabold font-nepali text-gray-800 text-purple-600 rounded-2xl","71ebffcd1a","NO","NO","Movie Ticket Creator uses MovieTicketCreatorPage. Memory: the room-search conversation that started in Nepalgunj. Gift: a Sakai-to-Nepalgunj distance token. Voice: Samjhana, my Bhuntu, Abu made the Movie Ticket Creator room around the room-search conversation that started in Nepalgunj. A small surprise: Abu remem.","the room-search conversation that started in Nepalgunj","You are the best part of every future Abu imagines.","a Sakai-to-Nepalgunj distance token","Samjhana, my Bhuntu, Abu made the Movie Ticket Creator room around the room-search conversation that started in Nepalgunj. A small surprise: Abu remem","Keep this for the next time distance feels loud. You are the best part of every future Abu imagines. This page is Abu’s a memory ribbon tied to your f"
"90","090","/snow-globe-shaker","Snow Globe Shaker","SnowGlobeShakerPage","src/pages/SnowGlobeShakerPage.jsx + src/components/SnowGlobeShaker.jsx + src/components/WorldShell.jsx + src/themes.js + src/components/AudioController.jsx + src/store/useAppStore.js + src/data/roomSequence.js + src/utils/mediaUtils.js + src/utils/whatsappHelper.js","58116","true","7","27","63","171","37","SnowGlobeShaker","text-sky-400 text-center rounded-full bg-gradient-to-br from-sky-400/30 via-purple-500/20 to-indigo-900/40 border-4 border-sky-300/70 shadow-[0_0_50px_rgba border-white/60 shadow-2xl","e220967d26","NO","NO","Snow Globe Shaker uses SnowGlobeShakerPage. Memory: dropping you at the Language Institute before Japan. Gift: a Sakai-to-Nepalgunj distance token. Voice: Samjhana, my Bebo, Abu made the Snow Globe Shaker room around dropping you at the Language Institute before Japan. A small surprise: Abu remembers mor.","dropping you at the Language Institute before Japan","Your moods, your laugh, your quiet, and your Bhoot moments all belong to the girl Abu loves.","a Sakai-to-Nepalgunj distance token","Samjhana, my Bebo, Abu made the Snow Globe Shaker room around dropping you at the Language Institute before Japan. A small surprise: Abu remembers mor","Keep this for the next time distance feels loud. Your moods, your laugh, your quiet, and your Bhoot moments all belong to the girl Abu loves. This pag"
"91","091","/wish-dandelion","Wish Dandelion","WishDandelionPage","src/pages/WishDandelionPage.jsx + src/components/WishDandelion.jsx + src/components/WorldShell.jsx + src/themes.js + src/components/AudioController.jsx + src/store/useAppStore.js + src/data/roomSequence.js + src/utils/mediaUtils.js + src/utils/whatsappHelper.js","62345","true","9","29","72","175","81","WishDandelion","text-lime-400 rounded-3xl bg-gradient-to-b from-sky-950 via-teal-950 to-emerald-950 border-4 border-lime-400/60 shadow-2xl text-xl text-amber-200 text-lg","f0def49635","NO","NO","Wish Dandelion uses WishDandelionPage. Memory: Chau-Chau, Panipuri, momo, and the foods that became our language. Gift: a memory ribbon tied to your favourite name. Voice: Samjhana, my Runchi, Abu made the Wish Dandelion room around Chau-Chau, Panipuri, momo, and the foods that became our language. The secret is simple: .","Chau-Chau, Panipuri, momo, and the foods that became our language","Your kindness is one of the reasons Abu keeps choosing you.","a memory ribbon tied to your favourite name","Samjhana, my Runchi, Abu made the Wish Dandelion room around Chau-Chau, Panipuri, momo, and the foods that became our language. The secret is simple: ","The gift inside is not expensive; it is specific to you. Your kindness is one of the reasons Abu keeps choosing you. This page is Abu’s a soft landing"
"92","092","/romantic-charades","Romantic Charades","RomanticCharadesPage","src/pages/RomanticCharadesPage.jsx + src/components/RomanticCharades.jsx + src/components/WorldShell.jsx + src/themes.js + src/components/AudioController.jsx + src/store/useAppStore.js + src/data/roomSequence.js + src/utils/mediaUtils.js + src/utils/whatsappHelper.js","60323","true","7","27","67","178","39","RomanticCharades","text-orange-400 text-center rounded-3xl bg-gradient-to-br from-orange-600 via-rose-600 to-purple-900 text-white shadow-2xl border-4 border-amber-300/80 bg-amber-300/20","5ecdc44611","NO","NO","Romantic Charades uses RomanticCharadesPage. Memory: the future light-blue scooter ride toward Bardiya. Gift: a compliment saved for your next tired day. Voice: Samjhana, my Sanu, Abu made the Romantic Charades room around the future light-blue scooter ride toward Bardiya. Open this when you miss Abu..","the future light-blue scooter ride toward Bardiya","Your voice can cross the Nepalgunj-to-Sakai distance faster than any flight.","a compliment saved for your next tired day","Samjhana, my Sanu, Abu made the Romantic Charades room around the future light-blue scooter ride toward Bardiya. Open this when you miss Abu.","The secret is simple: Abu would still choose you in every version of the story. Your voice can cross the Nepalgunj-to-Sakai distance faster than any f"
"93","093","/love-achievement-badges","Love Achievement Badges","LoveAchievementBadgesPage","src/pages/LoveAchievementBadgesPage.jsx + src/components/LoveAchievementBadges.jsx + src/components/WorldShell.jsx + src/themes.js + src/components/AudioController.jsx + src/store/useAppStore.js + src/data/roomSequence.js + src/utils/mediaUtils.js + src/utils/whatsappHelper.js","60032","true","7","27","61","175","42","LoveAchievementBadges","text-amber-400 text-center rounded-3xl bg-slate-900 border-2 border-amber-400/60 shadow-2xl text-white text-xs font-mono font-bold text-amber-300","eaba3203a3","NO","NO","Love Achievement Badges uses LoveAchievementBadgesPage. Memory: the dream of Pokhara, Manang, and Mustang waiting for us. Gift: a promise folded into a keepsake card. Voice: Samjhana, my Bhuntu, Abu made the Love Achievement Badges room around the dream of Pokhara, Manang, and Mustang waiting for us. This page is a soft pl.","the dream of Pokhara, Manang, and Mustang waiting for us","You are beautiful in the moments you never think to pose for.","a promise folded into a keepsake card","Samjhana, my Bhuntu, Abu made the Love Achievement Badges room around the dream of Pokhara, Manang, and Mustang waiting for us. This page is a soft pl","A small surprise: Abu remembers more than he says. You are beautiful in the moments you never think to pose for. This page is Abu’s a compliment saved"
"94","094","/enchanted-rose-garden","Enchanted Rose Garden","EnchantedRoseGardenPage","src/pages/EnchantedRoseGardenPage.jsx + src/components/EnchantedRoseGarden.jsx + src/components/WorldShell.jsx + src/themes.js + src/components/AudioController.jsx + src/store/useAppStore.js + src/data/roomSequence.js + src/utils/mediaUtils.js + src/utils/whatsappHelper.js","61635","true","7","27","66","166","38","EnchantedRoseGarden","border-rose-400 bg-rose-50 border-pink-400 bg-pink-50 border-amber-400 bg-amber-50 border-cyan-400 bg-cyan-50 text-rose-500 text-center rounded-2xl border-2","63c442bcac","NO","NO","Enchanted Rose Garden uses EnchantedRoseGardenPage. Memory: dropping you at the Language Institute before Japan. Gift: a small surprise box with one true thing inside. Voice: Samjhana, my Sanu, Abu made the Enchanted Rose Garden room around dropping you at the Language Institute before Japan. Keep this for the next time dis.","dropping you at the Language Institute before Japan","Your moods, your laugh, your quiet, and your Bhoot moments all belong to the girl Abu loves.","a small surprise box with one true thing inside","Samjhana, my Sanu, Abu made the Enchanted Rose Garden room around dropping you at the Language Institute before Japan. Keep this for the next time dis","Read this slowly, Sanu. It was made for your exact heart. Your moods, your laugh, your quiet, and your Bhoot moments all belong to the girl Abu loves."
"95","095","/love-mad-libs","Love Mad Libs","LoveMadLibsPage","src/pages/LoveMadLibsPage.jsx + src/components/LoveMadLibs.jsx + src/components/WorldShell.jsx + src/themes.js + src/components/AudioController.jsx + src/store/useAppStore.js + src/data/roomSequence.js + src/utils/mediaUtils.js + src/utils/whatsappHelper.js","58512","true","7","27","61","175","35","LoveMadLibs","text-pink-500 rounded-3xl bg-white border-2 border-pink-300 shadow-2xl text-sm font-extrabold font-nepali text-gray-800 text-xs font-mono","eda9e2f6f3","NO","NO","Love Mad Libs uses LoveMadLibsPage. Memory: the room-search conversation that started in Nepalgunj. Gift: a soft landing place for a difficult day. Voice: Samjhana, my Bebo, Abu made the Love Mad Libs room around the room-search conversation that started in Nepalgunj. Keep this for the next time distance.","the room-search conversation that started in Nepalgunj","You are the best part of every future Abu imagines.","a soft landing place for a difficult day","Samjhana, my Bebo, Abu made the Love Mad Libs room around the room-search conversation that started in Nepalgunj. Keep this for the next time distance","Read this slowly, Sanu. It was made for your exact heart. You are the best part of every future Abu imagines. This page is Abu’s a bouquet of words fo"
"96","096","/love-butterfly-catcher","Love Butterfly Catcher","LoveButterflyCatcherPage","src/pages/LoveButterflyCatcherPage.jsx + src/components/LoveButterflyCatcher.jsx + src/components/WorldShell.jsx + src/themes.js + src/components/AudioController.jsx + src/store/useAppStore.js + src/data/roomSequence.js + src/utils/mediaUtils.js + src/utils/whatsappHelper.js","59924","true","7","27","66","173","42","LoveButterflyCatcher","text-fuchsia-400 text-center rounded-3xl bg-gradient-to-b from-purple-950 via-emerald-950 to-slate-950 border-4 border-fuchsia-400/60 shadow-2xl bg-gradient-to-t from-emerald-800/40","9b70af6049","NO","NO","Love Butterfly Catcher uses LoveButterflyCatcherPage. Memory: Water Park laughter and the day moving too quickly. Gift: a future postcard from the light-blue scooter road. Voice: Samjhana, my Fuchee, Abu made the Love Butterfly Catcher room around Water Park laughter and the day moving too quickly. Read this slowly, Sanu. It wa.","Water Park laughter and the day moving too quickly","Your “huss” can make a long day feel close again.","a future postcard from the light-blue scooter road","Samjhana, my Fuchee, Abu made the Love Butterfly Catcher room around Water Park laughter and the day moving too quickly. Read this slowly, Sanu. It wa","This page is a soft place to land when your day is heavy. Your “huss” can make a long day feel close again. This page is Abu’s a Bageshwori memory pre"
"97","097","/romantic-karaoke","Romantic Karaoke","RomanticKaraokePage","src/pages/RomanticKaraokePage.jsx + src/components/RomanticKaraoke.jsx + src/components/WorldShell.jsx + src/themes.js + src/components/AudioController.jsx + src/store/useAppStore.js + src/data/roomSequence.js + src/utils/mediaUtils.js + src/utils/whatsappHelper.js","60747","true","7","27","72","172","35","RomanticKaraoke","text-pink-400 text-center rounded-3xl bg-gradient-to-br from-purple-950 via-slate-900 to-indigo-950 text-white shadow-2xl border-4 border-pink-400/60 border-b","414a323afa","NO","NO","Romantic Karaoke uses RomanticKaraokePage. Memory: the way you can be Sanzu, Bhuntu, Sanu, Babe, or Runchi and still be home. Gift: a Bageshwori memory pressed between two pages. Voice: Samjhana, my Babe, Abu made the Romantic Karaoke room around the way you can be Sanzu, Bhuntu, Sanu, Babe, or Runchi and still be home. This is a remi.","the way you can be Sanzu, Bhuntu, Sanu, Babe, or Runchi and still be home","You make Abu want to become gentler, steadier, and more worthy of your trust.","a Bageshwori memory pressed between two pages","Samjhana, my Babe, Abu made the Romantic Karaoke room around the way you can be Sanzu, Bhuntu, Sanu, Babe, or Runchi and still be home. This is a remi","Open this when you miss Abu. You make Abu want to become gentler, steadier, and more worthy of your trust. This page is Abu’s a quiet “open when” note"
"98","098","/love-mirror-oracle","Love Mirror Oracle","LoveMirrorOraclePage","src/pages/LoveMirrorOraclePage.jsx + src/components/LoveMirrorOracle.jsx + src/components/WorldShell.jsx + src/themes.js + src/components/AudioController.jsx + src/store/useAppStore.js + src/data/roomSequence.js + src/utils/mediaUtils.js + src/utils/whatsappHelper.js","58034","true","7","27","61","172","38","LoveMirrorOracle","from-pink-500 to-rose-600 from-purple-500 to-violet-600 from-cyan-500 to-blue-600 from-amber-500 to-orange-600 from-rose-500 to-pink-600 text-purple-400 text-center","dd0dd9265b","NO","NO","Love Mirror Oracle uses LoveMirrorOraclePage. Memory: dropping you at the Language Institute before Japan. Gift: a soft landing place for a difficult day. Voice: Samjhana, my Sanzu, Abu made the Love Mirror Oracle room around dropping you at the Language Institute before Japan. Keep this for the next time dista.","dropping you at the Language Institute before Japan","Your moods, your laugh, your quiet, and your Bhoot moments all belong to the girl Abu loves.","a soft landing place for a difficult day","Samjhana, my Sanzu, Abu made the Love Mirror Oracle room around dropping you at the Language Institute before Japan. Keep this for the next time dista","Read this slowly, Sanu. It was made for your exact heart. Your moods, your laugh, your quiet, and your Bhoot moments all belong to the girl Abu loves."
"99","099","/origami-crane","Origami Crane","OrigamiCranePage","src/pages/OrigamiCranePage.jsx + src/components/OrigamiCrane.jsx + src/components/WorldShell.jsx + src/themes.js + src/components/AudioController.jsx + src/store/useAppStore.js + src/data/roomSequence.js + src/utils/mediaUtils.js + src/utils/whatsappHelper.js","59704","true","7","27","65","168","43","OrigamiCrane","from-pink-400 to-rose-500 text-pink-950 from-amber-400 to-yellow-500 text-amber-950 from-cyan-400 to-blue-600 text-blue-950 from-emerald-400 to-teal-600 text-emerald-950","0ab7174709","NO","NO","Origami Crane uses OrigamiCranePage. Memory: the future light-blue scooter ride toward Bardiya. Gift: a compliment saved for your next tired day. Voice: Samjhana, my Sanu, Abu made the Origami Crane room around the future light-blue scooter ride toward Bardiya. Open this when you miss Abu..","the future light-blue scooter ride toward Bardiya","Your voice can cross the Nepalgunj-to-Sakai distance faster than any flight.","a compliment saved for your next tired day","Samjhana, my Sanu, Abu made the Origami Crane room around the future light-blue scooter ride toward Bardiya. Open this when you miss Abu.","The secret is simple: Abu would still choose you in every version of the story. Your voice can cross the Nepalgunj-to-Sakai distance faster than any f"
"100","100","/star-drawer","Star Drawer","StarDrawerPage","src/pages/StarDrawerPage.jsx + src/components/StarDrawer.jsx + src/components/WorldShell.jsx + src/themes.js + src/components/AudioController.jsx + src/store/useAppStore.js + src/data/roomSequence.js + src/utils/mediaUtils.js + src/utils/whatsappHelper.js","59271","true","7","27","63","169","35","StarDrawer","text-amber-300 text-center rounded-3xl bg-gradient-to-br from-slate-950 via-indigo-950 to-purple-950 border-4 border-pink-400/60 shadow-2xl shadow-[0_0_8px_rgba text-2xl","f18324d216","NO","NO","Star Drawer uses StarDrawerPage. Memory: Chau-Chau, Panipuri, momo, and the foods that became our language. Gift: a Bageshwori memory pressed between two pages. Voice: Samjhana, my Sanzu, Abu made the Star Drawer room around Chau-Chau, Panipuri, momo, and the foods that became our language. This is a reminder that yo.","Chau-Chau, Panipuri, momo, and the foods that became our language","Your kindness is one of the reasons Abu keeps choosing you.","a Bageshwori memory pressed between two pages","Samjhana, my Sanzu, Abu made the Star Drawer room around Chau-Chau, Panipuri, momo, and the foods that became our language. This is a reminder that yo","Open this when you miss Abu. Your kindness is one of the reasons Abu keeps choosing you. This page is Abu’s a quiet “open when” note for your pocket f"
"101","101","/birthday-wish-letter","A Sealed Birthday Letter from Abu","BirthdayWishLetterPage","src/pages/BirthdayWishLetterPage.jsx + src/utils/mediaUtils.js + src/data/pageGiftData.js + src/data/pageNames.js","321307","true","12","32","6","5952","2317","page-specific source","bg-gradient-to-br from-[ via-[ to-[ text-[ text-center text-xs font-black text-rose-500 text-6xl text-8xl text-lg","419a3daad9","NO","NO","A Sealed Birthday Letter from Abu uses BirthdayWishLetterPage. Memory: the way you can be Sanzu, Bhuntu, Sanu, Babe, or Runchi and still be home. Gift: a compliment saved for your next tired day. Voice: Samjhana, my Samjhana, Abu made the Birthday Wish Letter room around the way you can be Sanzu, Bhuntu, Sanu, Babe, or Runchi and still be home. Open t.","the way you can be Sanzu, Bhuntu, Sanu, Babe, or Runchi and still be home","You make Abu want to become gentler, steadier, and more worthy of your trust.","a compliment saved for your next tired day","Samjhana, my Samjhana, Abu made the Birthday Wish Letter room around the way you can be Sanzu, Bhuntu, Sanu, Babe, or Runchi and still be home. Open t","The secret is simple: Abu would still choose you in every version of the story. You make Abu want to become gentler, steadier, and more worthy of your"
"102","102","/bubble-wrap","Bubble Wrap","BubbleWrapPage","src/pages/BubbleWrapPage.jsx + src/components/BubbleWrap.jsx + src/components/WorldShell.jsx + src/themes.js + src/components/AudioController.jsx + src/store/useAppStore.js + src/data/roomSequence.js + src/utils/mediaUtils.js + src/utils/whatsappHelper.js","56509","true","7","27","57","165","48","BubbleWrap","text-pink-400 text-center rounded-3xl bg-slate-900 border-2 border-pink-400/50 shadow-xl text-xs font-mono text-gray-300 font-bold text-pink-300","0bb49b8f08","NO","NO","Bubble Wrap uses BubbleWrapPage. Memory: the future light-blue scooter ride toward Bardiya. Gift: a memory ribbon tied to your favourite name. Voice: Samjhana, my Bebo, Abu made the Bubble Wrap room around the future light-blue scooter ride toward Bardiya. The secret is simple: Abu would still choos.","the future light-blue scooter ride toward Bardiya","Your voice can cross the Nepalgunj-to-Sakai distance faster than any flight.","a memory ribbon tied to your favourite name","Samjhana, my Bebo, Abu made the Bubble Wrap room around the future light-blue scooter ride toward Bardiya. The secret is simple: Abu would still choos","The gift inside is not expensive; it is specific to you. Your voice can cross the Nepalgunj-to-Sakai distance faster than any flight. This page is Abu"
"103","103","/love-aquarium","Love Aquarium","LoveAquariumPage","src/pages/LoveAquariumPage.jsx + src/components/LoveAquarium.jsx + src/components/WorldShell.jsx + src/themes.js + src/components/AudioController.jsx + src/store/useAppStore.js + src/data/roomSequence.js + src/utils/mediaUtils.js + src/utils/whatsappHelper.js","59413","true","7","27","62","173","35","LoveAquarium","text-cyan-400 text-center rounded-3xl bg-gradient-to-b from-sky-950 via-cyan-950 to-blue-950 border-4 border-cyan-400/60 shadow-2xl text-2xl text-3xl","38ff285e37","NO","NO","Love Aquarium uses LoveAquariumPage. Memory: late-night video calls between Nepalgunj and Sakai, Osaka. Gift: a Bageshwori memory pressed between two pages. Voice: Samjhana, my Samjhana, Abu made the Love Aquarium room around late-night video calls between Nepalgunj and Sakai, Osaka. This is a reminder that you a.","late-night video calls between Nepalgunj and Sakai, Osaka","You make ordinary food, ordinary calls, and ordinary rooms feel like memories.","a Bageshwori memory pressed between two pages","Samjhana, my Samjhana, Abu made the Love Aquarium room around late-night video calls between Nepalgunj and Sakai, Osaka. This is a reminder that you a","Open this when you miss Abu. You make ordinary food, ordinary calls, and ordinary rooms feel like memories. This page is Abu’s a quiet “open when” not"
"104","104","/photo-puzzle-3d","Photo Puzzle 3d","PhotoPuzzle3DPage","src/pages/PhotoPuzzle3DPage.jsx + src/components/PhotoPuzzle3D.jsx + src/components/WorldShell.jsx + src/themes.js + src/components/AudioController.jsx + src/store/useAppStore.js + src/data/roomSequence.js + src/utils/mediaUtils.js + src/utils/whatsappHelper.js","56734","true","7","27","59","166","36","PhotoPuzzle3D","text-pink-400 text-center rounded-3xl bg-slate-950 border-4 border-pink-400/60 shadow-2xl rounded-2xl bg-black/80 border-2 border-dashed border-pink-400/40","bed8e452cd","NO","NO","Photo Puzzle 3d uses PhotoPuzzle3DPage. Memory: the day “Abhay” became “Abu” because you made it yours. Gift: a promise folded into a keepsake card. Voice: Samjhana, my Bhuntu, Abu made the Photo Puzzle 3d room around the day “Abhay” became “Abu” because you made it yours. This page is a soft place to lan.","the day “Abhay” became “Abu” because you made it yours","You are the person behind every name Abu says with a softer voice.","a promise folded into a keepsake card","Samjhana, my Bhuntu, Abu made the Photo Puzzle 3d room around the day “Abhay” became “Abu” because you made it yours. This page is a soft place to lan","A small surprise: Abu remembers more than he says. You are the person behind every name Abu says with a softer voice. This page is Abu’s a compliment "
"105","105","/coupon-vault","Coupon Vault","CouponVaultPage","src/pages/CouponVaultPage.jsx + src/components/CouponVault.jsx + src/components/WorldShell.jsx + src/themes.js + src/components/AudioController.jsx + src/store/useAppStore.js + src/data/roomSequence.js + src/utils/mediaUtils.js + src/utils/whatsappHelper.js","56428","true","7","27","54","165","37","CouponVault","text-amber-400 text-center rounded-3xl bg-slate-950 text-white border-4 border-amber-400 shadow-2xl rounded-full bg-slate-900 border-2 shadow-inner","47531541f9","NO","NO","Coupon Vault uses CouponVaultPage. Memory: late-night video calls between Nepalgunj and Sakai, Osaka. Gift: a voice-note moment for the nights you miss home. Voice: Samjhana, my Bebo, Abu made the Coupon Vault room around late-night video calls between Nepalgunj and Sakai, Osaka. The secret is simple: Abu would st.","late-night video calls between Nepalgunj and Sakai, Osaka","You make ordinary food, ordinary calls, and ordinary rooms feel like memories.","a voice-note moment for the nights you miss home","Samjhana, my Bebo, Abu made the Coupon Vault room around late-night video calls between Nepalgunj and Sakai, Osaka. The secret is simple: Abu would st","The gift inside is not expensive; it is specific to you. You make ordinary food, ordinary calls, and ordinary rooms feel like memories. This page is A"
"106","106","/heart-mailbox","Heart Mailbox","HeartMailboxPage","src/pages/HeartMailboxPage.jsx + src/components/HeartMailbox.jsx + src/components/WorldShell.jsx + src/themes.js + src/components/AudioController.jsx + src/store/useAppStore.js + src/data/roomSequence.js + src/utils/mediaUtils.js + src/utils/whatsappHelper.js","58853","true","7","27","67","204","36","HeartMailbox","text-rose-400 text-center bg-gradient-to-b from-red-600 to-rose-700 rounded-t-full border-4 border-rose-800 shadow-2xl bg-rose-950 rounded-full border-rose-900","4015d06896","NO","NO","Heart Mailbox uses HeartMailboxPage. Memory: Chau-Chau, Panipuri, momo, and the foods that became our language. Gift: a bouquet of words for your soft days. Voice: Samjhana, my Runchi, Abu made the Heart Mailbox room around Chau-Chau, Panipuri, momo, and the foods that became our language. The gift inside is not .","Chau-Chau, Panipuri, momo, and the foods that became our language","Your kindness is one of the reasons Abu keeps choosing you.","a bouquet of words for your soft days","Samjhana, my Runchi, Abu made the Heart Mailbox room around Chau-Chau, Panipuri, momo, and the foods that became our language. The gift inside is not ","This is a reminder that you are loved in the details. Your kindness is one of the reasons Abu keeps choosing you. This page is Abu’s a future postcard"
"107","107","/star-projector","Star Projector","StarProjectorPage","src/pages/StarProjectorPage.jsx + src/components/StarProjector.jsx + src/components/WorldShell.jsx + src/themes.js + src/components/AudioController.jsx + src/store/useAppStore.js + src/data/roomSequence.js + src/utils/mediaUtils.js + src/utils/whatsappHelper.js","56827","true","7","27","54","164","35","StarProjector","from-pink-500/40 via-purple-600/30 to-indigo-950 from-amber-400/40 via-yellow-500/30 to-slate-950 from-cyan-400/40 via-blue-600/30 from-emerald-400/40 via-teal-600/30 text-amber-300 text-center","553f16c57d","NO","NO","Star Projector uses StarProjectorPage. Memory: late-night video calls between Nepalgunj and Sakai, Osaka. Gift: a Bageshwori memory pressed between two pages. Voice: Samjhana, my Bebo, Abu made the Star Projector room around late-night video calls between Nepalgunj and Sakai, Osaka. This is a reminder that you are .","late-night video calls between Nepalgunj and Sakai, Osaka","You make ordinary food, ordinary calls, and ordinary rooms feel like memories.","a Bageshwori memory pressed between two pages","Samjhana, my Bebo, Abu made the Star Projector room around late-night video calls between Nepalgunj and Sakai, Osaka. This is a reminder that you are ","Open this when you miss Abu. You make ordinary food, ordinary calls, and ordinary rooms feel like memories. This page is Abu’s a quiet “open when” not"
"108","108","/cupcake-decorator","Cupcake Decorator","CupcakeDecoratorPage","src/pages/CupcakeDecoratorPage.jsx + src/components/CupcakeDecorator.jsx + src/components/WorldShell.jsx + src/themes.js + src/components/AudioController.jsx + src/store/useAppStore.js + src/data/roomSequence.js + src/utils/mediaUtils.js + src/utils/whatsappHelper.js","58481","true","7","27","58","171","36","CupcakeDecorator","from-pink-400 to-rose-500 text-pink-950 from-amber-700 to-amber-900 text-amber-100 from-amber-300 to-yellow-400 text-amber-950 from-cyan-400 to-blue-600 text-blue-950","76666e1846","NO","NO","Cupcake Decorator uses CupcakeDecoratorPage. Memory: the way you can be Sanzu, Bhuntu, Sanu, Babe, or Runchi and still be home. Gift: a bouquet of words for your soft days. Voice: Samjhana, my Bhoot, Abu made the Cupcake Decorator room around the way you can be Sanzu, Bhuntu, Sanu, Babe, or Runchi and still be home. The gift ins.","the way you can be Sanzu, Bhuntu, Sanu, Babe, or Runchi and still be home","You make Abu want to become gentler, steadier, and more worthy of your trust.","a bouquet of words for your soft days","Samjhana, my Bhoot, Abu made the Cupcake Decorator room around the way you can be Sanzu, Bhuntu, Sanu, Babe, or Runchi and still be home. The gift ins","This is a reminder that you are loved in the details. You make Abu want to become gentler, steadier, and more worthy of your trust. This page is Abu’s"
"109","109","/magnetic-poetry","Magnetic Poetry","MagneticPoetryPage","src/pages/MagneticPoetryPage.jsx + src/components/MagneticPoetry.jsx + src/components/WorldShell.jsx + src/themes.js + src/components/AudioController.jsx + src/store/useAppStore.js + src/data/roomSequence.js + src/utils/mediaUtils.js + src/utils/whatsappHelper.js","57216","true","7","27","60","167","35","MagneticPoetry","text-pink-400 text-center rounded-3xl bg-slate-900 border-4 border-amber-300/80 shadow-2xl bg-slate-950/60 text-pink-200 text-xs font-bold bg-black/50","f7b54b6ae3","NO","NO","Magnetic Poetry uses MagneticPoetryPage. Memory: the way you can be Sanzu, Bhuntu, Sanu, Babe, or Runchi and still be home. Gift: a memory ribbon tied to your favourite name. Voice: Samjhana, my Samjhana, Abu made the Magnetic Poetry room around the way you can be Sanzu, Bhuntu, Sanu, Babe, or Runchi and still be home. The secret .","the way you can be Sanzu, Bhuntu, Sanu, Babe, or Runchi and still be home","You make Abu want to become gentler, steadier, and more worthy of your trust.","a memory ribbon tied to your favourite name","Samjhana, my Samjhana, Abu made the Magnetic Poetry room around the way you can be Sanzu, Bhuntu, Sanu, Babe, or Runchi and still be home. The secret ","The gift inside is not expensive; it is specific to you. You make Abu want to become gentler, steadier, and more worthy of your trust. This page is Ab"
"110","110","/firework-maker","Firework Maker","FireworkMakerPage","src/pages/FireworkMakerPage.jsx + src/components/FireworkMaker.jsx","4603","true","0","0","6","7","2","FireworkMaker","design tokens not detected","f08b18461d","NO","NO","Firework Maker uses FireworkMakerPage. Memory: Chau-Chau, Panipuri, momo, and the foods that became our language. Gift: a Bageshwori memory pressed between two pages. Voice: Samjhana, my Bhoot, Abu made the Firework Maker room around Chau-Chau, Panipuri, momo, and the foods that became our language. This is a reminder that.","Chau-Chau, Panipuri, momo, and the foods that became our language","Your kindness is one of the reasons Abu keeps choosing you.","a Bageshwori memory pressed between two pages","Samjhana, my Bhoot, Abu made the Firework Maker room around Chau-Chau, Panipuri, momo, and the foods that became our language. This is a reminder that","Open this when you miss Abu. Your kindness is one of the reasons Abu keeps choosing you. This page is Abu’s a quiet “open when” note for your pocket f"
"111","111","/love-clock","Love Clock","LoveClockPage","src/pages/LoveClockPage.jsx + src/components/LoveClock.jsx + src/components/WorldShell.jsx + src/themes.js + src/store/useAppStore.js + src/data/roomSequence.js + src/components/AudioController.jsx + src/utils/mediaUtils.js + src/utils/whatsappHelper.js","59681","true","7","27","66","181","35","LoveClock","text-pink-400 text-center rounded-full border-4 border-amber-300 shadow-2xl bg-black/40 bg-white/20 bg-white/30 text-white text-[11px] font-bold","5bcc888679","NO","NO","Love Clock uses LoveClockPage. Memory: Chau-Chau, Panipuri, momo, and the foods that became our language. Gift: a memory ribbon tied to your favourite name. Voice: Samjhana, my Samjhana, Abu made the Love Clock room around Chau-Chau, Panipuri, momo, and the foods that became our language. The secret is simple: Ab.","Chau-Chau, Panipuri, momo, and the foods that became our language","Your kindness is one of the reasons Abu keeps choosing you.","a memory ribbon tied to your favourite name","Samjhana, my Samjhana, Abu made the Love Clock room around Chau-Chau, Panipuri, momo, and the foods that became our language. The secret is simple: Ab","The gift inside is not expensive; it is specific to you. Your kindness is one of the reasons Abu keeps choosing you. This page is Abu’s a soft landing"
"112","112","/polaroid-designer","Polaroid Designer","PolaroidDesignerPage","src/pages/PolaroidDesignerPage.jsx + src/components/PolaroidDesigner.jsx + src/components/WorldShell.jsx + src/themes.js + src/components/AudioController.jsx + src/store/useAppStore.js + src/data/roomSequence.js + src/utils/mediaUtils.js + src/utils/whatsappHelper.js","56610","true","7","27","57","167","37","PolaroidDesigner","text-rose-400 text-center bg-white rounded-3xl shadow-2xl border-4 border-gray-100 rounded-2xl border-2 border-gray-200 bg-black/30 shadow-inner","bc8cfe9ffe","NO","NO","Polaroid Designer uses PolaroidDesignerPage. Memory: the future light-blue scooter ride toward Bardiya. Gift: a memory ribbon tied to your favourite name. Voice: Samjhana, my Bebo, Abu made the Polaroid Designer room around the future light-blue scooter ride toward Bardiya. The secret is simple: Abu would still.","the future light-blue scooter ride toward Bardiya","Your voice can cross the Nepalgunj-to-Sakai distance faster than any flight.","a memory ribbon tied to your favourite name","Samjhana, my Bebo, Abu made the Polaroid Designer room around the future light-blue scooter ride toward Bardiya. The secret is simple: Abu would still","The gift inside is not expensive; it is specific to you. Your voice can cross the Nepalgunj-to-Sakai distance faster than any flight. This page is Abu"
"113","113","/origami-boat","Origami Boat","OrigamiBoatPage","src/pages/OrigamiBoatPage.jsx + src/components/OrigamiBoat.jsx + src/components/WorldShell.jsx + src/themes.js + src/components/AudioController.jsx + src/store/useAppStore.js + src/data/roomSequence.js + src/utils/mediaUtils.js + src/utils/whatsappHelper.js","56369","true","7","27","55","171","36","OrigamiBoat","text-cyan-400 text-center rounded-3xl bg-gradient-to-b from-sky-950 via-cyan-950 to-blue-950 border-4 border-cyan-400/60 shadow-2xl text-xs font-mono","4b2b33ed8d","NO","NO","Origami Boat uses OrigamiBoatPage. Memory: the way you can be Sanzu, Bhuntu, Sanu, Babe, or Runchi and still be home. Gift: a birthday blessing written in Abu’s handwriting. Voice: Samjhana, my Bhuntu, Abu made the Origami Boat room around the way you can be Sanzu, Bhuntu, Sanu, Babe, or Runchi and still be home. The gift inside .","the way you can be Sanzu, Bhuntu, Sanu, Babe, or Runchi and still be home","You make Abu want to become gentler, steadier, and more worthy of your trust.","a birthday blessing written in Abu’s handwriting","Samjhana, my Bhuntu, Abu made the Origami Boat room around the way you can be Sanzu, Bhuntu, Sanu, Babe, or Runchi and still be home. The gift inside ","This is a reminder that you are loved in the details. You make Abu want to become gentler, steadier, and more worthy of your trust. This page is Abu’s"
"114","114","/candle-blower","Candle Blower","CandleBlowerPage","src/pages/CandleBlowerPage.jsx + src/components/CandleBlower.jsx + src/components/WorldShell.jsx + src/themes.js + src/components/AudioController.jsx + src/store/useAppStore.js + src/data/roomSequence.js + src/utils/mediaUtils.js + src/utils/whatsappHelper.js","57048","true","7","27","58","175","43","CandleBlower","text-pink-400 text-center rounded-3xl bg-slate-950 border-4 border-amber-400/60 shadow-2xl text-3xl shadow-[0_0_12px_rgba text-sm bg-gradient-to-b from-pink-400","b404c39d7c","NO","NO","Candle Blower uses CandleBlowerPage. Memory: Chau-Chau, Panipuri, momo, and the foods that became our language. Gift: a promise map for the places we still want to see. Voice: Samjhana, my Fuchee, Abu made the Candle Blower room around Chau-Chau, Panipuri, momo, and the foods that became our language. Open this when you miss.","Chau-Chau, Panipuri, momo, and the foods that became our language","Your kindness is one of the reasons Abu keeps choosing you.","a promise map for the places we still want to see","Samjhana, my Fuchee, Abu made the Candle Blower room around Chau-Chau, Panipuri, momo, and the foods that became our language. Open this when you miss","The secret is simple: Abu would still choose you in every version of the story. Your kindness is one of the reasons Abu keeps choosing you. This page "
"115","115","/royal-crown","Royal Crown","RoyalCrownPage","src/pages/RoyalCrownPage.jsx + src/components/RoyalCrown.jsx + src/components/WorldShell.jsx + src/themes.js + src/components/AudioController.jsx + src/store/useAppStore.js + src/data/roomSequence.js + src/utils/mediaUtils.js + src/utils/whatsappHelper.js","56241","true","7","27","57","172","35","RoyalCrown","text-amber-400 text-center rounded-3xl bg-gradient-to-b from-amber-400 via-yellow-500 to-amber-600 border-4 border-white shadow-2xl text-6xl shadow-[0_0_20px_rgba","ad9a1fd8db","NO","NO","Royal Crown uses RoyalCrownPage. Memory: late-night video calls between Nepalgunj and Sakai, Osaka. Gift: a private letter from Abu. Voice: Samjhana, my Fuchee, Abu made the Royal Crown room around late-night video calls between Nepalgunj and Sakai, Osaka. This is a reminder that you are l.","late-night video calls between Nepalgunj and Sakai, Osaka","You make ordinary food, ordinary calls, and ordinary rooms feel like memories.","a private letter from Abu","Samjhana, my Fuchee, Abu made the Royal Crown room around late-night video calls between Nepalgunj and Sakai, Osaka. This is a reminder that you are l","Open this when you miss Abu. You make ordinary food, ordinary calls, and ordinary rooms feel like memories. This page is Abu’s a promise folded into a"
"116","116","/potion-brewery","Potion Brewery","LovePotionBreweryPage","src/pages/LovePotionBreweryPage.jsx + src/components/LovePotionBrewery.jsx","3554","true","0","0","4","8","2","LovePotionBrewery","design tokens not detected","24e573ba5a","NO","NO","Potion Brewery uses LovePotionBreweryPage. Memory: the way you can be Sanzu, Bhuntu, Sanu, Babe, or Runchi and still be home. Gift: a bouquet of words for your soft days. Voice: Samjhana, my Bhuntu, Abu made the Potion Brewery room around the way you can be Sanzu, Bhuntu, Sanu, Babe, or Runchi and still be home. The gift insid.","the way you can be Sanzu, Bhuntu, Sanu, Babe, or Runchi and still be home","You make Abu want to become gentler, steadier, and more worthy of your trust.","a bouquet of words for your soft days","Samjhana, my Bhuntu, Abu made the Potion Brewery room around the way you can be Sanzu, Bhuntu, Sanu, Babe, or Runchi and still be home. The gift insid","This is a reminder that you are loved in the details. You make Abu want to become gentler, steadier, and more worthy of your trust. This page is Abu’s"
"117","117","/love-compass","Love Compass","LoveCompassPage","src/pages/LoveCompassPage.jsx + src/components/LoveCompass.jsx + src/components/WorldShell.jsx + src/themes.js + src/components/AudioController.jsx + src/store/useAppStore.js + src/data/roomSequence.js + src/utils/mediaUtils.js + src/utils/whatsappHelper.js","57667","true","7","27","60","174","35","LoveCompass","text-pink-400 text-center rounded-full bg-white border-pink-200 shadow-sm text-xs font-bold text-rose-500 text-gray-700 text-lg text-[11px]","a891fa0854","NO","NO","Love Compass uses LoveCompassPage. Memory: Bageshwori Temple and the prayers we carried home. Gift: a voice-note moment for the nights you miss home. Voice: Samjhana, my Babe, Abu made the Love Compass room around Bageshwori Temple and the prayers we carried home. The secret is simple: Abu would still choo.","Bageshwori Temple and the prayers we carried home","Your smile makes Abu forget what he was worried about.","a voice-note moment for the nights you miss home","Samjhana, my Babe, Abu made the Love Compass room around Bageshwori Temple and the prayers we carried home. The secret is simple: Abu would still choo","The gift inside is not expensive; it is specific to you. Your smile makes Abu forget what he was worried about. This page is Abu’s a small surprise bo"
"118","118","/time-capsule-2","Time Capsule 2","BirthdayTimeCapsule2Page","src/pages/BirthdayTimeCapsule2Page.jsx + src/components/BirthdayTimeCapsule2.jsx + src/components/WorldShell.jsx + src/themes.js + src/components/AudioController.jsx + src/store/useAppStore.js + src/data/roomSequence.js + src/utils/mediaUtils.js + src/utils/whatsappHelper.js","56308","true","7","27","57","176","37","BirthdayTimeCapsule2","text-purple-400 text-center rounded-3xl bg-slate-950 border-4 border-purple-400/60 shadow-2xl rounded-full bg-purple-900/60 border-2 border-purple-400 text-3xl","d294e93ceb","NO","NO","Time Capsule 2 uses BirthdayTimeCapsule2Page. Memory: the way you can be Sanzu, Bhuntu, Sanu, Babe, or Runchi and still be home. Gift: a promise map for the places we still want to see. Voice: Samjhana, my Fuchee, Abu made the Time Capsule 2 room around the way you can be Sanzu, Bhuntu, Sanu, Babe, or Runchi and still be home. Open this when.","the way you can be Sanzu, Bhuntu, Sanu, Babe, or Runchi and still be home","You make Abu want to become gentler, steadier, and more worthy of your trust.","a promise map for the places we still want to see","Samjhana, my Fuchee, Abu made the Time Capsule 2 room around the way you can be Sanzu, Bhuntu, Sanu, Babe, or Runchi and still be home. Open this when","The secret is simple: Abu would still choose you in every version of the story. You make Abu want to become gentler, steadier, and more worthy of your"
"119","119","/love-compatibility-matrix","Love Compatibility Matrix","LoveCompatibilityMatrixPage","src/pages/LoveCompatibilityMatrixPage.jsx + src/components/LoveCompatibilityMatrix.jsx + src/components/WorldShell.jsx + src/themes.js + src/components/AudioController.jsx + src/store/useAppStore.js + src/data/roomSequence.js + src/utils/mediaUtils.js + src/utils/whatsappHelper.js","58936","true","7","27","61","179","36","LoveCompatibilityMatrix","text-pink-400 text-center rounded-3xl bg-slate-950 border-4 border-purple-400/60 shadow-2xl rounded-full bg-gradient-to-tr from-pink-500 to-rose-600 text-white","2b9d33a5d5","NO","NO","Love Compatibility Matrix uses LoveCompatibilityMatrixPage. Memory: the day “Abhay” became “Abu” because you made it yours. Gift: a future postcard from the light-blue scooter road. Voice: Samjhana, my Sanu, Abu made the Love Compatibility Matrix room around the day “Abhay” became “Abu” because you made it yours. Read this slowly, Sanu. .","the day “Abhay” became “Abu” because you made it yours","You are the person behind every name Abu says with a softer voice.","a future postcard from the light-blue scooter road","Samjhana, my Sanu, Abu made the Love Compatibility Matrix room around the day “Abhay” became “Abu” because you made it yours. Read this slowly, Sanu. ","This page is a soft place to land when your day is heavy. You are the person behind every name Abu says with a softer voice. This page is Abu’s a Bage"
"120","120","/future-house-builder","Future House Builder","FutureHouseBuilderPage","src/pages/FutureHouseBuilderPage.jsx + src/components/FutureHouseBuilder.jsx + src/components/WorldShell.jsx + src/themes.js + src/components/AudioController.jsx + src/store/useAppStore.js + src/data/roomSequence.js + src/utils/mediaUtils.js + src/utils/whatsappHelper.js","59793","true","7","27","58","171","35","FutureHouseBuilder","text-amber-600 text-center rounded-3xl border-4 shadow-2xl text-left border-b border-amber-900/10 text-sm font-extrabold text-amber-950 font-nepali","8af2be8579","NO","NO","Future House Builder uses FutureHouseBuilderPage. Memory: dropping you at the Language Institute before Japan. Gift: a quiet “open when” note for your pocket. Voice: Samjhana, my Sanu, Abu made the Future House Builder room around dropping you at the Language Institute before Japan. This page is a soft place to lan.","dropping you at the Language Institute before Japan","Your moods, your laugh, your quiet, and your Bhoot moments all belong to the girl Abu loves.","a quiet “open when” note for your pocket","Samjhana, my Sanu, Abu made the Future House Builder room around dropping you at the Language Institute before Japan. This page is a soft place to lan","A small surprise: Abu remembers more than he says. Your moods, your laugh, your quiet, and your Bhoot moments all belong to the girl Abu loves. This p"
"121","121","/romantic-playlist-mixer","Romantic Playlist Mixer","RomanticPlaylistMixerPage","src/pages/RomanticPlaylistMixerPage.jsx + src/components/RomanticPlaylistMixer.jsx + src/components/WorldShell.jsx + src/themes.js + src/components/AudioController.jsx + src/store/useAppStore.js + src/data/roomSequence.js + src/utils/mediaUtils.js + src/utils/whatsappHelper.js","55698","true","7","27","54","172","35","RomanticPlaylistMixer","text-pink-400 text-center rounded-3xl bg-slate-950 border-4 border-pink-400/60 shadow-2xl rounded-full bg-gradient-to-br from-gray-900 via-black to-gray-900","82f6aa9411","NO","NO","Romantic Playlist Mixer uses RomanticPlaylistMixerPage. Memory: the room-search conversation that started in Nepalgunj. Gift: a tiny cinema ticket for one moment Abu would replay. Voice: Samjhana, my Fuchee, Abu made the Romantic Playlist Mixer room around the room-search conversation that started in Nepalgunj. Read this slowly, Sanu. .","the room-search conversation that started in Nepalgunj","You are the best part of every future Abu imagines.","a tiny cinema ticket for one moment Abu would replay","Samjhana, my Fuchee, Abu made the Romantic Playlist Mixer room around the room-search conversation that started in Nepalgunj. Read this slowly, Sanu. ","This page is a soft place to land when your day is heavy. You are the best part of every future Abu imagines. This page is Abu’s a private letter from"
"122","122","/sweet-promises-jar","Sweet Promises Jar","SweetPromisesJarPage","src/pages/SweetPromisesJarPage.jsx + src/components/SweetPromisesJar.jsx + src/components/WorldShell.jsx + src/themes.js + src/components/AudioController.jsx + src/store/useAppStore.js + src/data/roomSequence.js + src/utils/mediaUtils.js + src/utils/whatsappHelper.js","56699","true","7","27","58","207","76","SweetPromisesJar","text-rose-500 text-center rounded-3xl bg-slate-950 border-4 border-rose-400/60 shadow-2xl rounded-full bg-rose-900/40 border-2 border-rose-400 text-4xl","7a38ca8434","NO","NO","Sweet Promises Jar uses SweetPromisesJarPage. Memory: the day “Abhay” became “Abu” because you made it yours. Gift: a tiny memory ticket from Nepalgunj. Voice: Samjhana, my Sanu, Abu made the Sweet Promises Jar room around the day “Abhay” became “Abu” because you made it yours. A small surprise: Abu remembers.","the day “Abhay” became “Abu” because you made it yours","You are the person behind every name Abu says with a softer voice.","a tiny memory ticket from Nepalgunj","Samjhana, my Sanu, Abu made the Sweet Promises Jar room around the day “Abhay” became “Abu” because you made it yours. A small surprise: Abu remembers","Keep this for the next time distance feels loud. You are the person behind every name Abu says with a softer voice. This page is Abu’s a voice-note mo"
"123","123","/love-languages-quiz","Love Languages Quiz","LoveLanguagesQuizPage","src/pages/LoveLanguagesQuizPage.jsx + src/components/LoveLanguagesQuiz.jsx + src/components/WorldShell.jsx + src/themes.js + src/components/AudioController.jsx + src/store/useAppStore.js + src/data/roomSequence.js + src/utils/mediaUtils.js + src/utils/whatsappHelper.js","56085","true","7","27","53","179","39","LoveLanguagesQuiz","text-rose-500 text-center rounded-3xl border-4 border-rose-300 shadow-2xl bg-black/40 bg-black/75 rounded-xl text-xs font-mono text-rose-200","eae18da5c9","NO","NO","Love Languages Quiz uses LoveLanguagesQuizPage. Memory: Water Park laughter and the day moving too quickly. Gift: a tiny cinema ticket for one moment Abu would replay. Voice: Samjhana, my Bhuntu, Abu made the Love Languages Quiz room around Water Park laughter and the day moving too quickly. Read this slowly, Sanu. It was m.","Water Park laughter and the day moving too quickly","Your “huss” can make a long day feel close again.","a tiny cinema ticket for one moment Abu would replay","Samjhana, my Bhuntu, Abu made the Love Languages Quiz room around Water Park laughter and the day moving too quickly. Read this slowly, Sanu. It was m","This page is a soft place to land when your day is heavy. Your “huss” can make a long day feel close again. This page is Abu’s a private letter from A"
"124","124","/emoji-art-canvas","Our Story in Small Symbols","EmojiArtCanvasPage","src/pages/EmojiArtCanvasPage.jsx + src/components/EmojiArtCanvas.jsx + src/components/WorldShell.jsx + src/themes.js + src/components/AudioController.jsx + src/store/useAppStore.js + src/data/roomSequence.js + src/utils/mediaUtils.js + src/utils/whatsappHelper.js","63972","true","7","27","71","172","51","EmojiArtCanvas","text-pink-500 rounded-3xl bg-gradient-to-br from-purple-950 via-slate-900 to-pink-950 border-2 border-pink-400/40 shadow-xl text-center text-xs font-mono","2a68277f3c","NO","NO","Our Story in Small Symbols uses EmojiArtCanvasPage. Memory: the day “Abhay” became “Abu” because you made it yours. Gift: a tiny cinema ticket for one moment Abu would replay. Voice: Samjhana, my Babe, Abu made the Emoji Art Canvas room around the day “Abhay” became “Abu” because you made it yours. Read this slowly, Sanu. It was ma.","the day “Abhay” became “Abu” because you made it yours","You are the person behind every name Abu says with a softer voice.","a tiny cinema ticket for one moment Abu would replay","Samjhana, my Babe, Abu made the Emoji Art Canvas room around the day “Abhay” became “Abu” because you made it yours. Read this slowly, Sanu. It was ma","This page is a soft place to land when your day is heavy. You are the person behind every name Abu says with a softer voice. This page is Abu’s a priv"
"125","125","/love-constellation-painter","Love Constellation Painter","LoveConstellationPainterPage","src/pages/LoveConstellationPainterPage.jsx + src/components/LoveConstellationPainter.jsx + src/components/WorldShell.jsx + src/themes.js + src/components/AudioController.jsx + src/store/useAppStore.js + src/data/roomSequence.js + src/utils/mediaUtils.js + src/utils/whatsappHelper.js","56814","true","7","27","58","174","36","LoveConstellationPainter","text-amber-300 text-center rounded-3xl bg-slate-950 border-4 border-amber-300/60 shadow-2xl rounded-full bg-amber-900/30 border-2 border-amber-300 text-4xl","e2e59caf62","NO","NO","Love Constellation Painter uses LoveConstellationPainterPage. Memory: the room-search conversation that started in Nepalgunj. Gift: a future postcard from the light-blue scooter road. Voice: Samjhana, my Bhoot, Abu made the Love Constellation Painter room around the room-search conversation that started in Nepalgunj. Read this slowly, Sanu.","the room-search conversation that started in Nepalgunj","You are the best part of every future Abu imagines.","a future postcard from the light-blue scooter road","Samjhana, my Bhoot, Abu made the Love Constellation Painter room around the room-search conversation that started in Nepalgunj. Read this slowly, Sanu","This page is a soft place to land when your day is heavy. You are the best part of every future Abu imagines. This page is Abu’s a Bageshwori memory p"
"126","126","/love-letter-generator","Love Letter Generator","LoveLetterGeneratorPage","src/pages/LoveLetterGeneratorPage.jsx + src/components/LoveLetterGenerator.jsx + src/components/WorldShell.jsx + src/themes.js + src/components/AudioController.jsx + src/store/useAppStore.js + src/data/roomSequence.js + src/utils/mediaUtils.js + src/utils/whatsappHelper.js","56226","true","7","27","54","193","36","LoveLetterGenerator","text-amber-700 text-center rounded-full text-xs font-bold bg-amber-800 text-amber-50 border-amber-800 shadow-md bg-white text-amber-800 border-amber-300","ff9ac999f7","NO","NO","Love Letter Generator uses LoveLetterGeneratorPage. Memory: dropping you at the Language Institute before Japan. Gift: a soft landing place for a difficult day. Voice: Samjhana, my Babe, Abu made the Love Letter Generator room around dropping you at the Language Institute before Japan. Keep this for the next time dis.","dropping you at the Language Institute before Japan","Your moods, your laugh, your quiet, and your Bhoot moments all belong to the girl Abu loves.","a soft landing place for a difficult day","Samjhana, my Babe, Abu made the Love Letter Generator room around dropping you at the Language Institute before Japan. Keep this for the next time dis","Read this slowly, Sanu. It was made for your exact heart. Your moods, your laugh, your quiet, and your Bhoot moments all belong to the girl Abu loves."
"127","127","/anniversary-countdown-clock","Anniversary Countdown Clock","AnniversaryCountdownClockPage","src/pages/AnniversaryCountdownClockPage.jsx + src/components/AnniversaryCountdownClock.jsx + src/components/WorldShell.jsx + src/themes.js + src/components/AudioController.jsx + src/store/useAppStore.js + src/data/roomSequence.js + src/utils/mediaUtils.js + src/utils/whatsappHelper.js","56076","true","7","27","55","164","35","AnniversaryCountdownClock","text-rose-500 text-center rounded-3xl border-4 border-amber-300 shadow-2xl bg-black/40 bg-black/75 rounded-xl text-xs font-mono text-amber-200","c1c99b7b67","NO","NO","Anniversary Countdown Clock uses AnniversaryCountdownClockPage. Memory: dropping you at the Language Institute before Japan. Gift: a soft landing place for a difficult day. Voice: Samjhana, my Bhuntu, Abu made the Anniversary Countdown Clock room around dropping you at the Language Institute before Japan. Keep this for the next .","dropping you at the Language Institute before Japan","Your moods, your laugh, your quiet, and your Bhoot moments all belong to the girl Abu loves.","a soft landing place for a difficult day","Samjhana, my Bhuntu, Abu made the Anniversary Countdown Clock room around dropping you at the Language Institute before Japan. Keep this for the next ","Read this slowly, Sanu. It was made for your exact heart. Your moods, your laugh, your quiet, and your Bhoot moments all belong to the girl Abu loves."
"128","128","/heart-bubble-tea-maker","Heart Bubble Tea Maker","HeartBubbleTeaMakerPage","src/pages/HeartBubbleTeaMakerPage.jsx + src/components/HeartBubbleTeaMaker.jsx + src/components/WorldShell.jsx + src/themes.js + src/components/AudioController.jsx + src/store/useAppStore.js + src/data/roomSequence.js + src/utils/mediaUtils.js + src/utils/whatsappHelper.js","57196","true","7","27","56","166","35","HeartBubbleTeaMaker","text-pink-500 text-center rounded-3xl bg-slate-950 border-4 border-pink-300 shadow-2xl rounded-2xl border-2 border-amber-300 shadow-md bg-black/40","d4afe2a0b7","NO","NO","Heart Bubble Tea Maker uses HeartBubbleTeaMakerPage. Memory: late-night video calls between Nepalgunj and Sakai, Osaka. Gift: a private letter from Abu. Voice: Samjhana, my Bhoot, Abu made the Heart Bubble Tea Maker room around late-night video calls between Nepalgunj and Sakai, Osaka. This is a reminder that.","late-night video calls between Nepalgunj and Sakai, Osaka","You make ordinary food, ordinary calls, and ordinary rooms feel like memories.","a private letter from Abu","Samjhana, my Bhoot, Abu made the Heart Bubble Tea Maker room around late-night video calls between Nepalgunj and Sakai, Osaka. This is a reminder that","Open this when you miss Abu. You make ordinary food, ordinary calls, and ordinary rooms feel like memories. This page is Abu’s a promise folded into a"
"129","129","/love-notes-wall","Love Notes Wall","LoveNotesWallPage","src/pages/LoveNotesWallPage.jsx + src/components/LoveNotesWall.jsx + src/components/WorldShell.jsx + src/themes.js + src/components/AudioController.jsx + src/store/useAppStore.js + src/data/roomSequence.js + src/utils/mediaUtils.js + src/utils/whatsappHelper.js","55434","true","7","27","54","176","37","LoveNotesWall","bg-pink-100 border-pink-300 text-pink-900 bg-amber-100 border-amber-300 text-amber-900 bg-purple-100 border-purple-300 text-purple-900 bg-rose-100 border-rose-300 text-rose-900","0611a71551","NO","NO","Love Notes Wall uses LoveNotesWallPage. Memory: the day “Abhay” became “Abu” because you made it yours. Gift: a small surprise box with one true thing inside. Voice: Samjhana, my Bebo, Abu made the Love Notes Wall room around the day “Abhay” became “Abu” because you made it yours. Keep this for the next time distan.","the day “Abhay” became “Abu” because you made it yours","You are the person behind every name Abu says with a softer voice.","a small surprise box with one true thing inside","Samjhana, my Bebo, Abu made the Love Notes Wall room around the day “Abhay” became “Abu” because you made it yours. Keep this for the next time distan","Read this slowly, Sanu. It was made for your exact heart. You are the person behind every name Abu says with a softer voice. This page is Abu’s a birt"
"130","130","/virtual-cat-cafe","Virtual Cat Cafe","VirtualCatCafePage","src/pages/VirtualCatCafePage.jsx + src/components/VirtualCatCafe.jsx + src/components/WorldShell.jsx + src/themes.js + src/components/AudioController.jsx + src/store/useAppStore.js + src/data/roomSequence.js + src/utils/mediaUtils.js + src/utils/whatsappHelper.js","55770","true","7","27","55","168","37","VirtualCatCafe","text-pink-500 text-center rounded-3xl bg-slate-950 border-4 border-pink-300 shadow-2xl rounded-2xl border-2 border-amber-300 shadow-xl bg-black/40","757e72c1fa","NO","NO","Virtual Cat Cafe uses VirtualCatCafePage. Memory: dropping you at the Language Institute before Japan. Gift: a promise folded into a keepsake card. Voice: Samjhana, my Bhoot, Abu made the Virtual Cat Cafe room around dropping you at the Language Institute before Japan. This page is a soft place to land w.","dropping you at the Language Institute before Japan","Your moods, your laugh, your quiet, and your Bhoot moments all belong to the girl Abu loves.","a promise folded into a keepsake card","Samjhana, my Bhoot, Abu made the Virtual Cat Cafe room around dropping you at the Language Institute before Japan. This page is a soft place to land w","A small surprise: Abu remembers more than he says. Your moods, your laugh, your quiet, and your Bhoot moments all belong to the girl Abu loves. This p"
"131","131","/sweet-proposal-simulator","Sweet Proposal Simulator","SweetProposalSimulatorPage","src/pages/SweetProposalSimulatorPage.jsx + src/components/SweetProposalSimulator.jsx + src/components/WorldShell.jsx + src/themes.js + src/components/AudioController.jsx + src/store/useAppStore.js + src/data/roomSequence.js + src/utils/mediaUtils.js + src/utils/whatsappHelper.js","57945","true","7","27","60","167","36","SweetProposalSimulator","text-rose-500 text-center rounded-3xl bg-white border-pink-200 shadow-xl text-left text-xs font-bold text-gray-700 font-ui rounded-xl","b03401bf75","NO","NO","Sweet Proposal Simulator uses SweetProposalSimulatorPage. Memory: the room-search conversation that started in Nepalgunj. Gift: a tiny cinema ticket for one moment Abu would replay. Voice: Samjhana, my Babe, Abu made the Sweet Proposal Simulator room around the room-search conversation that started in Nepalgunj. Read this slowly, Sanu. I.","the room-search conversation that started in Nepalgunj","You are the best part of every future Abu imagines.","a tiny cinema ticket for one moment Abu would replay","Samjhana, my Babe, Abu made the Sweet Proposal Simulator room around the room-search conversation that started in Nepalgunj. Read this slowly, Sanu. I","This page is a soft place to land when your day is heavy. You are the best part of every future Abu imagines. This page is Abu’s a private letter from"
"132","132","/love-frequency-tuner","Love Frequency Tuner","LoveFrequencyTunerPage","src/pages/LoveFrequencyTunerPage.jsx + src/components/LoveFrequencyTuner.jsx + src/components/WorldShell.jsx + src/themes.js + src/components/AudioController.jsx + src/store/useAppStore.js + src/data/roomSequence.js + src/utils/mediaUtils.js + src/utils/whatsappHelper.js","65008","true","7","27","80","180","36","LoveFrequencyTuner","rounded-sm text-amber-400 rounded-3xl border-2 border-stone-600 bg-stone-500 rounded-2xl border-stone-700 text-white text-xs font-mono font-bold","735d9f9764","NO","NO","Love Frequency Tuner uses LoveFrequencyTunerPage. Memory: the room-search conversation that started in Nepalgunj. Gift: a promise folded into a keepsake card. Voice: Samjhana, my Samjhana, Abu made the Love Frequency Tuner room around the room-search conversation that started in Nepalgunj. This page is a soft place.","the room-search conversation that started in Nepalgunj","You are the best part of every future Abu imagines.","a promise folded into a keepsake card","Samjhana, my Samjhana, Abu made the Love Frequency Tuner room around the room-search conversation that started in Nepalgunj. This page is a soft place","A small surprise: Abu remembers more than he says. You are the best part of every future Abu imagines. This page is Abu’s a compliment saved for your "
"133","133","/couples-secret-handshake","Couples Secret Handshake","CouplesSecretHandshakePage","src/pages/CouplesSecretHandshakePage.jsx + src/components/CouplesSecretHandshake.jsx + src/components/WorldShell.jsx + src/themes.js + src/components/AudioController.jsx + src/store/useAppStore.js + src/data/roomSequence.js + src/utils/mediaUtils.js + src/utils/whatsappHelper.js","56669","true","7","27","59","164","35","CouplesSecretHandshake","text-rose-500 text-center rounded-3xl bg-slate-950 border-4 border-rose-400 shadow-2xl rounded-2xl border-2 border-amber-300 shadow-xl bg-black/40","082262f35f","NO","NO","Couples Secret Handshake uses CouplesSecretHandshakePage. Memory: the dream of Pokhara, Manang, and Mustang waiting for us. Gift: a tiny memory ticket from Nepalgunj. Voice: Samjhana, my Sanu, Abu made the Couples Secret Handshake room around the dream of Pokhara, Manang, and Mustang waiting for us. A small surprise: Abu r.","the dream of Pokhara, Manang, and Mustang waiting for us","You are beautiful in the moments you never think to pose for.","a tiny memory ticket from Nepalgunj","Samjhana, my Sanu, Abu made the Couples Secret Handshake room around the dream of Pokhara, Manang, and Mustang waiting for us. A small surprise: Abu r","Keep this for the next time distance feels loud. You are beautiful in the moments you never think to pose for. This page is Abu’s a voice-note moment "
"134","134","/starry-night-skywriter","Starry Night Skywriter","StarryNightSkywriterPage","src/pages/StarryNightSkywriterPage.jsx + src/components/StarryNightSkywriter.jsx + src/components/WorldShell.jsx + src/themes.js + src/components/AudioController.jsx + src/store/useAppStore.js + src/data/roomSequence.js + src/utils/mediaUtils.js + src/utils/whatsappHelper.js","56518","true","7","27","58","169","46","StarryNightSkywriter","text-sky-400 text-center rounded-3xl bg-slate-950 border-4 border-sky-400/60 shadow-2xl rounded-full bg-sky-900/30 border-2 border-sky-300 text-4xl","81bbe8ef62","NO","NO","Starry Night Skywriter uses StarryNightSkywriterPage. Memory: the dream of Pokhara, Manang, and Mustang waiting for us. Gift: a quiet “open when” note for your pocket. Voice: Samjhana, my Samjhana, Abu made the Starry Night Skywriter room around the dream of Pokhara, Manang, and Mustang waiting for us. This page is a soft p.","the dream of Pokhara, Manang, and Mustang waiting for us","You are beautiful in the moments you never think to pose for.","a quiet “open when” note for your pocket","Samjhana, my Samjhana, Abu made the Starry Night Skywriter room around the dream of Pokhara, Manang, and Mustang waiting for us. This page is a soft p","A small surprise: Abu remembers more than he says. You are beautiful in the moments you never think to pose for. This page is Abu’s a promise map for "
"135","135","/romantic-cooking-recipe","Romantic Cooking Recipe","RomanticCookingRecipePage","src/pages/RomanticCookingRecipePage.jsx + src/components/RomanticCookingRecipe.jsx + src/components/WorldShell.jsx + src/themes.js + src/components/AudioController.jsx + src/store/useAppStore.js + src/data/roomSequence.js + src/utils/mediaUtils.js + src/utils/whatsappHelper.js","56344","true","7","27","59","165","35","RomanticCookingRecipe","text-amber-500 text-center rounded-3xl bg-white border-4 border-amber-400 shadow-2xl text-6xl text-base font-extrabold text-amber-950 text-xs","10ea2377e4","NO","NO","Romantic Cooking Recipe uses RomanticCookingRecipePage. Memory: dropping you at the Language Institute before Japan. Gift: a tiny memory ticket from Nepalgunj. Voice: Samjhana, my Babe, Abu made the Romantic Cooking Recipe room around dropping you at the Language Institute before Japan. A small surprise: Abu remembe.","dropping you at the Language Institute before Japan","Your moods, your laugh, your quiet, and your Bhoot moments all belong to the girl Abu loves.","a tiny memory ticket from Nepalgunj","Samjhana, my Babe, Abu made the Romantic Cooking Recipe room around dropping you at the Language Institute before Japan. A small surprise: Abu remembe","Keep this for the next time distance feels loud. Your moods, your laugh, your quiet, and your Bhoot moments all belong to the girl Abu loves. This pag"
"136","136","/love-vault-combination","Love Vault Combination","LoveVaultCombinationPage","src/pages/LoveVaultCombinationPage.jsx + src/components/LoveVaultCombination.jsx + src/components/WorldShell.jsx + src/themes.js + src/components/AudioController.jsx + src/store/useAppStore.js + src/data/roomSequence.js + src/utils/mediaUtils.js + src/utils/whatsappHelper.js","56309","true","7","27","58","173","37","LoveVaultCombination","text-amber-400 text-center rounded-3xl bg-slate-950 border-4 border-amber-500 shadow-2xl rounded-full bg-gradient-to-tr from-amber-500 to-amber-700 text-white","90b1168eae","NO","NO","Love Vault Combination uses LoveVaultCombinationPage. Memory: dropping you at the Language Institute before Japan. Gift: a small surprise box with one true thing inside. Voice: Samjhana, my Runchi, Abu made the Love Vault Combination room around dropping you at the Language Institute before Japan. Keep this for the next time .","dropping you at the Language Institute before Japan","Your moods, your laugh, your quiet, and your Bhoot moments all belong to the girl Abu loves.","a small surprise box with one true thing inside","Samjhana, my Runchi, Abu made the Love Vault Combination room around dropping you at the Language Institute before Japan. Keep this for the next time ","Read this slowly, Sanu. It was made for your exact heart. Your moods, your laugh, your quiet, and your Bhoot moments all belong to the girl Abu loves."
"137","137","/sweet-voicemail-inbox","Sweet Voicemail Inbox","SweetVoicemailInboxPage","src/pages/SweetVoicemailInboxPage.jsx + src/components/SweetVoicemailInbox.jsx + src/components/WorldShell.jsx + src/themes.js + src/components/AudioController.jsx + src/store/useAppStore.js + src/data/roomSequence.js + src/utils/mediaUtils.js + src/utils/whatsappHelper.js","56062","true","7","27","54","170","39","SweetVoicemailInbox","text-purple-400 text-center rounded-3xl border-4 border-purple-300 shadow-2xl bg-black/40 bg-black/75 rounded-xl text-xs font-mono text-purple-200","57bb25417d","NO","NO","Sweet Voicemail Inbox uses SweetVoicemailInboxPage. Memory: the dream of Pokhara, Manang, and Mustang waiting for us. Gift: a soft landing place for a difficult day. Voice: Samjhana, my Bhoot, Abu made the Sweet Voicemail Inbox room around the dream of Pokhara, Manang, and Mustang waiting for us. Keep this for the next ti.","the dream of Pokhara, Manang, and Mustang waiting for us","You are beautiful in the moments you never think to pose for.","a soft landing place for a difficult day","Samjhana, my Bhoot, Abu made the Sweet Voicemail Inbox room around the dream of Pokhara, Manang, and Mustang waiting for us. Keep this for the next ti","Read this slowly, Sanu. It was made for your exact heart. You are beautiful in the moments you never think to pose for. This page is Abu’s a bouquet o"
"138","138","/couple-daily-horoscope","Couple Daily Horoscope","CoupleDailyHoroscopePage","src/pages/CoupleDailyHoroscopePage.jsx + src/components/CoupleDailyHoroscope.jsx + src/components/WorldShell.jsx + src/themes.js + src/components/AudioController.jsx + src/store/useAppStore.js + src/data/roomSequence.js + src/utils/mediaUtils.js + src/utils/whatsappHelper.js","56779","true","7","27","58","168","38","CoupleDailyHoroscope","text-purple-300 text-center rounded-3xl bg-slate-950 border-4 border-purple-400/60 shadow-2xl rounded-full bg-purple-900/40 border-2 border-purple-300 text-4xl","dd7ec4c3dc","NO","NO","Couple Daily Horoscope uses CoupleDailyHoroscopePage. Memory: the room-search conversation that started in Nepalgunj. Gift: a Sakai-to-Nepalgunj distance token. Voice: Samjhana, my Sanzu, Abu made the Couple Daily Horoscope room around the room-search conversation that started in Nepalgunj. A small surprise: Abu reme.","the room-search conversation that started in Nepalgunj","You are the best part of every future Abu imagines.","a Sakai-to-Nepalgunj distance token","Samjhana, my Sanzu, Abu made the Couple Daily Horoscope room around the room-search conversation that started in Nepalgunj. A small surprise: Abu reme","Keep this for the next time distance feels loud. You are the best part of every future Abu imagines. This page is Abu’s a memory ribbon tied to your f"
"139","139","/love-meteor-shower","Love Meteor Shower","LoveMeteorShowerPage","src/pages/LoveMeteorShowerPage.jsx + src/components/LoveMeteorShower.jsx + src/components/WorldShell.jsx + src/themes.js + src/components/AudioController.jsx + src/store/useAppStore.js + src/data/roomSequence.js + src/utils/mediaUtils.js + src/utils/whatsappHelper.js","55732","true","7","27","55","168","53","LoveMeteorShower","text-pink-400 text-center rounded-3xl bg-slate-950 border-4 border-pink-400/60 shadow-2xl rounded-2xl border-2 border-amber-300 shadow-xl bg-black/40","e0de2664d8","NO","NO","Love Meteor Shower uses LoveMeteorShowerPage. Memory: the dream of Pokhara, Manang, and Mustang waiting for us. Gift: a Sakai-to-Nepalgunj distance token. Voice: Samjhana, my Runchi, Abu made the Love Meteor Shower room around the dream of Pokhara, Manang, and Mustang waiting for us. A small surprise: Abu remem.","the dream of Pokhara, Manang, and Mustang waiting for us","You are beautiful in the moments you never think to pose for.","a Sakai-to-Nepalgunj distance token","Samjhana, my Runchi, Abu made the Love Meteor Shower room around the dream of Pokhara, Manang, and Mustang waiting for us. A small surprise: Abu remem","Keep this for the next time distance feels loud. You are beautiful in the moments you never think to pose for. This page is Abu’s a memory ribbon tied"
"140","140","/sweet-tea-ceremony","Sweet Tea Ceremony","SweetTeaCeremonyPage","src/pages/SweetTeaCeremonyPage.jsx + src/components/SweetTeaCeremony.jsx + src/components/WorldShell.jsx + src/themes.js + src/components/AudioController.jsx + src/store/useAppStore.js + src/data/roomSequence.js + src/utils/mediaUtils.js + src/utils/whatsappHelper.js","56817","true","7","27","59","165","36","SweetTeaCeremony","text-amber-600 text-center rounded-3xl bg-slate-950 border-4 border-amber-500 shadow-2xl rounded-2xl border-2 border-amber-300 shadow-xl bg-black/40","2b8e546f40","NO","NO","Sweet Tea Ceremony uses SweetTeaCeremonyPage. Memory: the dream of Pokhara, Manang, and Mustang waiting for us. Gift: a small surprise box with one true thing inside. Voice: Samjhana, my Fuchee, Abu made the Sweet Tea Ceremony room around the dream of Pokhara, Manang, and Mustang waiting for us. Keep this for the next time.","the dream of Pokhara, Manang, and Mustang waiting for us","You are beautiful in the moments you never think to pose for.","a small surprise box with one true thing inside","Samjhana, my Fuchee, Abu made the Sweet Tea Ceremony room around the dream of Pokhara, Manang, and Mustang waiting for us. Keep this for the next time","Read this slowly, Sanu. It was made for your exact heart. You are beautiful in the moments you never think to pose for. This page is Abu’s a birthday "
"141","141","/couple-nickname-generator","Couple Nickname Generator","CoupleNicknameGeneratorPage","src/pages/CoupleNicknameGeneratorPage.jsx + src/components/CoupleNicknameGenerator.jsx + src/components/WorldShell.jsx + src/themes.js + src/components/AudioController.jsx + src/store/useAppStore.js + src/data/roomSequence.js + src/utils/mediaUtils.js + src/utils/whatsappHelper.js","55397","true","7","27","56","166","35","CoupleNicknameGenerator","text-pink-400 text-center rounded-3xl bg-slate-950 border-4 border-pink-400 shadow-2xl rounded-2xl border-2 border-amber-300 shadow-xl bg-black/40","e2ea71f81c","NO","NO","Couple Nickname Generator uses CoupleNicknameGeneratorPage. Memory: the dream of Pokhara, Manang, and Mustang waiting for us. Gift: a promise folded into a keepsake card. Voice: Samjhana, my Fuchee, Abu made the Couple Nickname Generator room around the dream of Pokhara, Manang, and Mustang waiting for us. This page is a soft .","the dream of Pokhara, Manang, and Mustang waiting for us","You are beautiful in the moments you never think to pose for.","a promise folded into a keepsake card","Samjhana, my Fuchee, Abu made the Couple Nickname Generator room around the dream of Pokhara, Manang, and Mustang waiting for us. This page is a soft ","A small surprise: Abu remembers more than he says. You are beautiful in the moments you never think to pose for. This page is Abu’s a compliment saved"
"142","142","/love-rhythm-game","Love Rhythm Game","LoveRhythmGamePage","src/pages/LoveRhythmGamePage.jsx + src/components/LoveRhythmGame.jsx + src/components/WorldShell.jsx + src/themes.js + src/components/AudioController.jsx + src/store/useAppStore.js + src/data/roomSequence.js + src/utils/mediaUtils.js + src/utils/whatsappHelper.js","54533","true","7","27","55","171","36","LoveRhythmGame","text-pink-400 text-center rounded-3xl bg-slate-950 border-4 border-rose-400 shadow-2xl rounded-2xl border-2 border-amber-300 shadow-xl bg-black/40","d9ef636d43","NO","NO","Love Rhythm Game uses LoveRhythmGamePage. Memory: dropping you at the Language Institute before Japan. Gift: a tiny cinema ticket for one moment Abu would replay. Voice: Samjhana, my Runchi, Abu made the Love Rhythm Game room around dropping you at the Language Institute before Japan. Read this slowly, Sanu. It was mad.","dropping you at the Language Institute before Japan","Your moods, your laugh, your quiet, and your Bhoot moments all belong to the girl Abu loves.","a tiny cinema ticket for one moment Abu would replay","Samjhana, my Runchi, Abu made the Love Rhythm Game room around dropping you at the Language Institute before Japan. Read this slowly, Sanu. It was mad","This page is a soft place to land when your day is heavy. Your moods, your laugh, your quiet, and your Bhoot moments all belong to the girl Abu loves."
"143","143","/sweet-dessert-tower","Sweet Dessert Tower","SweetDessertTowerPage","src/pages/SweetDessertTowerPage.jsx + src/components/SweetDessertTower.jsx + src/components/WorldShell.jsx + src/themes.js + src/components/AudioController.jsx + src/store/useAppStore.js + src/data/roomSequence.js + src/utils/mediaUtils.js + src/utils/whatsappHelper.js","55916","true","7","27","57","163","35","SweetDessertTower","text-pink-500 text-center rounded-3xl bg-slate-950 border-4 border-pink-300 shadow-2xl rounded-2xl border-2 border-amber-300 shadow-xl bg-black/40","3125797c09","NO","NO","Sweet Dessert Tower uses SweetDessertTowerPage. Memory: the day “Abhay” became “Abu” because you made it yours. Gift: a future postcard from the light-blue scooter road. Voice: Samjhana, my Babe, Abu made the Sweet Dessert Tower room around the day “Abhay” became “Abu” because you made it yours. Read this slowly, Sanu. It was.","the day “Abhay” became “Abu” because you made it yours","You are the person behind every name Abu says with a softer voice.","a future postcard from the light-blue scooter road","Samjhana, my Babe, Abu made the Sweet Dessert Tower room around the day “Abhay” became “Abu” because you made it yours. Read this slowly, Sanu. It was","This page is a soft place to land when your day is heavy. You are the person behind every name Abu says with a softer voice. This page is Abu’s a Bage"
"144","144","/love-poetry-fridge","Love Poetry Fridge","LovePoetryFridgePage","src/pages/LovePoetryFridgePage.jsx + src/components/LovePoetryFridge.jsx + src/components/WorldShell.jsx + src/themes.js + src/components/AudioController.jsx + src/store/useAppStore.js + src/data/roomSequence.js + src/utils/mediaUtils.js + src/utils/whatsappHelper.js","55226","true","7","27","53","171","35","LovePoetryFridge","text-amber-500 text-center rounded-3xl bg-slate-950 border-4 border-slate-400 shadow-2xl rounded-2xl border-2 border-amber-300 shadow-md bg-black/40","fe295096a9","NO","NO","Love Poetry Fridge uses LovePoetryFridgePage. Memory: the dream of Pokhara, Manang, and Mustang waiting for us. Gift: a quiet “open when” note for your pocket. Voice: Samjhana, my Runchi, Abu made the Love Poetry Fridge room around the dream of Pokhara, Manang, and Mustang waiting for us. This page is a soft place t.","the dream of Pokhara, Manang, and Mustang waiting for us","You are beautiful in the moments you never think to pose for.","a quiet “open when” note for your pocket","Samjhana, my Runchi, Abu made the Love Poetry Fridge room around the dream of Pokhara, Manang, and Mustang waiting for us. This page is a soft place t","A small surprise: Abu remembers more than he says. You are beautiful in the moments you never think to pose for. This page is Abu’s a promise map for "
"145","145","/couple-travel-passport-stamps","Couple Travel Passport Stamps","CoupleTravelPassportStampsPage","src/pages/CoupleTravelPassportStampsPage.jsx + src/components/CoupleTravelPassportStamps.jsx + src/components/WorldShell.jsx + src/themes.js + src/components/AudioController.jsx + src/store/useAppStore.js + src/data/roomSequence.js + src/utils/mediaUtils.js + src/utils/whatsappHelper.js","56497","true","7","27","56","171","35","CoupleTravelPassportStamps","text-blue-400 text-center rounded-3xl bg-slate-950 border-4 border-blue-400 shadow-2xl rounded-2xl border-2 border-amber-300 shadow-xl bg-black/40","7867762d5b","NO","NO","Couple Travel Passport Stamps uses CoupleTravelPassportStampsPage. Memory: the way you can be Sanzu, Bhuntu, Sanu, Babe, or Runchi and still be home. Gift: a Bageshwori memory pressed between two pages. Voice: Samjhana, my Babe, Abu made the Couple Travel Passport Stamps room around the way you can be Sanzu, Bhuntu, Sanu, Babe, or Runchi and still be home. T.","the way you can be Sanzu, Bhuntu, Sanu, Babe, or Runchi and still be home","You make Abu want to become gentler, steadier, and more worthy of your trust.","a Bageshwori memory pressed between two pages","Samjhana, my Babe, Abu made the Couple Travel Passport Stamps room around the way you can be Sanzu, Bhuntu, Sanu, Babe, or Runchi and still be home. T","Open this when you miss Abu. You make Abu want to become gentler, steadier, and more worthy of your trust. This page is Abu’s a quiet “open when” note"
"146","146","/love-firework-painter","Love Firework Painter","LoveFireworkPainterPage","src/pages/LoveFireworkPainterPage.jsx + src/components/LoveFireworkPainter.jsx + src/components/WorldShell.jsx + src/themes.js + src/components/AudioController.jsx + src/store/useAppStore.js + src/data/roomSequence.js + src/utils/mediaUtils.js + src/utils/whatsappHelper.js","56555","true","7","27","58","170","35","LoveFireworkPainter","text-amber-300 text-center rounded-3xl bg-slate-950 border-4 border-amber-400/60 shadow-2xl rounded-full bg-amber-900/30 border-2 border-amber-300 text-4xl","1428f08a3a","NO","NO","Love Firework Painter uses LoveFireworkPainterPage. Memory: the room-search conversation that started in Nepalgunj. Gift: a soft landing place for a difficult day. Voice: Samjhana, my Samjhana, Abu made the Love Firework Painter room around the room-search conversation that started in Nepalgunj. Keep this for the next t.","the room-search conversation that started in Nepalgunj","You are the best part of every future Abu imagines.","a soft landing place for a difficult day","Samjhana, my Samjhana, Abu made the Love Firework Painter room around the room-search conversation that started in Nepalgunj. Keep this for the next t","Read this slowly, Sanu. It was made for your exact heart. You are the best part of every future Abu imagines. This page is Abu’s a bouquet of words fo"
"147","147","/couple-questions-deep","Couple Questions Deep","CoupleQuestionsDeepPage","src/pages/CoupleQuestionsDeepPage.jsx + src/components/CoupleQuestionsDeep.jsx + src/components/WorldShell.jsx + src/themes.js + src/components/AudioController.jsx + src/store/useAppStore.js + src/data/roomSequence.js + src/utils/mediaUtils.js + src/utils/whatsappHelper.js","55486","true","7","27","54","165","39","CoupleQuestionsDeep","text-purple-500 text-center rounded-3xl bg-slate-950 border-4 border-purple-400 shadow-2xl rounded-2xl border-2 border-amber-300 shadow-xl bg-black/40","1f6bccee61","NO","NO","Couple Questions Deep uses CoupleQuestionsDeepPage. Memory: the day “Abhay” became “Abu” because you made it yours. Gift: a soft landing place for a difficult day. Voice: Samjhana, my Babe, Abu made the Couple Questions Deep room around the day “Abhay” became “Abu” because you made it yours. Keep this for the next time .","the day “Abhay” became “Abu” because you made it yours","You are the person behind every name Abu says with a softer voice.","a soft landing place for a difficult day","Samjhana, my Babe, Abu made the Couple Questions Deep room around the day “Abhay” became “Abu” because you made it yours. Keep this for the next time ","Read this slowly, Sanu. It was made for your exact heart. You are the person behind every name Abu says with a softer voice. This page is Abu’s a bouq"
"148","148","/love-music-box-carousel","Love Music Box Carousel","LoveMusicBoxCarouselPage","src/pages/LoveMusicBoxCarouselPage.jsx + src/components/LoveMusicBoxCarousel.jsx + src/components/WorldShell.jsx + src/themes.js + src/components/AudioController.jsx + src/store/useAppStore.js + src/data/roomSequence.js + src/utils/mediaUtils.js + src/utils/whatsappHelper.js","55510","true","7","27","54","166","36","LoveMusicBoxCarousel","text-pink-400 text-center rounded-3xl bg-slate-950 border-4 border-pink-400 shadow-2xl rounded-2xl border-2 border-amber-300 shadow-xl bg-black/40","7c7b9bc97e","NO","NO","Love Music Box Carousel uses LoveMusicBoxCarouselPage. Memory: the way you can be Sanzu, Bhuntu, Sanu, Babe, or Runchi and still be home. Gift: a voice-note moment for the nights you miss home. Voice: Samjhana, my Sanzu, Abu made the Love Music Box Carousel room around the way you can be Sanzu, Bhuntu, Sanu, Babe, or Runchi and still be home. The se.","the way you can be Sanzu, Bhuntu, Sanu, Babe, or Runchi and still be home","You make Abu want to become gentler, steadier, and more worthy of your trust.","a voice-note moment for the nights you miss home","Samjhana, my Sanzu, Abu made the Love Music Box Carousel room around the way you can be Sanzu, Bhuntu, Sanu, Babe, or Runchi and still be home. The se","The gift inside is not expensive; it is specific to you. You make Abu want to become gentler, steadier, and more worthy of your trust. This page is Ab"
"149","149","/sweet-compliments-fountain","Sweet Compliments Fountain","SweetComplimentsFountainPage","src/pages/SweetComplimentsFountainPage.jsx + src/components/SweetComplimentsFountain.jsx + src/components/WorldShell.jsx + src/themes.js + src/components/AudioController.jsx + src/store/useAppStore.js + src/data/roomSequence.js + src/utils/mediaUtils.js + src/utils/whatsappHelper.js","55850","true","7","27","56","163","64","SweetComplimentsFountain","text-sky-400 text-center rounded-3xl bg-slate-950 border-4 border-sky-400/60 shadow-2xl rounded-2xl border-2 border-amber-300 shadow-xl bg-black/40","ba456e4ffa","NO","NO","Sweet Compliments Fountain uses SweetComplimentsFountainPage. Memory: the day “Abhay” became “Abu” because you made it yours. Gift: a Sakai-to-Nepalgunj distance token. Voice: Samjhana, my Babe, Abu made the Sweet Compliments Fountain room around the day “Abhay” became “Abu” because you made it yours. A small surprise: Abu r.","the day “Abhay” became “Abu” because you made it yours","You are the person behind every name Abu says with a softer voice.","a Sakai-to-Nepalgunj distance token","Samjhana, my Babe, Abu made the Sweet Compliments Fountain room around the day “Abhay” became “Abu” because you made it yours. A small surprise: Abu r","Keep this for the next time distance feels loud. You are the person behind every name Abu says with a softer voice. This page is Abu’s a memory ribbon"
"150","150","/couple-movie-night","Couple Movie Night","CoupleMovieNightPage","src/pages/CoupleMovieNightPage.jsx + src/components/CoupleMovieNight.jsx + src/components/WorldShell.jsx + src/themes.js + src/components/AudioController.jsx + src/store/useAppStore.js + src/data/roomSequence.js + src/utils/mediaUtils.js + src/utils/whatsappHelper.js","55817","true","7","27","56","164","36","CoupleMovieNight","text-rose-500 text-center rounded-3xl border-4 shadow-2xl bg-slate-950 border-rose-500 bg-slate-900 border-slate-700 rounded-2xl border-2 border-amber-300","86bdd90dc7","NO","NO","Couple Movie Night uses CoupleMovieNightPage. Memory: Water Park laughter and the day moving too quickly. Gift: a quiet “open when” note for your pocket. Voice: Samjhana, my Sanu, Abu made the Couple Movie Night room around Water Park laughter and the day moving too quickly. This page is a soft place to land w.","Water Park laughter and the day moving too quickly","Your “huss” can make a long day feel close again.","a quiet “open when” note for your pocket","Samjhana, my Sanu, Abu made the Couple Movie Night room around Water Park laughter and the day moving too quickly. This page is a soft place to land w","A small surprise: Abu remembers more than he says. Your “huss” can make a long day feel close again. This page is Abu’s a promise map for the places w"
"151","151","/love-keychain-customizer","Love Keychain Customizer","LoveKeychainCustomizerPage","src/pages/LoveKeychainCustomizerPage.jsx + src/components/LoveKeychainCustomizer.jsx + src/components/WorldShell.jsx + src/themes.js + src/components/AudioController.jsx + src/store/useAppStore.js + src/data/roomSequence.js + src/utils/mediaUtils.js + src/utils/whatsappHelper.js","54895","true","7","27","53","172","35","LoveKeychainCustomizer","text-pink-400 text-center rounded-3xl bg-slate-950 border-4 border-pink-300 shadow-2xl rounded-2xl border-amber-300 shadow-xl bg-black/40 bg-black/75","0d55d9561f","NO","NO","Love Keychain Customizer uses LoveKeychainCustomizerPage. Memory: Water Park laughter and the day moving too quickly. Gift: a future postcard from the light-blue scooter road. Voice: Samjhana, my Bebo, Abu made the Love Keychain Customizer room around Water Park laughter and the day moving too quickly. Read this slowly, Sanu. It wa.","Water Park laughter and the day moving too quickly","Your “huss” can make a long day feel close again.","a future postcard from the light-blue scooter road","Samjhana, my Bebo, Abu made the Love Keychain Customizer room around Water Park laughter and the day moving too quickly. Read this slowly, Sanu. It wa","This page is a soft place to land when your day is heavy. Your “huss” can make a long day feel close again. This page is Abu’s a Bageshwori memory pre"
"152","152","/sweet-garden-blooms","Sweet Garden Blooms","SweetGardenBloomsPage","src/pages/SweetGardenBloomsPage.jsx + src/components/SweetGardenBlooms.jsx + src/components/WorldShell.jsx + src/themes.js + src/components/AudioController.jsx + src/store/useAppStore.js + src/data/roomSequence.js + src/utils/mediaUtils.js + src/utils/whatsappHelper.js","56305","true","7","27","57","170","39","SweetGardenBlooms","text-pink-400 text-center rounded-3xl bg-slate-950 border-4 border-pink-400 shadow-2xl rounded-2xl border-2 border-amber-300 shadow-xl bg-black/40","54b21861fa","NO","NO","Sweet Garden Blooms uses SweetGardenBloomsPage. Memory: dropping you at the Language Institute before Japan. Gift: a tiny cinema ticket for one moment Abu would replay. Voice: Samjhana, my Bhoot, Abu made the Sweet Garden Blooms room around dropping you at the Language Institute before Japan. Read this slowly, Sanu. It was m.","dropping you at the Language Institute before Japan","Your moods, your laugh, your quiet, and your Bhoot moments all belong to the girl Abu loves.","a tiny cinema ticket for one moment Abu would replay","Samjhana, my Bhoot, Abu made the Sweet Garden Blooms room around dropping you at the Language Institute before Japan. Read this slowly, Sanu. It was m","This page is a soft place to land when your day is heavy. Your moods, your laugh, your quiet, and your Bhoot moments all belong to the girl Abu loves."
"153","153","/couple-anniversary-timeline","Couple Anniversary Timeline","CoupleAnniversaryTimelinePage","src/pages/CoupleAnniversaryTimelinePage.jsx + src/components/CoupleAnniversaryTimeline.jsx + src/components/WorldShell.jsx + src/themes.js + src/components/AudioController.jsx + src/store/useAppStore.js + src/data/roomSequence.js + src/utils/mediaUtils.js + src/utils/whatsappHelper.js","55834","true","7","27","54","175","35","CoupleAnniversaryTimeline","text-pink-400 text-center rounded-3xl bg-slate-950 border-4 border-rose-400 shadow-2xl rounded-2xl border-2 border-amber-300 shadow-xl bg-black/40","ee157d6996","NO","NO","Couple Anniversary Timeline uses CoupleAnniversaryTimelinePage. Memory: the dream of Pokhara, Manang, and Mustang waiting for us. Gift: a Sakai-to-Nepalgunj distance token. Voice: Samjhana, my Fuchee, Abu made the Couple Anniversary Timeline room around the dream of Pokhara, Manang, and Mustang waiting for us. A small surprise: .","the dream of Pokhara, Manang, and Mustang waiting for us","You are beautiful in the moments you never think to pose for.","a Sakai-to-Nepalgunj distance token","Samjhana, my Fuchee, Abu made the Couple Anniversary Timeline room around the dream of Pokhara, Manang, and Mustang waiting for us. A small surprise: ","Keep this for the next time distance feels loud. You are beautiful in the moments you never think to pose for. This page is Abu’s a memory ribbon tied"
"154","154","/love-fortune-teller-origami","Love Fortune Teller Origami","LoveFortuneTellerOrigamiPage","src/pages/LoveFortuneTellerOrigamiPage.jsx + src/components/LoveFortuneTellerOrigami.jsx + src/components/WorldShell.jsx + src/themes.js + src/components/AudioController.jsx + src/store/useAppStore.js + src/data/roomSequence.js + src/utils/mediaUtils.js + src/utils/whatsappHelper.js","56876","true","7","27","56","179","38","LoveFortuneTellerOrigami","text-purple-400 text-center rounded-3xl bg-slate-950 border-4 border-purple-400 shadow-2xl rounded-2xl border-2 border-amber-300 shadow-xl bg-black/40","e53a3e638f","NO","NO","Love Fortune Teller Origami uses LoveFortuneTellerOrigamiPage. Memory: late-night video calls between Nepalgunj and Sakai, Osaka. Gift: a memory ribbon tied to your favourite name. Voice: Samjhana, my Samjhana, Abu made the Love Fortune Teller Origami room around late-night video calls between Nepalgunj and Sakai, Osaka. The secret is s.","late-night video calls between Nepalgunj and Sakai, Osaka","You make ordinary food, ordinary calls, and ordinary rooms feel like memories.","a memory ribbon tied to your favourite name","Samjhana, my Samjhana, Abu made the Love Fortune Teller Origami room around late-night video calls between Nepalgunj and Sakai, Osaka. The secret is s","The gift inside is not expensive; it is specific to you. You make ordinary food, ordinary calls, and ordinary rooms feel like memories. This page is A"
"155","155","/sweet-heart-balloon-ascent","Sweet Heart Balloon Ascent","SweetHeartBalloonAscentPage","src/pages/SweetHeartBalloonAscentPage.jsx + src/components/SweetHeartBalloonAscent.jsx + src/components/WorldShell.jsx + src/themes.js + src/components/AudioController.jsx + src/store/useAppStore.js + src/data/roomSequence.js + src/utils/mediaUtils.js + src/utils/whatsappHelper.js","54570","true","7","27","53","162","36","SweetHeartBalloonAscent","text-amber-400 text-center rounded-3xl bg-slate-950 border-4 border-amber-400 shadow-2xl rounded-2xl border-2 border-amber-300 shadow-xl bg-black/40","191bb068cc","NO","NO","Sweet Heart Balloon Ascent uses SweetHeartBalloonAscentPage. Memory: the future light-blue scooter ride toward Bardiya. Gift: a memory ribbon tied to your favourite name. Voice: Samjhana, my Runchi, Abu made the Sweet Heart Balloon Ascent room around the future light-blue scooter ride toward Bardiya. The secret is simple: Abu .","the future light-blue scooter ride toward Bardiya","Your voice can cross the Nepalgunj-to-Sakai distance faster than any flight.","a memory ribbon tied to your favourite name","Samjhana, my Runchi, Abu made the Sweet Heart Balloon Ascent room around the future light-blue scooter ride toward Bardiya. The secret is simple: Abu ","The gift inside is not expensive; it is specific to you. Your voice can cross the Nepalgunj-to-Sakai distance faster than any flight. This page is Abu"
"156","156","/couple-starry-planetarium","Couple Starry Planetarium","CoupleStarryPlanetariumPage","src/pages/CoupleStarryPlanetariumPage.jsx + src/components/CoupleStarryPlanetarium.jsx + src/components/WorldShell.jsx + src/themes.js + src/components/AudioController.jsx + src/store/useAppStore.js + src/data/roomSequence.js + src/utils/mediaUtils.js + src/utils/whatsappHelper.js","55543","true","7","27","54","168","36","CoupleStarryPlanetarium","text-amber-300 text-center rounded-3xl bg-slate-950 border-4 border-amber-400 shadow-2xl rounded-2xl border-2 border-amber-300 shadow-xl bg-black/40","90c53db9eb","NO","NO","Couple Starry Planetarium uses CoupleStarryPlanetariumPage. Memory: the room-search conversation that started in Nepalgunj. Gift: a tiny cinema ticket for one moment Abu would replay. Voice: Samjhana, my Bhoot, Abu made the Couple Starry Planetarium room around the room-search conversation that started in Nepalgunj. Read this slowly, Sanu..","the room-search conversation that started in Nepalgunj","You are the best part of every future Abu imagines.","a tiny cinema ticket for one moment Abu would replay","Samjhana, my Bhoot, Abu made the Couple Starry Planetarium room around the room-search conversation that started in Nepalgunj. Read this slowly, Sanu.","This page is a soft place to land when your day is heavy. You are the best part of every future Abu imagines. This page is Abu’s a private letter from"
"157","157","/love-letter-in-balloon","Love Letter In Balloon","LoveLetterInBalloonPage","src/pages/LoveLetterInBalloonPage.jsx + src/components/LoveLetterInBalloon.jsx + src/components/WorldShell.jsx + src/themes.js + src/components/AudioController.jsx + src/store/useAppStore.js + src/data/roomSequence.js + src/utils/mediaUtils.js + src/utils/whatsappHelper.js","55741","true","7","27","54","184","38","LoveLetterInBalloon","text-pink-400 text-center rounded-3xl bg-slate-950 border-4 border-pink-300 shadow-2xl rounded-2xl border-2 border-amber-300 shadow-xl bg-black/40","aa63db7235","NO","NO","Love Letter In Balloon uses LoveLetterInBalloonPage. Memory: the future light-blue scooter ride toward Bardiya. Gift: a bouquet of words for your soft days. Voice: Samjhana, my Samjhana, Abu made the Love Letter In Balloon room around the future light-blue scooter ride toward Bardiya. The gift inside is not expen.","the future light-blue scooter ride toward Bardiya","Your voice can cross the Nepalgunj-to-Sakai distance faster than any flight.","a bouquet of words for your soft days","Samjhana, my Samjhana, Abu made the Love Letter In Balloon room around the future light-blue scooter ride toward Bardiya. The gift inside is not expen","This is a reminder that you are loved in the details. Your voice can cross the Nepalgunj-to-Sakai distance faster than any flight. This page is Abu’s "
"158","158","/sweet-memory-scrapbook","Sweet Memory Scrapbook","SweetMemoryScrapbookPage","src/pages/SweetMemoryScrapbookPage.jsx + src/components/SweetMemoryScrapbook.jsx + src/components/WorldShell.jsx + src/themes.js + src/components/AudioController.jsx + src/store/useAppStore.js + src/data/roomSequence.js + src/utils/mediaUtils.js + src/utils/whatsappHelper.js","55742","true","7","27","54","175","44","SweetMemoryScrapbook","text-amber-700 text-center rounded-3xl bg-slate-950 border-4 border-amber-400 shadow-2xl rounded-2xl border-2 border-amber-300 shadow-xl bg-black/40","64846ea5f4","NO","NO","Sweet Memory Scrapbook uses SweetMemoryScrapbookPage. Memory: the dream of Pokhara, Manang, and Mustang waiting for us. Gift: a soft landing place for a difficult day. Voice: Samjhana, my Fuchee, Abu made the Sweet Memory Scrapbook room around the dream of Pokhara, Manang, and Mustang waiting for us. Keep this for the next .","the dream of Pokhara, Manang, and Mustang waiting for us","You are beautiful in the moments you never think to pose for.","a soft landing place for a difficult day","Samjhana, my Fuchee, Abu made the Sweet Memory Scrapbook room around the dream of Pokhara, Manang, and Mustang waiting for us. Keep this for the next ","Read this slowly, Sanu. It was made for your exact heart. You are beautiful in the moments you never think to pose for. This page is Abu’s a bouquet o"
"159","159","/love-coronation-ceremony","Love Coronation Ceremony","LoveCoronationCeremonyPage","src/pages/LoveCoronationCeremonyPage.jsx + src/components/LoveCoronationCeremony.jsx + src/components/WorldShell.jsx + src/themes.js + src/components/AudioController.jsx + src/store/useAppStore.js + src/data/roomSequence.js + src/utils/mediaUtils.js + src/utils/whatsappHelper.js","56478","true","7","27","57","179","35","LoveCoronationCeremony","text-amber-400 text-center rounded-3xl bg-slate-950 border-4 border-amber-400 shadow-2xl rounded-2xl border-2 border-amber-300 shadow-xl bg-black/40","5e535fd7a8","NO","NO","Love Coronation Ceremony uses LoveCoronationCeremonyPage. Memory: Water Park laughter and the day moving too quickly. Gift: a tiny memory ticket from Nepalgunj. Voice: Samjhana, my Runchi, Abu made the Love Coronation Ceremony room around Water Park laughter and the day moving too quickly. A small surprise: Abu remem.","Water Park laughter and the day moving too quickly","Your “huss” can make a long day feel close again.","a tiny memory ticket from Nepalgunj","Samjhana, my Runchi, Abu made the Love Coronation Ceremony room around Water Park laughter and the day moving too quickly. A small surprise: Abu remem","Keep this for the next time distance feels loud. Your “huss” can make a long day feel close again. This page is Abu’s a voice-note moment for the nigh"
"160","160","/whatsapp-10k-love","Whatsapp 10k Love","WhatsApp10kLovePage","src/pages/WhatsApp10kLovePage.jsx + src/components/WhatsApp10kLove.jsx + src/components/WorldShell.jsx + src/themes.js + src/components/AudioController.jsx + src/store/useAppStore.js + src/data/roomSequence.js + src/utils/mediaUtils.js + src/utils/whatsappHelper.js","64930","true","7","27","67","203","54","WhatsApp10kLove","text-emerald-400 text-center font-ui bg-slate-900/90 rounded-2xl border-emerald-500/30 shadow-xl rounded-full border-2 border-emerald-400 shadow-md text-left","585d8dc801","NO","NO","Whatsapp 10k Love uses WhatsApp10kLovePage. Memory: Water Park laughter and the day moving too quickly. Gift: a small surprise box with one true thing inside. Voice: Samjhana, my Bhoot, Abu made the Whatsapp 10k Love room around Water Park laughter and the day moving too quickly. Keep this for the next time distanc.","Water Park laughter and the day moving too quickly","Your “huss” can make a long day feel close again.","a small surprise box with one true thing inside","Samjhana, my Bhoot, Abu made the Whatsapp 10k Love room around Water Park laughter and the day moving too quickly. Keep this for the next time distanc","Read this slowly, Sanu. It was made for your exact heart. Your “huss” can make a long day feel close again. This page is Abu’s a birthday blessing wri"
"161","161","/cupid-radio-dj","Cupid Radio Dj","CupidRadioDJStationPage","src/pages/CupidRadioDJStationPage.jsx + src/components/CupidRadioDJStation.jsx + src/components/WorldShell.jsx + src/themes.js + src/components/AudioController.jsx + src/store/useAppStore.js + src/data/roomSequence.js + src/utils/mediaUtils.js + src/utils/whatsappHelper.js","61205","true","7","27","59","170","35","CupidRadioDJStation","text-amber-400 rounded-3xl bg-gradient-to-b from-amber-950 via-slate-950 to-stone-950 border-4 border-amber-500/60 shadow-[0_0_50px_rgba bg-black/90 rounded-2xl border-2","df936a847d","NO","NO","Cupid Radio Dj uses CupidRadioDJStationPage. Memory: the room-search conversation that started in Nepalgunj. Gift: a future postcard from the light-blue scooter road. Voice: Samjhana, my Bhuntu, Abu made the Cupid Radio Dj room around the room-search conversation that started in Nepalgunj. Read this slowly, Sanu. It was ma.","the room-search conversation that started in Nepalgunj","You are the best part of every future Abu imagines.","a future postcard from the light-blue scooter road","Samjhana, my Bhuntu, Abu made the Cupid Radio Dj room around the room-search conversation that started in Nepalgunj. Read this slowly, Sanu. It was ma","This page is a soft place to land when your day is heavy. You are the best part of every future Abu imagines. This page is Abu’s a Bageshwori memory p"
"162","162","/constellation-stargazer","Constellation Stargazer","LoveConstellationStargazerPage","src/pages/LoveConstellationStargazerPage.jsx + src/components/LoveConstellationStargazer.jsx + src/components/WorldShell.jsx + src/themes.js + src/components/AudioController.jsx + src/store/useAppStore.js + src/data/roomSequence.js + src/utils/mediaUtils.js + src/utils/whatsappHelper.js","57944","true","7","27","56","170","36","LoveConstellationStargazer","text-purple-300 text-center rounded-3xl bg-slate-950 border-4 border-purple-500/70 shadow-[0_0_50px_rgba bg-purple-950/40 rounded-2xl border-purple-400/40 text-xs font-mono","79b0d30d3c","NO","NO","Constellation Stargazer uses LoveConstellationStargazerPage. Memory: late-night video calls between Nepalgunj and Sakai, Osaka. Gift: a birthday blessing written in Abu’s handwriting. Voice: Samjhana, my Bebo, Abu made the Constellation Stargazer room around late-night video calls between Nepalgunj and Sakai, Osaka. The gift inside is not .","late-night video calls between Nepalgunj and Sakai, Osaka","You make ordinary food, ordinary calls, and ordinary rooms feel like memories.","a birthday blessing written in Abu’s handwriting","Samjhana, my Bebo, Abu made the Constellation Stargazer room around late-night video calls between Nepalgunj and Sakai, Osaka. The gift inside is not ","This is a reminder that you are loved in the details. You make ordinary food, ordinary calls, and ordinary rooms feel like memories. This page is Abu’"
"163","163","/heart-nebula-3d","Heart Nebula 3d","LoveHeartNebula3DPage","src/pages/LoveHeartNebula3DPage.jsx + src/components/LoveHeartNebula3D.jsx + src/components/WorldShell.jsx + src/themes.js + src/components/AudioController.jsx + src/store/useAppStore.js + src/data/roomSequence.js + src/utils/mediaUtils.js + src/utils/whatsappHelper.js","55274","true","7","27","53","173","36","LoveHeartNebula3D","text-rose-500 text-center rounded-3xl bg-slate-950 border-4 border-rose-500 shadow-2xl rounded-2xl border-2 border-amber-300 shadow-xl bg-black/40","10fcbfe868","NO","NO","Heart Nebula 3d uses LoveHeartNebula3DPage. Memory: dropping you at the Language Institute before Japan. Gift: a Sakai-to-Nepalgunj distance token. Voice: Samjhana, my Bhuntu, Abu made the Heart Nebula 3d room around dropping you at the Language Institute before Japan. A small surprise: Abu remembers mor.","dropping you at the Language Institute before Japan","Your moods, your laugh, your quiet, and your Bhoot moments all belong to the girl Abu loves.","a Sakai-to-Nepalgunj distance token","Samjhana, my Bhuntu, Abu made the Heart Nebula 3d room around dropping you at the Language Institute before Japan. A small surprise: Abu remembers mor","Keep this for the next time distance feels loud. Your moods, your laugh, your quiet, and your Bhoot moments all belong to the girl Abu loves. This pag"
"164","164","/sweet-confectionery-bakery","Sweet Confectionery Bakery","LoveSweetConfectioneryBakeryPage","src/pages/LoveSweetConfectioneryBakeryPage.jsx + src/components/LoveSweetConfectioneryBakery.jsx + src/components/WorldShell.jsx + src/themes.js + src/components/AudioController.jsx + src/store/useAppStore.js + src/data/roomSequence.js + src/utils/mediaUtils.js + src/utils/whatsappHelper.js","55306","true","7","27","53","167","36","LoveSweetConfectioneryBakery","text-pink-400 text-center rounded-3xl bg-slate-950 border-4 border-pink-400 shadow-2xl rounded-2xl border-2 border-amber-300 shadow-xl bg-black/40","fa8e2e86ec","NO","NO","Sweet Confectionery Bakery uses LoveSweetConfectioneryBakeryPage. Memory: the day “Abhay” became “Abu” because you made it yours. Gift: a future postcard from the light-blue scooter road. Voice: Samjhana, my Runchi, Abu made the Sweet Confectionery Bakery room around the day “Abhay” became “Abu” because you made it yours. Read this slowly, San.","the day “Abhay” became “Abu” because you made it yours","You are the person behind every name Abu says with a softer voice.","a future postcard from the light-blue scooter road","Samjhana, my Runchi, Abu made the Sweet Confectionery Bakery room around the day “Abhay” became “Abu” because you made it yours. Read this slowly, San","This page is a soft place to land when your day is heavy. You are the person behind every name Abu says with a softer voice. This page is Abu’s a Bage"
"165","165","/love-story-comic-strip","Love Story Comic Strip","LoveLoveStoryComicStripPage","src/pages/LoveLoveStoryComicStripPage.jsx + src/components/LoveLoveStoryComicStrip.jsx + src/components/WorldShell.jsx + src/themes.js + src/components/AudioController.jsx + src/store/useAppStore.js + src/data/roomSequence.js + src/utils/mediaUtils.js + src/utils/whatsappHelper.js","55719","true","7","27","54","179","36","LoveLoveStoryComicStrip","text-rose-500 text-center rounded-3xl bg-slate-950 border-4 border-rose-500 shadow-2xl rounded-2xl border-2 border-amber-300 shadow-xl bg-black/40","a1a0c98d01","NO","NO","Love Story Comic Strip uses LoveLoveStoryComicStripPage. Memory: Chau-Chau, Panipuri, momo, and the foods that became our language. Gift: a promise map for the places we still want to see. Voice: Samjhana, my Bhuntu, Abu made the Love Story Comic Strip room around Chau-Chau, Panipuri, momo, and the foods that became our language. Open this when.","Chau-Chau, Panipuri, momo, and the foods that became our language","Your kindness is one of the reasons Abu keeps choosing you.","a promise map for the places we still want to see","Samjhana, my Bhuntu, Abu made the Love Story Comic Strip room around Chau-Chau, Panipuri, momo, and the foods that became our language. Open this when","The secret is simple: Abu would still choose you in every version of the story. Your kindness is one of the reasons Abu keeps choosing you. This page "
"166","166","/enchanted-glass-terrarium","Enchanted Glass Terrarium","LoveEnchantedGlassTerrariumPage","src/pages/LoveEnchantedGlassTerrariumPage.jsx + src/components/LoveEnchantedGlassTerrarium.jsx + src/components/WorldShell.jsx + src/themes.js + src/components/AudioController.jsx + src/store/useAppStore.js + src/data/roomSequence.js + src/utils/mediaUtils.js + src/utils/whatsappHelper.js","54797","true","7","27","53","173","37","LoveEnchantedGlassTerrarium","text-emerald-400 text-center rounded-3xl bg-slate-950 border-4 border-emerald-400 shadow-2xl rounded-2xl border-2 border-amber-300 shadow-xl bg-black/40","362ce9babb","NO","NO","Enchanted Glass Terrarium uses LoveEnchantedGlassTerrariumPage. Memory: the room-search conversation that started in Nepalgunj. Gift: a soft landing place for a difficult day. Voice: Samjhana, my Fuchee, Abu made the Enchanted Glass Terrarium room around the room-search conversation that started in Nepalgunj. Keep this for the next.","the room-search conversation that started in Nepalgunj","You are the best part of every future Abu imagines.","a soft landing place for a difficult day","Samjhana, my Fuchee, Abu made the Enchanted Glass Terrarium room around the room-search conversation that started in Nepalgunj. Keep this for the next","Read this slowly, Sanu. It was made for your exact heart. You are the best part of every future Abu imagines. This page is Abu’s a bouquet of words fo"
"167","167","/bottle-ocean-3d","Bottle Ocean 3d","LoveMessageInABottleOceanPage","src/pages/LoveMessageInABottleOceanPage.jsx + src/components/LoveMessageInABottleOcean.jsx + src/components/WorldShell.jsx + src/themes.js + src/components/AudioController.jsx + src/store/useAppStore.js + src/data/roomSequence.js + src/utils/mediaUtils.js + src/utils/whatsappHelper.js","63131","true","9","29","65","199","45","LoveMessageInABottleOcean","text-pink-400 shadow-[0_0_8px_ text-center rounded-3xl bg-gradient-to-br from-pink-100 via-purple-100 to-rose-100 border-4 border-pink-400 shadow-2xl text-stone-900","b1508b8b9b","NO","NO","Bottle Ocean 3d uses LoveMessageInABottleOceanPage. Memory: the dream of Pokhara, Manang, and Mustang waiting for us. Gift: a future postcard from the light-blue scooter road. Voice: Samjhana, my Bhoot, Abu made the Bottle Ocean 3d room around the dream of Pokhara, Manang, and Mustang waiting for us. Read this slowly, Sanu. It was .","the dream of Pokhara, Manang, and Mustang waiting for us","You are beautiful in the moments you never think to pose for.","a future postcard from the light-blue scooter road","Samjhana, my Bhoot, Abu made the Bottle Ocean 3d room around the dream of Pokhara, Manang, and Mustang waiting for us. Read this slowly, Sanu. It was ","This page is a soft place to land when your day is heavy. You are beautiful in the moments you never think to pose for. This page is Abu’s a Bageshwor"
"168","168","/couple-time-capsule-lockbox","Couple Time Capsule Lockbox","LoveCoupleTimeCapsuleLockBoxPage","src/pages/LoveCoupleTimeCapsuleLockBoxPage.jsx + src/components/LoveCoupleTimeCapsuleLockBox.jsx + src/components/WorldShell.jsx + src/themes.js + src/components/AudioController.jsx + src/store/useAppStore.js + src/data/roomSequence.js + src/utils/mediaUtils.js + src/utils/whatsappHelper.js","57376","true","7","27","61","170","35","LoveCoupleTimeCapsuleLockBox","text-sky-400 text-center rounded-3xl bg-slate-950 border-4 border-sky-500/70 shadow-2xl rounded-2xl text-xs font-extrabold bg-sky-500 text-slate-950","de7a530a5e","NO","NO","Couple Time Capsule Lockbox uses LoveCoupleTimeCapsuleLockBoxPage. Memory: Chau-Chau, Panipuri, momo, and the foods that became our language. Gift: a compliment saved for your next tired day. Voice: Samjhana, my Fuchee, Abu made the Couple Time Capsule Lockbox room around Chau-Chau, Panipuri, momo, and the foods that became our language. Open this.","Chau-Chau, Panipuri, momo, and the foods that became our language","Your kindness is one of the reasons Abu keeps choosing you.","a compliment saved for your next tired day","Samjhana, my Fuchee, Abu made the Couple Time Capsule Lockbox room around Chau-Chau, Panipuri, momo, and the foods that became our language. Open this","The secret is simple: Abu would still choose you in every version of the story. Your kindness is one of the reasons Abu keeps choosing you. This page "
"169","169","/sweet-heart-paper-craft","Sweet Heart Paper Craft","LoveSweetHeartPaperCraftPage","src/pages/LoveSweetHeartPaperCraftPage.jsx + src/components/LoveSweetHeartPaperCraft.jsx + src/components/WorldShell.jsx + src/themes.js + src/components/AudioController.jsx + src/store/useAppStore.js + src/data/roomSequence.js + src/utils/mediaUtils.js + src/utils/whatsappHelper.js","58155","true","7","27","60","168","35","LoveSweetHeartPaperCraft","bg-rose-700 border-rose-400 bg-amber-600 border-amber-300 bg-purple-700 border-purple-400 text-rose-500 text-center rounded-3xl bg-amber-950/40 border-4 border-amber-500/70","b3ed132ce8","NO","NO","Sweet Heart Paper Craft uses LoveSweetHeartPaperCraftPage. Memory: the way you can be Sanzu, Bhuntu, Sanu, Babe, or Runchi and still be home. Gift: a bouquet of words for your soft days. Voice: Samjhana, my Fuchee, Abu made the Sweet Heart Paper Craft room around the way you can be Sanzu, Bhuntu, Sanu, Babe, or Runchi and still be home. The g.","the way you can be Sanzu, Bhuntu, Sanu, Babe, or Runchi and still be home","You make Abu want to become gentler, steadier, and more worthy of your trust.","a bouquet of words for your soft days","Samjhana, my Fuchee, Abu made the Sweet Heart Paper Craft room around the way you can be Sanzu, Bhuntu, Sanu, Babe, or Runchi and still be home. The g","This is a reminder that you are loved in the details. You make Abu want to become gentler, steadier, and more worthy of your trust. This page is Abu’s"
"170","170","/love-wordle","Love Wordle","LoveWordlePage","src/pages/LoveWordlePage.jsx + src/components/LoveWordle.jsx + src/components/WorldShell.jsx + src/themes.js + src/components/AudioController.jsx + src/store/useAppStore.js + src/data/roomSequence.js + src/utils/mediaUtils.js + src/utils/whatsappHelper.js","58914","true","7","27","63","181","37","LoveWordle","bg-emerald-600 border-emerald-400 text-white bg-amber-500 border-amber-300 text-stone-950 bg-stone-800 border-stone-700 text-stone-400 text-amber-400 text-center rounded-3xl","059f790038","NO","NO","Love Wordle uses LoveWordlePage. Memory: late-night video calls between Nepalgunj and Sakai, Osaka. Gift: a Bageshwori memory pressed between two pages. Voice: Samjhana, my Babe, Abu made the Love Wordle room around late-night video calls between Nepalgunj and Sakai, Osaka. This is a reminder that you are lov.","late-night video calls between Nepalgunj and Sakai, Osaka","You make ordinary food, ordinary calls, and ordinary rooms feel like memories.","a Bageshwori memory pressed between two pages","Samjhana, my Babe, Abu made the Love Wordle room around late-night video calls between Nepalgunj and Sakai, Osaka. This is a reminder that you are lov","Open this when you miss Abu. You make ordinary food, ordinary calls, and ordinary rooms feel like memories. This page is Abu’s a quiet “open when” not"
"171","171","/couple-escape-room","Couple Escape Room","CoupleEscapeRoomPage","src/pages/CoupleEscapeRoomPage.jsx + src/components/CoupleEscapeRoom.jsx + src/components/WorldShell.jsx + src/themes.js + src/components/AudioController.jsx + src/store/useAppStore.js + src/data/roomSequence.js + src/utils/mediaUtils.js + src/utils/whatsappHelper.js","63550","true","7","27","74","176","36","CoupleEscapeRoom","from-amber-950 via-slate-950 to-stone-950 from-blue-950 to-indigo-950 from-rose-950 to-pink-950 from-purple-950 to-amber-950 from-emerald-950 to-teal-950 text-amber-400","ca7538c1c3","NO","NO","Couple Escape Room uses CoupleEscapeRoomPage. Memory: the day “Abhay” became “Abu” because you made it yours. Gift: a promise folded into a keepsake card. Voice: Samjhana, my Sanzu, Abu made the Couple Escape Room room around the day “Abhay” became “Abu” because you made it yours. This page is a soft place to l.","the day “Abhay” became “Abu” because you made it yours","You are the person behind every name Abu says with a softer voice.","a promise folded into a keepsake card","Samjhana, my Sanzu, Abu made the Couple Escape Room room around the day “Abhay” became “Abu” because you made it yours. This page is a soft place to l","A small surprise: Abu remembers more than he says. You are the person behind every name Abu says with a softer voice. This page is Abu’s a compliment "
"172","172","/heartbeat-drum-pad","Heartbeat Drum Pad","HeartbeatDrumPadPage","src/pages/HeartbeatDrumPadPage.jsx + src/components/HeartbeatDrumPad.jsx + src/components/WorldShell.jsx + src/themes.js + src/components/AudioController.jsx + src/store/useAppStore.js + src/data/roomSequence.js + src/utils/mediaUtils.js + src/utils/whatsappHelper.js","65122","true","7","27","74","172","58","HeartbeatDrumPad","from-rose-500 to-pink-600 from-pink-500 to-fuchsia-600 from-purple-500 to-indigo-600 from-amber-400 to-yellow-500 from-red-500 to-orange-600 from-pink-400 to-rose-500","223d70f703","NO","NO","Heartbeat Drum Pad uses HeartbeatDrumPadPage. Memory: the day “Abhay” became “Abu” because you made it yours. Gift: a future postcard from the light-blue scooter road. Voice: Samjhana, my Fuchee, Abu made the Heartbeat Drum Pad room around the day “Abhay” became “Abu” because you made it yours. Read this slowly, Sanu. It wa.","the day “Abhay” became “Abu” because you made it yours","You are the person behind every name Abu says with a softer voice.","a future postcard from the light-blue scooter road","Samjhana, my Fuchee, Abu made the Heartbeat Drum Pad room around the day “Abhay” became “Abu” because you made it yours. Read this slowly, Sanu. It wa","This page is a soft place to land when your day is heavy. You are the person behind every name Abu says with a softer voice. This page is Abu’s a Bage"
"173","173","/love-pixel-art","Love Pixel Art","LovePixelArtCreatorPage","src/pages/LovePixelArtCreatorPage.jsx + src/components/LovePixelArtCreator.jsx + src/components/WorldShell.jsx + src/themes.js + src/components/AudioController.jsx + src/store/useAppStore.js + src/data/roomSequence.js + src/utils/mediaUtils.js + src/utils/whatsappHelper.js","58339","true","7","27","61","170","36","LovePixelArtCreator","text-pink-400 text-center rounded-3xl bg-slate-950 border-4 border-pink-500/70 shadow-2xl bg-stone-900/90 rounded-2xl border-stone-800 text-xs font-mono","bbf337c3da","NO","NO","Love Pixel Art uses LovePixelArtCreatorPage. Memory: dropping you at the Language Institute before Japan. Gift: a quiet “open when” note for your pocket. Voice: Samjhana, my Bhuntu, Abu made the Love Pixel Art room around dropping you at the Language Institute before Japan. This page is a soft place to land wh.","dropping you at the Language Institute before Japan","Your moods, your laugh, your quiet, and your Bhoot moments all belong to the girl Abu loves.","a quiet “open when” note for your pocket","Samjhana, my Bhuntu, Abu made the Love Pixel Art room around dropping you at the Language Institute before Japan. This page is a soft place to land wh","A small surprise: Abu remembers more than he says. Your moods, your laugh, your quiet, and your Bhoot moments all belong to the girl Abu loves. This p"
"174","174","/love-anagram-solver","Love Anagram Solver","LoveAnagramSolverPage","src/pages/LoveAnagramSolverPage.jsx + src/components/LoveAnagramSolver.jsx + src/components/WorldShell.jsx + src/themes.js + src/components/AudioController.jsx + src/store/useAppStore.js + src/data/roomSequence.js + src/utils/mediaUtils.js + src/utils/whatsappHelper.js","58248","true","7","27","67","175","36","LoveAnagramSolver","text-pink-400 text-center rounded-3xl bg-slate-950 border-4 border-pink-500/70 shadow-2xl bg-pink-950/40 rounded-2xl border-pink-400/40 text-xs font-mono","a5abe1596b","NO","NO","Love Anagram Solver uses LoveAnagramSolverPage. Memory: Water Park laughter and the day moving too quickly. Gift: a Sakai-to-Nepalgunj distance token. Voice: Samjhana, my Fuchee, Abu made the Love Anagram Solver room around Water Park laughter and the day moving too quickly. A small surprise: Abu remembers .","Water Park laughter and the day moving too quickly","Your “huss” can make a long day feel close again.","a Sakai-to-Nepalgunj distance token","Samjhana, my Fuchee, Abu made the Love Anagram Solver room around Water Park laughter and the day moving too quickly. A small surprise: Abu remembers ","Keep this for the next time distance feels loud. Your “huss” can make a long day feel close again. This page is Abu’s a memory ribbon tied to your fav"
"175","175","/love-photo-mosaic","Love Photo Mosaic","LovePhotoMosaicBuilderPage","src/pages/LovePhotoMosaicBuilderPage.jsx + src/components/LovePhotoMosaicBuilder.jsx + src/components/WorldShell.jsx + src/themes.js + src/components/AudioController.jsx + src/store/useAppStore.js + src/data/roomSequence.js + src/utils/mediaUtils.js + src/utils/whatsappHelper.js","57606","true","7","27","59","167","54","LovePhotoMosaicBuilder","text-amber-400 text-center rounded-3xl bg-slate-950 border-4 border-amber-500/70 shadow-2xl bg-amber-950/40 rounded-2xl border-amber-400/40 text-xs font-mono","d12608cc03","NO","NO","Love Photo Mosaic uses LovePhotoMosaicBuilderPage. Memory: late-night video calls between Nepalgunj and Sakai, Osaka. Gift: a bouquet of words for your soft days. Voice: Samjhana, my Bebo, Abu made the Love Photo Mosaic room around late-night video calls between Nepalgunj and Sakai, Osaka. The gift inside is not expens.","late-night video calls between Nepalgunj and Sakai, Osaka","You make ordinary food, ordinary calls, and ordinary rooms feel like memories.","a bouquet of words for your soft days","Samjhana, my Bebo, Abu made the Love Photo Mosaic room around late-night video calls between Nepalgunj and Sakai, Osaka. The gift inside is not expens","This is a reminder that you are loved in the details. You make ordinary food, ordinary calls, and ordinary rooms feel like memories. This page is Abu’"
"176","176","/first-moments-timeline","First Moments Timeline","FirstMomentsTimelinePage","src/pages/FirstMomentsTimelinePage.jsx + src/components/FirstMomentsTimeline.jsx + src/components/WorldShell.jsx + src/themes.js + src/components/AudioController.jsx + src/store/useAppStore.js + src/data/roomSequence.js + src/utils/mediaUtils.js + src/utils/whatsappHelper.js","61280","true","8","28","63","183","39","FirstMomentsTimeline","text-pink-400 text-center font-ui rounded-3xl bg-slate-950/90 border-4 border-pink-500/60 shadow-2xl text-white bg-pink-950/50 rounded-2xl border-pink-400/30","cdba36f0f9","NO","NO","First Moments Timeline uses FirstMomentsTimelinePage. Memory: the day “Abhay” became “Abu” because you made it yours. Gift: a tiny cinema ticket for one moment Abu would replay. Voice: Samjhana, my Bhoot, Abu made the First Moments Timeline room around the day “Abhay” became “Abu” because you made it yours. Read this slowly, Sanu. It.","the day “Abhay” became “Abu” because you made it yours","You are the person behind every name Abu says with a softer voice.","a tiny cinema ticket for one moment Abu would replay","Samjhana, my Bhoot, Abu made the First Moments Timeline room around the day “Abhay” became “Abu” because you made it yours. Read this slowly, Sanu. It","This page is a soft place to land when your day is heavy. You are the person behind every name Abu says with a softer voice. This page is Abu’s a priv"
"177","177","/memory-constellation","Memory Constellation","MemoryConstellationMapPage","src/pages/MemoryConstellationMapPage.jsx + src/components/MemoryConstellationMap.jsx + src/components/WorldShell.jsx + src/themes.js + src/components/AudioController.jsx + src/store/useAppStore.js + src/data/roomSequence.js + src/utils/mediaUtils.js + src/utils/whatsappHelper.js","62424","true","7","27","65","186","76","MemoryConstellationMap","text-purple-300 rounded-3xl border-indigo-700/60 shadow-[0_0_60px_rgba text-indigo-300 text-xs font-semibold bg-purple-900/80 border-purple-400/40 text-purple-200 text-[10px] font-bold","a54bd1ef71","NO","NO","Memory Constellation uses MemoryConstellationMapPage. Memory: the way you can be Sanzu, Bhuntu, Sanu, Babe, or Runchi and still be home. Gift: a voice-note moment for the nights you miss home. Voice: Samjhana, my Bebo, Abu made the Memory Constellation room around the way you can be Sanzu, Bhuntu, Sanu, Babe, or Runchi and still be home. The secret.","the way you can be Sanzu, Bhuntu, Sanu, Babe, or Runchi and still be home","You make Abu want to become gentler, steadier, and more worthy of your trust.","a voice-note moment for the nights you miss home","Samjhana, my Bebo, Abu made the Memory Constellation room around the way you can be Sanzu, Bhuntu, Sanu, Babe, or Runchi and still be home. The secret","The gift inside is not expensive; it is specific to you. You make Abu want to become gentler, steadier, and more worthy of your trust. This page is Ab"
"178","178","/couple-yearbook","Couple Yearbook","CoupleYearbookPage","src/pages/CoupleYearbookPage.jsx + src/components/CoupleYearbook.jsx + src/components/WorldShell.jsx + src/themes.js + src/components/AudioController.jsx + src/store/useAppStore.js + src/data/roomSequence.js + src/utils/mediaUtils.js + src/utils/whatsappHelper.js","55700","true","7","27","54","175","36","CoupleYearbook","text-amber-400 text-center rounded-3xl bg-slate-950 border-4 border-amber-400 shadow-2xl rounded-2xl border-2 border-amber-300 shadow-xl bg-black/40","289e134f18","NO","NO","Couple Yearbook uses CoupleYearbookPage. Memory: late-night video calls between Nepalgunj and Sakai, Osaka. Gift: a voice-note moment for the nights you miss home. Voice: Samjhana, my Bebo, Abu made the Couple Yearbook room around late-night video calls between Nepalgunj and Sakai, Osaka. The secret is simple: Abu would.","late-night video calls between Nepalgunj and Sakai, Osaka","You make ordinary food, ordinary calls, and ordinary rooms feel like memories.","a voice-note moment for the nights you miss home","Samjhana, my Bebo, Abu made the Couple Yearbook room around late-night video calls between Nepalgunj and Sakai, Osaka. The secret is simple: Abu would","The gift inside is not expensive; it is specific to you. You make ordinary food, ordinary calls, and ordinary rooms feel like memories. This page is A"
"179","179","/love-letter-archive","Love Letter Archive","LoveLetterArchivePage","src/pages/LoveLetterArchivePage.jsx + src/components/LoveLetterArchive.jsx + src/components/WorldShell.jsx + src/themes.js + src/components/AudioController.jsx + src/store/useAppStore.js + src/data/roomSequence.js + src/utils/mediaUtils.js + src/utils/whatsappHelper.js","58121","true","7","27","55","215","36","LoveLetterArchive","text-rose-500 text-center rounded-3xl bg-amber-950/40 border-4 border-amber-500/70 shadow-2xl bg-black/80 rounded-2xl border-amber-400/40 text-amber-300 font-mono","47214c6010","NO","NO","Love Letter Archive uses LoveLetterArchivePage. Memory: dropping you at the Language Institute before Japan. Gift: a tiny cinema ticket for one moment Abu would replay. Voice: Samjhana, my Samjhana, Abu made the Love Letter Archive room around dropping you at the Language Institute before Japan. Read this slowly, Sanu. It wa.","dropping you at the Language Institute before Japan","Your moods, your laugh, your quiet, and your Bhoot moments all belong to the girl Abu loves.","a tiny cinema ticket for one moment Abu would replay","Samjhana, my Samjhana, Abu made the Love Letter Archive room around dropping you at the Language Institute before Japan. Read this slowly, Sanu. It wa","This page is a soft place to land when your day is heavy. Your moods, your laugh, your quiet, and your Bhoot moments all belong to the girl Abu loves."
"180","180","/couple-soundtrack","Couple Soundtrack","CoupleSoundtrackPage","src/pages/CoupleSoundtrackPage.jsx + src/components/CoupleSoundtrack.jsx + src/components/WorldShell.jsx + src/themes.js + src/components/AudioController.jsx + src/store/useAppStore.js + src/data/roomSequence.js + src/utils/mediaUtils.js + src/utils/whatsappHelper.js","55845","true","7","27","54","176","35","CoupleSoundtrack","text-pink-400 text-center rounded-3xl bg-slate-950 border-4 border-pink-400 shadow-2xl rounded-2xl border-2 border-amber-300 shadow-xl bg-black/40","7ff8f8e80d","NO","NO","Couple Soundtrack uses CoupleSoundtrackPage. Memory: Bageshwori Temple and the prayers we carried home. Gift: a voice-note moment for the nights you miss home. Voice: Samjhana, my Sanu, Abu made the Couple Soundtrack room around Bageshwori Temple and the prayers we carried home. The secret is simple: Abu would still.","Bageshwori Temple and the prayers we carried home","Your smile makes Abu forget what he was worried about.","a voice-note moment for the nights you miss home","Samjhana, my Sanu, Abu made the Couple Soundtrack room around Bageshwori Temple and the prayers we carried home. The secret is simple: Abu would still","The gift inside is not expensive; it is specific to you. Your smile makes Abu forget what he was worried about. This page is Abu’s a small surprise bo"
"181","181","/love-spell-caster","Love Spell Caster","LoveSpellCasterPage","src/pages/LoveSpellCasterPage.jsx + src/components/LoveSpellCaster.jsx + src/components/WorldShell.jsx + src/themes.js + src/components/AudioController.jsx + src/store/useAppStore.js + src/data/roomSequence.js + src/utils/mediaUtils.js + src/utils/whatsappHelper.js","58001","true","7","27","60","169","35","LoveSpellCaster","text-amber-300 text-rose-400 text-purple-300 text-orange-400 text-center rounded-3xl bg-slate-950 border-4 border-purple-500/70 shadow-2xl rounded-2xl bg-purple-950/30","acdc669284","NO","NO","Love Spell Caster uses LoveSpellCasterPage. Memory: the dream of Pokhara, Manang, and Mustang waiting for us. Gift: a quiet “open when” note for your pocket. Voice: Samjhana, my Sanzu, Abu made the Love Spell Caster room around the dream of Pokhara, Manang, and Mustang waiting for us. This page is a soft place to .","the dream of Pokhara, Manang, and Mustang waiting for us","You are beautiful in the moments you never think to pose for.","a quiet “open when” note for your pocket","Samjhana, my Sanzu, Abu made the Love Spell Caster room around the dream of Pokhara, Manang, and Mustang waiting for us. This page is a soft place to ","A small surprise: Abu remembers more than he says. You are beautiful in the moments you never think to pose for. This page is Abu’s a promise map for "
"182","182","/love-potion-lab","Love Potion Lab","LovePotionLaboratoryPage","src/pages/LovePotionLaboratoryPage.jsx + src/components/LovePotionLaboratory.jsx + src/components/WorldShell.jsx + src/themes.js + src/components/AudioController.jsx + src/store/useAppStore.js + src/data/roomSequence.js + src/utils/mediaUtils.js + src/utils/whatsappHelper.js","55670","true","7","27","56","177","36","LovePotionLaboratory","text-pink-400 text-center rounded-3xl bg-slate-950 border-4 border-pink-400 shadow-2xl rounded-2xl border-2 border-amber-300 shadow-xl bg-black/40","6b85bbe311","NO","NO","Love Potion Lab uses LovePotionLaboratoryPage. Memory: the room-search conversation that started in Nepalgunj. Gift: a quiet “open when” note for your pocket. Voice: Samjhana, my Sanu, Abu made the Love Potion Lab room around the room-search conversation that started in Nepalgunj. This page is a soft place to land .","the room-search conversation that started in Nepalgunj","You are the best part of every future Abu imagines.","a quiet “open when” note for your pocket","Samjhana, my Sanu, Abu made the Love Potion Lab room around the room-search conversation that started in Nepalgunj. This page is a soft place to land ","A small surprise: Abu remembers more than he says. You are the best part of every future Abu imagines. This page is Abu’s a promise map for the places"
"183","183","/fairy-tale-generator","Fairy Tale Generator","FairyTaleGeneratorPage","src/pages/FairyTaleGeneratorPage.jsx + src/components/FairyTaleGenerator.jsx + src/components/WorldShell.jsx + src/themes.js + src/components/AudioController.jsx + src/store/useAppStore.js + src/data/roomSequence.js + src/utils/mediaUtils.js + src/utils/whatsappHelper.js","55562","true","7","27","54","176","38","FairyTaleGenerator","text-amber-400 text-center rounded-3xl bg-slate-950 border-4 border-amber-400 shadow-2xl rounded-2xl border-2 border-amber-300 shadow-xl bg-black/40","01972df9cc","NO","NO","Fairy Tale Generator uses FairyTaleGeneratorPage. Memory: the day “Abhay” became “Abu” because you made it yours. Gift: a future postcard from the light-blue scooter road. Voice: Samjhana, my Sanu, Abu made the Fairy Tale Generator room around the day “Abhay” became “Abu” because you made it yours. Read this slowly, Sanu. It wa.","the day “Abhay” became “Abu” because you made it yours","You are the person behind every name Abu says with a softer voice.","a future postcard from the light-blue scooter road","Samjhana, my Sanu, Abu made the Fairy Tale Generator room around the day “Abhay” became “Abu” because you made it yours. Read this slowly, Sanu. It wa","This page is a soft place to land when your day is heavy. You are the person behind every name Abu says with a softer voice. This page is Abu’s a Bage"
"184","184","/enchanted-crystal-ball","Enchanted Crystal Ball","EnchantedCrystalBallPage","src/pages/EnchantedCrystalBallPage.jsx + src/components/EnchantedCrystalBall.jsx + src/components/WorldShell.jsx + src/themes.js + src/components/AudioController.jsx + src/store/useAppStore.js + src/data/roomSequence.js + src/utils/mediaUtils.js + src/utils/whatsappHelper.js","55178","true","7","27","56","166","41","EnchantedCrystalBall","text-indigo-300 text-center rounded-3xl bg-slate-950 border-4 border-indigo-400 shadow-2xl rounded-2xl border-2 border-amber-300 shadow-xl bg-black/40","4589cc0832","NO","NO","Enchanted Crystal Ball uses EnchantedCrystalBallPage. Memory: Water Park laughter and the day moving too quickly. Gift: a promise folded into a keepsake card. Voice: Samjhana, my Sanu, Abu made the Enchanted Crystal Ball room around Water Park laughter and the day moving too quickly. This page is a soft place to la.","Water Park laughter and the day moving too quickly","Your “huss” can make a long day feel close again.","a promise folded into a keepsake card","Samjhana, my Sanu, Abu made the Enchanted Crystal Ball room around Water Park laughter and the day moving too quickly. This page is a soft place to la","A small surprise: Abu remembers more than he says. Your “huss” can make a long day feel close again. This page is Abu’s a compliment saved for your ne"
"185","185","/dragon-princess-adventure","Dragon Princess Adventure","DragonPrincessAdventurePage","src/pages/DragonPrincessAdventurePage.jsx + src/components/DragonPrincessAdventure.jsx + src/components/WorldShell.jsx + src/themes.js + src/components/AudioController.jsx + src/store/useAppStore.js + src/data/roomSequence.js + src/utils/mediaUtils.js + src/utils/whatsappHelper.js","56589","true","7","27","57","169","35","DragonPrincessAdventure","text-amber-400 text-center rounded-3xl bg-slate-950 border-4 border-amber-400 shadow-2xl rounded-2xl border-2 border-amber-300 shadow-xl bg-black/40","a73fe15363","NO","NO","Dragon Princess Adventure uses DragonPrincessAdventurePage. Memory: the room-search conversation that started in Nepalgunj. Gift: a small surprise box with one true thing inside. Voice: Samjhana, my Sanu, Abu made the Dragon Princess Adventure room around the room-search conversation that started in Nepalgunj. Keep this for the next t.","the room-search conversation that started in Nepalgunj","You are the best part of every future Abu imagines.","a small surprise box with one true thing inside","Samjhana, my Sanu, Abu made the Dragon Princess Adventure room around the room-search conversation that started in Nepalgunj. Keep this for the next t","Read this slowly, Sanu. It was made for your exact heart. You are the best part of every future Abu imagines. This page is Abu’s a birthday blessing w"
"186","186","/love-wizard-tower","Love Wizard Tower","LoveWizardTowerPage","src/pages/LoveWizardTowerPage.jsx + src/components/LoveWizardTower.jsx + src/components/WorldShell.jsx + src/themes.js + src/components/AudioController.jsx + src/store/useAppStore.js + src/data/roomSequence.js + src/utils/mediaUtils.js + src/utils/whatsappHelper.js","57084","true","7","27","63","178","36","LoveWizardTower","text-purple-300 text-center rounded-3xl bg-slate-950 border-4 border-purple-400 shadow-2xl rounded-2xl border-2 border-amber-300 shadow-xl bg-black/40","2a0dd8a0fa","NO","NO","Love Wizard Tower uses LoveWizardTowerPage. Memory: the dream of Pokhara, Manang, and Mustang waiting for us. Gift: a quiet “open when” note for your pocket. Voice: Samjhana, my Samjhana, Abu made the Love Wizard Tower room around the dream of Pokhara, Manang, and Mustang waiting for us. This page is a soft place .","the dream of Pokhara, Manang, and Mustang waiting for us","You are beautiful in the moments you never think to pose for.","a quiet “open when” note for your pocket","Samjhana, my Samjhana, Abu made the Love Wizard Tower room around the dream of Pokhara, Manang, and Mustang waiting for us. This page is a soft place ","A small surprise: Abu remembers more than he says. You are beautiful in the moments you never think to pose for. This page is Abu’s a promise map for "
"187","187","/love-graffiti-wall","Love Graffiti Wall","LoveGraffitiWallPage","src/pages/LoveGraffitiWallPage.jsx + src/components/LoveGraffitiWall.jsx + src/components/WorldShell.jsx + src/themes.js + src/components/AudioController.jsx + src/store/useAppStore.js + src/data/roomSequence.js + src/utils/mediaUtils.js + src/utils/whatsappHelper.js","59414","true","8","28","56","174","35","LoveGraffitiWall","text-pink-400 text-center rounded-3xl bg-slate-950 border-4 border-pink-500/70 shadow-2xl rounded-2xl border-stone-700 bg-stone-900 rounded-xl border-2","db4629e0b1","NO","NO","Love Graffiti Wall uses LoveGraffitiWallPage. Memory: the dream of Pokhara, Manang, and Mustang waiting for us. Gift: a tiny memory ticket from Nepalgunj. Voice: Samjhana, my Bhuntu, Abu made the Love Graffiti Wall room around the dream of Pokhara, Manang, and Mustang waiting for us. A small surprise: Abu remem.","the dream of Pokhara, Manang, and Mustang waiting for us","You are beautiful in the moments you never think to pose for.","a tiny memory ticket from Nepalgunj","Samjhana, my Bhuntu, Abu made the Love Graffiti Wall room around the dream of Pokhara, Manang, and Mustang waiting for us. A small surprise: Abu remem","Keep this for the next time distance feels loud. You are beautiful in the moments you never think to pose for. This page is Abu’s a voice-note moment "
"188","188","/love-neon-sign","Love Neon Sign","LoveNeonSignDesignerPage","src/pages/LoveNeonSignDesignerPage.jsx + src/components/LoveNeonSignDesigner.jsx + src/components/AudioController.jsx + src/store/useAppStore.js + src/data/roomSequence.js + src/utils/mediaUtils.js + src/utils/whatsappHelper.js","55453","true","11","31","60","217","63","LoveNeonSignDesigner","font-family: text-align: font-size: text-shadow: border-radius: font-weight: text-decoration: bg-white/90 text-pink-600 rounded-full border-pink-300 shadow-md","1b85286dc2","NO","NO","Love Neon Sign uses LoveNeonSignDesignerPage. Memory: Bageshwori Temple and the prayers we carried home. Gift: a Bageshwori memory pressed between two pages. Voice: Samjhana, my Runchi, Abu made the Love Neon Sign room around Bageshwori Temple and the prayers we carried home. This is a reminder that you are loved .","Bageshwori Temple and the prayers we carried home","Your smile makes Abu forget what he was worried about.","a Bageshwori memory pressed between two pages","Samjhana, my Runchi, Abu made the Love Neon Sign room around Bageshwori Temple and the prayers we carried home. This is a reminder that you are loved ","Open this when you miss Abu. Your smile makes Abu forget what he was worried about. This page is Abu’s a quiet “open when” note for your pocket for Bh"
"189","189","/bhuntu-emoji-comic","Bhuntu Emoji Comic","BhuntuEmojiComicPage","src/pages/BhuntuEmojiComicPage.jsx + src/components/BhuntuEmojiComic.jsx + src/components/AudioController.jsx + src/store/useAppStore.js + src/data/roomSequence.js + src/utils/mediaUtils.js + src/utils/whatsappHelper.js","55340","true","8","28","71","198","49","BhuntuEmojiComic","font-family: border-radius: font-weight: font-size: bg-white/90 text-pink-600 rounded-full border-pink-300 shadow-md font-bold text-xs bg-white","929e517294","NO","NO","Bhuntu Emoji Comic uses BhuntuEmojiComicPage. Memory: dropping you at the Language Institute before Japan. Gift: a soft landing place for a difficult day. Voice: Samjhana, my Fuchee, Abu made the Bhuntu Emoji Comic room around dropping you at the Language Institute before Japan. Keep this for the next time dist.","dropping you at the Language Institute before Japan","Your moods, your laugh, your quiet, and your Bhoot moments all belong to the girl Abu loves.","a soft landing place for a difficult day","Samjhana, my Fuchee, Abu made the Bhuntu Emoji Comic room around dropping you at the Language Institute before Japan. Keep this for the next time dist","Read this slowly, Sanu. It was made for your exact heart. Your moods, your laugh, your quiet, and your Bhoot moments all belong to the girl Abu loves."
"190","190","/love-kaleidoscope","Love Kaleidoscope","LoveKaleidoscopePage","src/pages/LoveKaleidoscopePage.jsx + src/components/LoveKaleidoscope.jsx + src/components/AudioController.jsx + src/store/useAppStore.js + src/data/roomSequence.js + src/utils/mediaUtils.js + src/utils/whatsappHelper.js","51821","true","12","32","64","221","52","LoveKaleidoscope","font-family: border-radius: text-align: font-size: font-weight: bg-white/90 text-pink-600 rounded-full border-pink-300 shadow-md font-bold text-xs","1247b947dc","NO","NO","Love Kaleidoscope uses LoveKaleidoscopePage. Memory: the way you can be Sanzu, Bhuntu, Sanu, Babe, or Runchi and still be home. Gift: a Bageshwori memory pressed between two pages. Voice: Samjhana, my Samjhana, Abu made the Love Kaleidoscope room around the way you can be Sanzu, Bhuntu, Sanu, Babe, or Runchi and still be home. This is a.","the way you can be Sanzu, Bhuntu, Sanu, Babe, or Runchi and still be home","You make Abu want to become gentler, steadier, and more worthy of your trust.","a Bageshwori memory pressed between two pages","Samjhana, my Samjhana, Abu made the Love Kaleidoscope room around the way you can be Sanzu, Bhuntu, Sanu, Babe, or Runchi and still be home. This is a","Open this when you miss Abu. You make Abu want to become gentler, steadier, and more worthy of your trust. This page is Abu’s a quiet “open when” note"
"191","191","/cherry-blossom-wish-tree","Cherry Blossom Wish Tree","CherryBlossomWishTreePage","src/pages/CherryBlossomWishTreePage.jsx + src/components/CherryBlossomWishTree.jsx + src/components/WorldShell.jsx + src/themes.js + src/components/AudioController.jsx + src/store/useAppStore.js + src/data/roomSequence.js + src/utils/mediaUtils.js + src/utils/whatsappHelper.js","54923","true","7","27","53","165","67","CherryBlossomWishTree","text-pink-400 text-center rounded-3xl bg-slate-950 border-4 border-pink-400 shadow-2xl rounded-2xl border-2 border-amber-300 shadow-xl bg-black/40","3babb530a6","NO","NO","Cherry Blossom Wish Tree uses CherryBlossomWishTreePage. Memory: late-night video calls between Nepalgunj and Sakai, Osaka. Gift: a bouquet of words for your soft days. Voice: Samjhana, my Runchi, Abu made the Cherry Blossom Wish Tree room around late-night video calls between Nepalgunj and Sakai, Osaka. The gift inside is n.","late-night video calls between Nepalgunj and Sakai, Osaka","You make ordinary food, ordinary calls, and ordinary rooms feel like memories.","a bouquet of words for your soft days","Samjhana, my Runchi, Abu made the Cherry Blossom Wish Tree room around late-night video calls between Nepalgunj and Sakai, Osaka. The gift inside is n","This is a reminder that you are loved in the details. You make ordinary food, ordinary calls, and ordinary rooms feel like memories. This page is Abu’"
"192","192","/love-advent-calendar","Love Advent Calendar","LoveAdventCalendarPage","src/pages/LoveAdventCalendarPage.jsx + src/components/LoveAdventCalendar.jsx + src/components/WorldShell.jsx + src/themes.js + src/components/AudioController.jsx + src/store/useAppStore.js + src/data/roomSequence.js + src/utils/mediaUtils.js + src/utils/whatsappHelper.js","55604","true","7","27","54","174","42","LoveAdventCalendar","text-rose-500 text-center rounded-3xl bg-slate-950 border-4 border-rose-400 shadow-2xl rounded-2xl border-2 border-amber-300 shadow-xl bg-black/40","eb28d60e01","NO","NO","Love Advent Calendar uses LoveAdventCalendarPage. Memory: the day “Abhay” became “Abu” because you made it yours. Gift: a tiny memory ticket from Nepalgunj. Voice: Samjhana, my Samjhana, Abu made the Love Advent Calendar room around the day “Abhay” became “Abu” because you made it yours. A small surprise: Abu rem.","the day “Abhay” became “Abu” because you made it yours","You are the person behind every name Abu says with a softer voice.","a tiny memory ticket from Nepalgunj","Samjhana, my Samjhana, Abu made the Love Advent Calendar room around the day “Abhay” became “Abu” because you made it yours. A small surprise: Abu rem","Keep this for the next time distance feels loud. You are the person behind every name Abu says with a softer voice. This page is Abu’s a voice-note mo"
"193","193","/new-year-fireworks","New Year Fireworks","NewYearLoveFireworksPage","src/pages/NewYearLoveFireworksPage.jsx + src/components/NewYearLoveFireworks.jsx + src/components/WorldShell.jsx + src/themes.js + src/components/AudioController.jsx + src/store/useAppStore.js + src/data/roomSequence.js + src/utils/mediaUtils.js + src/utils/whatsappHelper.js","54806","true","7","27","53","171","35","NewYearLoveFireworks","text-amber-400 text-center rounded-3xl bg-slate-950 border-4 border-amber-400 shadow-2xl rounded-2xl border-2 border-amber-300 shadow-xl bg-black/40","faef054558","NO","NO","New Year Fireworks uses NewYearLoveFireworksPage. Memory: the room-search conversation that started in Nepalgunj. Gift: a future postcard from the light-blue scooter road. Voice: Samjhana, my Bhoot, Abu made the New Year Fireworks room around the room-search conversation that started in Nepalgunj. Read this slowly, Sanu. It was.","the room-search conversation that started in Nepalgunj","You are the best part of every future Abu imagines.","a future postcard from the light-blue scooter road","Samjhana, my Bhoot, Abu made the New Year Fireworks room around the room-search conversation that started in Nepalgunj. Read this slowly, Sanu. It was","This page is a soft place to land when your day is heavy. You are the best part of every future Abu imagines. This page is Abu’s a Bageshwori memory p"
"194","194","/valentine-card-creator","Valentine Card Creator","ValentineCardCreatorPage","src/pages/ValentineCardCreatorPage.jsx + src/components/ValentineCardCreator.jsx + src/components/WorldShell.jsx + src/themes.js + src/components/AudioController.jsx + src/store/useAppStore.js + src/data/roomSequence.js + src/utils/mediaUtils.js + src/utils/whatsappHelper.js","55666","true","7","27","54","181","38","ValentineCardCreator","text-rose-500 text-center rounded-3xl bg-slate-950 border-4 border-rose-400 shadow-2xl rounded-2xl border-2 border-amber-300 shadow-xl bg-black/40","38d989bb61","NO","NO","Valentine Card Creator uses ValentineCardCreatorPage. Memory: the day “Abhay” became “Abu” because you made it yours. Gift: a tiny memory ticket from Nepalgunj. Voice: Samjhana, my Fuchee, Abu made the Valentine Card Creator room around the day “Abhay” became “Abu” because you made it yours. A small surprise: Abu rem.","the day “Abhay” became “Abu” because you made it yours","You are the person behind every name Abu says with a softer voice.","a tiny memory ticket from Nepalgunj","Samjhana, my Fuchee, Abu made the Valentine Card Creator room around the day “Abhay” became “Abu” because you made it yours. A small surprise: Abu rem","Keep this for the next time distance feels loud. You are the person behind every name Abu says with a softer voice. This page is Abu’s a voice-note mo"
"195","195","/love-dated-calendar","Love Dated Calendar","LoveDatedCalendarPage","src/pages/LoveDatedCalendarPage.jsx + src/components/LoveDatedCalendar.jsx + src/components/WorldShell.jsx + src/themes.js + src/components/AudioController.jsx + src/store/useAppStore.js + src/data/roomSequence.js + src/utils/mediaUtils.js + src/utils/whatsappHelper.js","55921","true","7","27","54","177","35","LoveDatedCalendar","text-pink-400 text-center rounded-3xl bg-slate-950 border-4 border-pink-400 shadow-2xl rounded-2xl border-2 border-amber-300 shadow-xl bg-black/40","40e5d20b0a","NO","NO","Love Dated Calendar uses LoveDatedCalendarPage. Memory: the dream of Pokhara, Manang, and Mustang waiting for us. Gift: a soft landing place for a difficult day. Voice: Samjhana, my Bebo, Abu made the Love Dated Calendar room around the dream of Pokhara, Manang, and Mustang waiting for us. Keep this for the next time .","the dream of Pokhara, Manang, and Mustang waiting for us","You are beautiful in the moments you never think to pose for.","a soft landing place for a difficult day","Samjhana, my Bebo, Abu made the Love Dated Calendar room around the dream of Pokhara, Manang, and Mustang waiting for us. Keep this for the next time ","Read this slowly, Sanu. It was made for your exact heart. You are beautiful in the moments you never think to pose for. This page is Abu’s a bouquet o"
"196","196","/fortune-cookie-love","Fortune Cookie Love","FortuneCookieLovePage","src/pages/FortuneCookieLovePage.jsx + src/components/FortuneCookieLove.jsx + src/components/WorldShell.jsx + src/themes.js + src/components/AudioController.jsx + src/store/useAppStore.js + src/data/roomSequence.js + src/utils/mediaUtils.js + src/utils/whatsappHelper.js","56051","true","7","27","58","178","37","FortuneCookieLove","text-amber-400 text-center rounded-3xl bg-slate-950 border-4 border-amber-400 shadow-2xl rounded-2xl border-2 border-amber-300 shadow-xl bg-black/40","6ec8fc59c8","NO","NO","Fortune Cookie Love uses FortuneCookieLovePage. Memory: the day “Abhay” became “Abu” because you made it yours. Gift: a promise folded into a keepsake card. Voice: Samjhana, my Bebo, Abu made the Fortune Cookie Love room around the day “Abhay” became “Abu” because you made it yours. This page is a soft place to l.","the day “Abhay” became “Abu” because you made it yours","You are the person behind every name Abu says with a softer voice.","a promise folded into a keepsake card","Samjhana, my Bebo, Abu made the Fortune Cookie Love room around the day “Abhay” became “Abu” because you made it yours. This page is a soft place to l","A small surprise: Abu remembers more than he says. You are the person behind every name Abu says with a softer voice. This page is Abu’s a compliment "
"197","197","/infinite-reasons","Infinite Reasons","InfiniteReasonsMachinePage","src/pages/InfiniteReasonsMachinePage.jsx + src/components/InfiniteReasonsMachine.jsx + src/components/WorldShell.jsx + src/themes.js + src/components/AudioController.jsx + src/store/useAppStore.js + src/data/roomSequence.js + src/utils/mediaUtils.js + src/utils/whatsappHelper.js","62346","true","7","27","77","167","36","InfiniteReasonsMachine","rounded-xl border-2 border-rose-400/40 bg-slate-950/80 bg-rose-500/10 border-y border-rose-400/30 text-[9px] font-bold text-rose-200/60 text-center text-[10px]","7d66257378","NO","NO","Infinite Reasons uses InfiniteReasonsMachinePage. Memory: the day “Abhay” became “Abu” because you made it yours. Gift: a small surprise box with one true thing inside. Voice: Samjhana, my Bebo, Abu made the Infinite Reasons room around the day “Abhay” became “Abu” because you made it yours. Keep this for the next time dista.","the day “Abhay” became “Abu” because you made it yours","You are the person behind every name Abu says with a softer voice.","a small surprise box with one true thing inside","Samjhana, my Bebo, Abu made the Infinite Reasons room around the day “Abhay” became “Abu” because you made it yours. Keep this for the next time dista","Read this slowly, Sanu. It was made for your exact heart. You are the person behind every name Abu says with a softer voice. This page is Abu’s a birt"
"198","198","/love-awards-night","Love Awards Night","LoveAwardsNightPage","src/pages/LoveAwardsNightPage.jsx + src/components/LoveAwardsNight.jsx + src/components/WorldShell.jsx + src/themes.js + src/components/AudioController.jsx + src/store/useAppStore.js + src/data/roomSequence.js + src/utils/mediaUtils.js + src/utils/whatsappHelper.js","57712","true","7","27","54","177","37","LoveAwardsNight","text-amber-400 rounded-3xl bg-gradient-to-b from-red-950 via-slate-950 to-stone-950 border-4 border-amber-500/70 shadow-[0_0_50px_rgba bg-black/80 rounded-2xl border-amber-400/40","b4e830f75a","NO","NO","Love Awards Night uses LoveAwardsNightPage. Memory: dropping you at the Language Institute before Japan. Gift: a Sakai-to-Nepalgunj distance token. Voice: Samjhana, my Bebo, Abu made the Love Awards Night room around dropping you at the Language Institute before Japan. A small surprise: Abu remembers mor.","dropping you at the Language Institute before Japan","Your moods, your laugh, your quiet, and your Bhoot moments all belong to the girl Abu loves.","a Sakai-to-Nepalgunj distance token","Samjhana, my Bebo, Abu made the Love Awards Night room around dropping you at the Language Institute before Japan. A small surprise: Abu remembers mor","Keep this for the next time distance feels loud. Your moods, your laugh, your quiet, and your Bhoot moments all belong to the girl Abu loves. This pag"
"199","199","/four-seasons-of-love","Four Seasons Of Love","FourSeasonsOfLovePage","src/pages/FourSeasonsOfLovePage.jsx + src/components/FourSeasonsOfLove.jsx + src/components/WorldShell.jsx + src/themes.js + src/components/AudioController.jsx + src/store/useAppStore.js + src/data/roomSequence.js + src/utils/mediaUtils.js + src/utils/whatsappHelper.js","56129","true","7","27","54","186","37","FourSeasonsOfLove","text-amber-400 text-center rounded-3xl bg-slate-950 border-4 border-amber-400 shadow-2xl rounded-2xl border-2 border-amber-300 shadow-xl bg-black/40","fee3bd6029","NO","NO","Four Seasons Of Love uses FourSeasonsOfLovePage. Memory: Chau-Chau, Panipuri, momo, and the foods that became our language. Gift: a voice-note moment for the nights you miss home. Voice: Samjhana, my Bhuntu, Abu made the Four Seasons Of Love room around Chau-Chau, Panipuri, momo, and the foods that became our language. The secret is si.","Chau-Chau, Panipuri, momo, and the foods that became our language","Your kindness is one of the reasons Abu keeps choosing you.","a voice-note moment for the nights you miss home","Samjhana, my Bhuntu, Abu made the Four Seasons Of Love room around Chau-Chau, Panipuri, momo, and the foods that became our language. The secret is si","The gift inside is not expensive; it is specific to you. Your kindness is one of the reasons Abu keeps choosing you. This page is Abu’s a small surpri"
"200","200","/couple-cookbook","Couple Cookbook","CoupleCookbookPage","src/pages/CoupleCookbookPage.jsx + src/components/CoupleCookbook.jsx + src/components/WorldShell.jsx + src/themes.js + src/components/AudioController.jsx + src/store/useAppStore.js + src/data/roomSequence.js + src/utils/mediaUtils.js + src/utils/whatsappHelper.js","55141","true","7","27","53","168","36","CoupleCookbook","text-emerald-400 text-center rounded-3xl bg-slate-950 border-4 border-emerald-400 shadow-2xl rounded-2xl border-2 border-amber-300 shadow-xl bg-black/40","d09db7e0a0","NO","NO","Couple Cookbook uses CoupleCookbookPage. Memory: the future light-blue scooter ride toward Bardiya. Gift: a voice-note moment for the nights you miss home. Voice: Samjhana, my Sanu, Abu made the Couple Cookbook room around the future light-blue scooter ride toward Bardiya. The secret is simple: Abu would still c.","the future light-blue scooter ride toward Bardiya","Your voice can cross the Nepalgunj-to-Sakai distance faster than any flight.","a voice-note moment for the nights you miss home","Samjhana, my Sanu, Abu made the Couple Cookbook room around the future light-blue scooter ride toward Bardiya. The secret is simple: Abu would still c","The gift inside is not expensive; it is specific to you. Your voice can cross the Nepalgunj-to-Sakai distance faster than any flight. This page is Abu"
"201","201","/couple-bucket-list","Couple Bucket List","CoupleBucketListPage","src/pages/CoupleBucketListPage.jsx + src/components/CoupleBucketList.jsx + src/components/WorldShell.jsx + src/themes.js + src/components/AudioController.jsx + src/store/useAppStore.js + src/data/roomSequence.js + src/utils/mediaUtils.js + src/utils/whatsappHelper.js","55150","true","7","27","53","169","36","CoupleBucketList","text-emerald-400 text-center rounded-3xl bg-slate-950 border-4 border-emerald-400 shadow-2xl rounded-2xl border-2 border-amber-300 shadow-xl bg-black/40","da1cc5c4d1","NO","NO","Couple Bucket List uses CoupleBucketListPage. Memory: Water Park laughter and the day moving too quickly. Gift: a future postcard from the light-blue scooter road. Voice: Samjhana, my Bhuntu, Abu made the Couple Bucket List room around Water Park laughter and the day moving too quickly. Read this slowly, Sanu. It was ma.","Water Park laughter and the day moving too quickly","Your “huss” can make a long day feel close again.","a future postcard from the light-blue scooter road","Samjhana, my Bhuntu, Abu made the Couple Bucket List room around Water Park laughter and the day moving too quickly. Read this slowly, Sanu. It was ma","This page is a soft place to land when your day is heavy. Your “huss” can make a long day feel close again. This page is Abu’s a Bageshwori memory pre"
"202","202","/grand-love-universe","Grand Love Universe","GrandLoveUniversePage","src/pages/GrandLoveUniversePage.jsx + src/components/GrandLoveUniverse.jsx + src/components/WorldShell.jsx + src/themes.js + src/components/AudioController.jsx + src/store/useAppStore.js + src/data/roomSequence.js + src/utils/mediaUtils.js + src/utils/whatsappHelper.js","60647","true","7","27","60","186","39","GrandLoveUniverse","from-amber-400 to-yellow-500 from-blue-400 to-indigo-600 from-yellow-300 to-amber-500 from-pink-400 to-rose-500 from-orange-400 to-amber-600 from-emerald-400 to-teal-600","337863c31f","NO","NO","Grand Love Universe uses GrandLoveUniversePage. Memory: the dream of Pokhara, Manang, and Mustang waiting for us. Gift: a soft landing place for a difficult day. Voice: Samjhana, my Samjhana, Abu made the Grand Love Universe room around the dream of Pokhara, Manang, and Mustang waiting for us. Keep this for the next t.","the dream of Pokhara, Manang, and Mustang waiting for us","You are beautiful in the moments you never think to pose for.","a soft landing place for a difficult day","Samjhana, my Samjhana, Abu made the Grand Love Universe room around the dream of Pokhara, Manang, and Mustang waiting for us. Keep this for the next t","Read this slowly, Sanu. It was made for your exact heart. You are beautiful in the moments you never think to pose for. This page is Abu’s a bouquet o"
"203","203","/sanzu-photo-gallery","Samjhana Through Abu’s Eyes","SanzuPhotoGalleryGridPage","src/pages/SanzuPhotoGalleryGridPage.jsx + src/components/SanzuPhotoGalleryGrid.jsx + src/components/WorldShell.jsx + src/themes.js + src/components/AudioController.jsx + src/store/useAppStore.js + src/data/roomSequence.js + src/utils/mediaUtils.js + src/utils/whatsappHelper.js","58223","true","8","28","66","173","36","SanzuPhotoGalleryGrid","text-pink-400 text-center font-ui rounded-3xl bg-slate-950 border-4 border-pink-400 shadow-2xl rounded-2xl border-2 border-amber-300 shadow-xl","4c33196946","NO","NO","Samjhana Through Abu’s Eyes uses SanzuPhotoGalleryGridPage. Memory: Water Park laughter and the day moving too quickly. Gift: a promise folded into a keepsake card. Voice: Samjhana, my Fuchee, Abu made the Sanzu Photo Gallery room around Water Park laughter and the day moving too quickly. This page is a soft place to lan.","Water Park laughter and the day moving too quickly","Your “huss” can make a long day feel close again.","a promise folded into a keepsake card","Samjhana, my Fuchee, Abu made the Sanzu Photo Gallery room around Water Park laughter and the day moving too quickly. This page is a soft place to lan","A small surprise: Abu remembers more than he says. Your “huss” can make a long day feel close again. This page is Abu’s a compliment saved for your ne"
"204","204","/romantic-audio-player","The Voice Abu Keeps Close","RomanticAudioPlayerPage","src/pages/RomanticAudioPlayerPage.jsx + src/components/RomanticAudioPlayer.jsx + src/components/WorldShell.jsx + src/themes.js + src/components/AudioController.jsx + src/store/useAppStore.js + src/data/roomSequence.js + src/utils/mediaUtils.js + src/utils/whatsappHelper.js","58395","true","8","28","59","166","35","RomanticAudioPlayer","text-pink-400 rounded-3xl bg-gradient-to-b from-stone-900 via-slate-950 to-stone-950 border-4 border-pink-500/50 shadow-[0_0_50px_rgba bg-stone-900 border-2 border-stone-800","3f9da7a7fb","NO","NO","The Voice Abu Keeps Close uses RomanticAudioPlayerPage. Memory: the day “Abhay” became “Abu” because you made it yours. Gift: a small surprise box with one true thing inside. Voice: Samjhana, my Runchi, Abu made the Romantic Audio Player room around the day “Abhay” became “Abu” because you made it yours. Keep this for the next tim.","the day “Abhay” became “Abu” because you made it yours","You are the person behind every name Abu says with a softer voice.","a small surprise box with one true thing inside","Samjhana, my Runchi, Abu made the Romantic Audio Player room around the day “Abhay” became “Abu” because you made it yours. Keep this for the next tim","Read this slowly, Sanu. It was made for your exact heart. You are the person behind every name Abu says with a softer voice. This page is Abu’s a birt"
"205","205","/love-memory-tree-3d","The Memory Tree We Keep Growing","LoveMemoryTree3DPage","src/pages/LoveMemoryTree3DPage.jsx + src/components/LoveMemoryTree3D.jsx + src/components/WorldShell.jsx + src/themes.js + src/components/AudioController.jsx + src/store/useAppStore.js + src/data/roomSequence.js + src/utils/mediaUtils.js + src/utils/whatsappHelper.js","54793","true","7","27","53","189","53","LoveMemoryTree3D","text-emerald-400 text-center rounded-3xl bg-slate-950 border-4 border-emerald-400 shadow-2xl rounded-2xl border-2 border-amber-300 shadow-xl bg-black/40","b19e3fa37c","NO","NO","The Memory Tree We Keep Growing uses LoveMemoryTree3DPage. Memory: Chau-Chau, Panipuri, momo, and the foods that became our language. Gift: a voice-note moment for the nights you miss home. Voice: Samjhana, my Babe, Abu made the Love Memory Tree 3d room around Chau-Chau, Panipuri, momo, and the foods that became our language. The secret is simpl.","Chau-Chau, Panipuri, momo, and the foods that became our language","Your kindness is one of the reasons Abu keeps choosing you.","a voice-note moment for the nights you miss home","Samjhana, my Babe, Abu made the Love Memory Tree 3d room around Chau-Chau, Panipuri, momo, and the foods that became our language. The secret is simpl","The gift inside is not expensive; it is specific to you. Your kindness is one of the reasons Abu keeps choosing you. This page is Abu’s a small surpri"
"206","206","/nepalgunj-osaka-flight","The Flight Between Abu and Sanzu","NepalgunjToOsakaFlightSimPage","src/pages/NepalgunjToOsakaFlightSimPage.jsx + src/components/NepalgunjToOsakaFlightSim.jsx + src/components/WorldShell.jsx + src/themes.js + src/components/AudioController.jsx + src/store/useAppStore.js + src/data/roomSequence.js + src/utils/mediaUtils.js + src/utils/whatsappHelper.js","57820","true","7","27","54","179","37","NepalgunjToOsakaFlightSim","text-sky-400 text-center font-ui rounded-3xl bg-slate-950 border-4 border-sky-500/80 shadow-[0_0_50px_rgba text-xs font-mono font-bold text-sky-300","1cffed6300","NO","NO","The Flight Between Abu and Sanzu uses NepalgunjToOsakaFlightSimPage. Memory: dropping you at the Language Institute before Japan. Gift: a promise folded into a keepsake card. Voice: Samjhana, my Bhuntu, Abu made the Nepalgunj Osaka Flight room around dropping you at the Language Institute before Japan. This page is a soft place to.","dropping you at the Language Institute before Japan","Your moods, your laugh, your quiet, and your Bhoot moments all belong to the girl Abu loves.","a promise folded into a keepsake card","Samjhana, my Bhuntu, Abu made the Nepalgunj Osaka Flight room around dropping you at the Language Institute before Japan. This page is a soft place to","A small surprise: Abu remembers more than he says. Your moods, your laugh, your quiet, and your Bhoot moments all belong to the girl Abu loves. This p"
"207","207","/bhuntu-voice-note-archive","Voice Notes Abu Saves","BhuntuVoiceNoteArchivePage","src/pages/BhuntuVoiceNoteArchivePage.jsx + src/components/BhuntuVoiceNoteArchive.jsx + src/components/WorldShell.jsx + src/themes.js + src/components/AudioController.jsx + src/store/useAppStore.js + src/data/roomSequence.js + src/utils/mediaUtils.js + src/utils/whatsappHelper.js","55816","true","7","27","54","176","37","BhuntuVoiceNoteArchive","text-purple-300 text-center rounded-3xl bg-slate-950 border-4 border-purple-400 shadow-2xl rounded-2xl border-2 border-amber-300 shadow-xl bg-black/40","d233245c30","NO","NO","Voice Notes Abu Saves uses BhuntuVoiceNoteArchivePage. Memory: the way you can be Sanzu, Bhuntu, Sanu, Babe, or Runchi and still be home. Gift: a private letter from Abu. Voice: Samjhana, my Babe, Abu made the Bhuntu Voice Note Archive room around the way you can be Sanzu, Bhuntu, Sanu, Babe, or Runchi and still be home. This .","the way you can be Sanzu, Bhuntu, Sanu, Babe, or Runchi and still be home","You make Abu want to become gentler, steadier, and more worthy of your trust.","a private letter from Abu","Samjhana, my Babe, Abu made the Bhuntu Voice Note Archive room around the way you can be Sanzu, Bhuntu, Sanu, Babe, or Runchi and still be home. This ","Open this when you miss Abu. You make Abu want to become gentler, steadier, and more worthy of your trust. This page is Abu’s a promise folded into a "
"208","208","/couple-milestone-map","The Milestones We Keep","CoupleMilestoneMapPage","src/pages/CoupleMilestoneMapPage.jsx + src/components/CoupleMilestoneMap.jsx + src/components/WorldShell.jsx + src/themes.js + src/components/AudioController.jsx + src/store/useAppStore.js + src/data/roomSequence.js + src/utils/mediaUtils.js + src/utils/whatsappHelper.js","55998","true","7","27","54","170","36","CoupleMilestoneMap","text-pink-400 text-center rounded-3xl bg-slate-950 border-4 border-pink-400 shadow-2xl rounded-2xl border-2 border-amber-300 shadow-xl bg-black/40","8ad91aec82","NO","NO","The Milestones We Keep uses CoupleMilestoneMapPage. Memory: the room-search conversation that started in Nepalgunj. Gift: a quiet “open when” note for your pocket. Voice: Samjhana, my Fuchee, Abu made the Couple Milestone Map room around the room-search conversation that started in Nepalgunj. This page is a soft place t.","the room-search conversation that started in Nepalgunj","You are the best part of every future Abu imagines.","a quiet “open when” note for your pocket","Samjhana, my Fuchee, Abu made the Couple Milestone Map room around the room-search conversation that started in Nepalgunj. This page is a soft place t","A small surprise: Abu remembers more than he says. You are the best part of every future Abu imagines. This page is Abu’s a promise map for the places"
"209","209","/romantic-petal-rain","Petals for Samjhana","RomanticPetalRainPage","src/pages/RomanticPetalRainPage.jsx + src/components/RomanticPetalRain.jsx + src/components/WorldShell.jsx + src/themes.js + src/components/AudioController.jsx + src/store/useAppStore.js + src/data/roomSequence.js + src/utils/mediaUtils.js + src/utils/whatsappHelper.js","55218","true","7","27","54","170","44","RomanticPetalRain","text-rose-400 text-center rounded-3xl bg-slate-950 border-4 border-rose-400 shadow-2xl rounded-2xl border-2 border-amber-300 shadow-xl bg-black/40","ce555cc423","NO","NO","Petals for Samjhana uses RomanticPetalRainPage. Memory: dropping you at the Language Institute before Japan. Gift: a tiny cinema ticket for one moment Abu would replay. Voice: Samjhana, my Bhuntu, Abu made the Romantic Petal Rain room around dropping you at the Language Institute before Japan. Read this slowly, Sanu. It was .","dropping you at the Language Institute before Japan","Your moods, your laugh, your quiet, and your Bhoot moments all belong to the girl Abu loves.","a tiny cinema ticket for one moment Abu would replay","Samjhana, my Bhuntu, Abu made the Romantic Petal Rain room around dropping you at the Language Institute before Japan. Read this slowly, Sanu. It was ","This page is a soft place to land when your day is heavy. Your moods, your laugh, your quiet, and your Bhoot moments all belong to the girl Abu loves."
"210","210","/love-letter-popup-3d","A Letter That Opens for You","LoveLetterPopUp3DPage","src/pages/LoveLetterPopUp3DPage.jsx + src/components/LoveLetterPopUp3D.jsx + src/components/WorldShell.jsx + src/themes.js + src/components/AudioController.jsx + src/store/useAppStore.js + src/data/roomSequence.js + src/utils/mediaUtils.js + src/utils/whatsappHelper.js","56177","true","7","27","57","209","37","LoveLetterPopUp3D","text-rose-400 text-center rounded-3xl bg-slate-950 border-4 border-rose-400 shadow-2xl rounded-2xl border-2 border-amber-300 shadow-xl bg-black/40","087fd1ed95","NO","NO","A Letter That Opens for You uses LoveLetterPopUp3DPage. Memory: Bageshwori Temple and the prayers we carried home. Gift: a private letter from Abu. Voice: Samjhana, my Sanu, Abu made the Love Letter Popup 3d room around Bageshwori Temple and the prayers we carried home. This is a reminder that you are lo.","Bageshwori Temple and the prayers we carried home","Your smile makes Abu forget what he was worried about.","a private letter from Abu","Samjhana, my Sanu, Abu made the Love Letter Popup 3d room around Bageshwori Temple and the prayers we carried home. This is a reminder that you are lo","Open this when you miss Abu. Your smile makes Abu forget what he was worried about. This page is Abu’s a promise folded into a keepsake card for Babe."
"211","211","/love-memory-film-strip","Our Story on Film","LoveMemoryFilmStripPage","src/pages/LoveMemoryFilmStripPage.jsx + src/components/LoveMemoryFilmStrip.jsx + src/components/WorldShell.jsx + src/themes.js + src/components/AudioController.jsx + src/store/useAppStore.js + src/data/roomSequence.js + src/utils/mediaUtils.js + src/utils/whatsappHelper.js","61138","true","7","27","60","200","53","LoveMemoryFilmStrip","text-amber-400 text-center rounded-full text-xs font-bold bg-amber-500 text-black border-amber-300 font-extrabold bg-stone-900 text-amber-300 border-amber-500/30","1fc2c6c956","NO","NO","Our Story on Film uses LoveMemoryFilmStripPage. Memory: Chau-Chau, Panipuri, momo, and the foods that became our language. Gift: a promise map for the places we still want to see. Voice: Samjhana, my Bhuntu, Abu made the Love Memory Film Strip room around Chau-Chau, Panipuri, momo, and the foods that became our language. Open this when.","Chau-Chau, Panipuri, momo, and the foods that became our language","Your kindness is one of the reasons Abu keeps choosing you.","a promise map for the places we still want to see","Samjhana, my Bhuntu, Abu made the Love Memory Film Strip room around Chau-Chau, Panipuri, momo, and the foods that became our language. Open this when","The secret is simple: Abu would still choose you in every version of the story. Your kindness is one of the reasons Abu keeps choosing you. This page "
"212","212","/love-candlelight-dinner","A Table for Abu and Sanzu","LoveCandleLightDinnerPage","src/pages/LoveCandleLightDinnerPage.jsx + src/components/LoveCandleLightDinner.jsx + src/components/WorldShell.jsx + src/themes.js + src/components/AudioController.jsx + src/store/useAppStore.js + src/data/roomSequence.js + src/utils/mediaUtils.js + src/utils/whatsappHelper.js","55905","true","7","27","54","174","35","LoveCandleLightDinner","text-amber-400 text-center rounded-3xl bg-slate-950 border-4 border-amber-400 shadow-2xl rounded-2xl border-2 border-amber-300 shadow-xl bg-black/40","4646c1027b","NO","NO","A Table for Abu and Sanzu uses LoveCandleLightDinnerPage. Memory: the dream of Pokhara, Manang, and Mustang waiting for us. Gift: a small surprise box with one true thing inside. Voice: Samjhana, my Sanzu, Abu made the Love Candlelight Dinner room around the dream of Pokhara, Manang, and Mustang waiting for us. Keep this for the next .","the dream of Pokhara, Manang, and Mustang waiting for us","You are beautiful in the moments you never think to pose for.","a small surprise box with one true thing inside","Samjhana, my Sanzu, Abu made the Love Candlelight Dinner room around the dream of Pokhara, Manang, and Mustang waiting for us. Keep this for the next ","Read this slowly, Sanu. It was made for your exact heart. You are beautiful in the moments you never think to pose for. This page is Abu’s a birthday "
"213","213","/bhuntu-nicknames-galaxy","The Galaxy of Names Abu Calls You","BhuntuNicknamesGalaxyPage","src/pages/BhuntuNicknamesGalaxyPage.jsx + src/components/BhuntuNicknamesGalaxy.jsx + src/components/WorldShell.jsx + src/themes.js + src/components/AudioController.jsx + src/store/useAppStore.js + src/data/roomSequence.js + src/utils/mediaUtils.js + src/utils/whatsappHelper.js","61564","true","7","27","59","185","35","BhuntuNicknamesGalaxy","text-purple-300 text-center rounded-3xl bg-slate-950 border-4 border-purple-500/70 shadow-[0_0_50px_rgba text-xs font-mono font-bold bg-purple-950/40 rounded-2xl","abb9109dd0","NO","NO","The Galaxy of Names Abu Calls You uses BhuntuNicknamesGalaxyPage. Memory: the room-search conversation that started in Nepalgunj. Gift: a small surprise box with one true thing inside. Voice: Samjhana, my Bhuntu, Abu made the Bhuntu Nicknames Galaxy room around the room-search conversation that started in Nepalgunj. Keep this for the next t.","the room-search conversation that started in Nepalgunj","You are the best part of every future Abu imagines.","a small surprise box with one true thing inside","Samjhana, my Bhuntu, Abu made the Bhuntu Nicknames Galaxy room around the room-search conversation that started in Nepalgunj. Keep this for the next t","Read this slowly, Sanu. It was made for your exact heart. You are the best part of every future Abu imagines. This page is Abu’s a birthday blessing w"
"214","214","/love-fortune-cookie-jar","Fortunes Abu Writes for You","LoveFortuneCookieJarPage","src/pages/LoveFortuneCookieJarPage.jsx + src/components/LoveFortuneCookieJar.jsx + src/components/WorldShell.jsx + src/themes.js + src/components/AudioController.jsx + src/store/useAppStore.js + src/data/roomSequence.js + src/utils/mediaUtils.js + src/utils/whatsappHelper.js","63173","true","7","27","78","172","36","LoveFortuneCookieJar","rounded-full bg-amber-400 text-amber-400 rounded-t-xl bg-amber-600/40 rounded-b-[3rem] border-2 border-amber-300/30 text-[8px] font-mono font-bold text-amber-700/70","17e665a3a8","NO","NO","Fortunes Abu Writes for You uses LoveFortuneCookieJarPage. Memory: late-night video calls between Nepalgunj and Sakai, Osaka. Gift: a private letter from Abu. Voice: Samjhana, my Sanzu, Abu made the Love Fortune Cookie Jar room around late-night video calls between Nepalgunj and Sakai, Osaka. This is a reminder tha.","late-night video calls between Nepalgunj and Sakai, Osaka","You make ordinary food, ordinary calls, and ordinary rooms feel like memories.","a private letter from Abu","Samjhana, my Sanzu, Abu made the Love Fortune Cookie Jar room around late-night video calls between Nepalgunj and Sakai, Osaka. This is a reminder tha","Open this when you miss Abu. You make ordinary food, ordinary calls, and ordinary rooms feel like memories. This page is Abu’s a promise folded into a"
"215","215","/couple-bucket-list-globe","Our Future Places on a Globe","CoupleBucketListGlobePage","src/pages/CoupleBucketListGlobePage.jsx + src/components/CoupleBucketListGlobe.jsx + src/components/WorldShell.jsx + src/themes.js + src/components/AudioController.jsx + src/store/useAppStore.js + src/data/roomSequence.js + src/utils/mediaUtils.js + src/utils/whatsappHelper.js","62829","true","7","27","59","172","35","CoupleBucketListGlobe","text-sky-400 text-center text-xs font-mono font-bold text-sky-300 bg-sky-950/40 rounded-2xl border-sky-400/30 text-amber-300 font-extrabold rounded-full","c2b2f8ec05","NO","NO","Our Future Places on a Globe uses CoupleBucketListGlobePage. Memory: Chau-Chau, Panipuri, momo, and the foods that became our language. Gift: a compliment saved for your next tired day. Voice: Samjhana, my Bebo, Abu made the Couple Bucket List Globe room around Chau-Chau, Panipuri, momo, and the foods that became our language. Open this when.","Chau-Chau, Panipuri, momo, and the foods that became our language","Your kindness is one of the reasons Abu keeps choosing you.","a compliment saved for your next tired day","Samjhana, my Bebo, Abu made the Couple Bucket List Globe room around Chau-Chau, Panipuri, momo, and the foods that became our language. Open this when","The secret is simple: Abu would still choose you in every version of the story. Your kindness is one of the reasons Abu keeps choosing you. This page "
"216","216","/love-audio-visualizer-2","The Shape of Your Voice","LoveAudioVisualizer2Page","src/pages/LoveAudioVisualizer2Page.jsx + src/components/LoveAudioVisualizer2.jsx + src/components/WorldShell.jsx + src/themes.js + src/components/AudioController.jsx + src/store/useAppStore.js + src/data/roomSequence.js + src/utils/mediaUtils.js + src/utils/whatsappHelper.js","55799","true","7","27","54","171","35","LoveAudioVisualizer2","text-sky-400 text-center rounded-3xl bg-slate-950 border-4 border-sky-400 shadow-2xl rounded-2xl border-2 border-amber-300 shadow-xl bg-black/40","4cde3dd915","NO","NO","The Shape of Your Voice uses LoveAudioVisualizer2Page. Memory: Chau-Chau, Panipuri, momo, and the foods that became our language. Gift: a memory ribbon tied to your favourite name. Voice: Samjhana, my Fuchee, Abu made the Love Audio Visualizer 2 room around Chau-Chau, Panipuri, momo, and the foods that became our language. The secret is.","Chau-Chau, Panipuri, momo, and the foods that became our language","Your kindness is one of the reasons Abu keeps choosing you.","a memory ribbon tied to your favourite name","Samjhana, my Fuchee, Abu made the Love Audio Visualizer 2 room around Chau-Chau, Panipuri, momo, and the foods that became our language. The secret is","The gift inside is not expensive; it is specific to you. Your kindness is one of the reasons Abu keeps choosing you. This page is Abu’s a soft landing"
"217","217","/romantic-photo-slider-3d","A Slow Gallery of Samjhana","RomanticPhotoSlider3DPage","src/pages/RomanticPhotoSlider3DPage.jsx + src/components/RomanticPhotoSlider3D.jsx + src/components/WorldShell.jsx + src/themes.js + src/components/AudioController.jsx + src/store/useAppStore.js + src/data/roomSequence.js + src/utils/mediaUtils.js + src/utils/whatsappHelper.js","60904","true","8","28","71","168","37","RomanticPhotoSlider3D","bg-stone-900 rounded-sm bg-stone-950 border-stone-700 shadow-inner text-amber-300 font-mono text-[10px] text-amber-500/80 rounded-full bg-amber-400 bg-stone-600","c4c0ca0f05","NO","NO","A Slow Gallery of Samjhana uses RomanticPhotoSlider3DPage. Memory: late-night video calls between Nepalgunj and Sakai, Osaka. Gift: a compliment saved for your next tired day. Voice: Samjhana, my Babe, Abu made the Romantic Photo Slider 3d room around late-night video calls between Nepalgunj and Sakai, Osaka. Open this when you mis.","late-night video calls between Nepalgunj and Sakai, Osaka","You make ordinary food, ordinary calls, and ordinary rooms feel like memories.","a compliment saved for your next tired day","Samjhana, my Babe, Abu made the Romantic Photo Slider 3d room around late-night video calls between Nepalgunj and Sakai, Osaka. Open this when you mis","The secret is simple: Abu would still choose you in every version of the story. You make ordinary food, ordinary calls, and ordinary rooms feel like m"
"218","218","/love-stamp-collection","Stamps Abu Collected for You","LoveStampCollectionPage","src/pages/LoveStampCollectionPage.jsx + src/components/LoveStampCollection.jsx + src/components/WorldShell.jsx + src/themes.js + src/components/AudioController.jsx + src/store/useAppStore.js + src/data/roomSequence.js + src/utils/mediaUtils.js + src/utils/whatsappHelper.js","57693","true","7","27","55","173","35","LoveStampCollection","text-rose-500 text-center rounded-3xl bg-amber-950/40 border-4 border-amber-500/70 shadow-2xl bg-black/80 rounded-2xl border-amber-400/40 text-amber-300 font-mono","139eb0f6e5","NO","NO","Stamps Abu Collected for You uses LoveStampCollectionPage. Memory: the room-search conversation that started in Nepalgunj. Gift: a soft landing place for a difficult day. Voice: Samjhana, my Bhuntu, Abu made the Love Stamp Collection room around the room-search conversation that started in Nepalgunj. Keep this for the next tim.","the room-search conversation that started in Nepalgunj","You are the best part of every future Abu imagines.","a soft landing place for a difficult day","Samjhana, my Bhuntu, Abu made the Love Stamp Collection room around the room-search conversation that started in Nepalgunj. Keep this for the next tim","Read this slowly, Sanu. It was made for your exact heart. You are the best part of every future Abu imagines. This page is Abu’s a bouquet of words fo"
"219","219","/romantic-night-skywriter","A Message Abu Wrote in the Night","RomanticNightSkyWriterPage","src/pages/RomanticNightSkyWriterPage.jsx + src/components/RomanticNightSkyWriter.jsx + src/components/WorldShell.jsx + src/themes.js + src/components/AudioController.jsx + src/store/useAppStore.js + src/data/roomSequence.js + src/utils/mediaUtils.js + src/utils/whatsappHelper.js","57995","true","7","27","59","170","45","RomanticNightSkyWriter","text-purple-300 text-center rounded-3xl bg-slate-950 border-4 border-purple-500/70 shadow-[0_0_50px_rgba rounded-2xl bg-gradient-to-b from-slate-950 via-purple-950 to-indigo-950","2b9ca5efb6","NO","NO","A Message Abu Wrote in the Night uses RomanticNightSkyWriterPage. Memory: the dream of Pokhara, Manang, and Mustang waiting for us. Gift: a quiet “open when” note for your pocket. Voice: Samjhana, my Bebo, Abu made the Romantic Night Skywriter room around the dream of Pokhara, Manang, and Mustang waiting for us. This page is a soft pla.","the dream of Pokhara, Manang, and Mustang waiting for us","You are beautiful in the moments you never think to pose for.","a quiet “open when” note for your pocket","Samjhana, my Bebo, Abu made the Romantic Night Skywriter room around the dream of Pokhara, Manang, and Mustang waiting for us. This page is a soft pla","A small surprise: Abu remembers more than he says. You are beautiful in the moments you never think to pose for. This page is Abu’s a promise map for "
"220","220","/couple-recipe-book","Recipes for Our Future Days","CoupleRecipeBookPage","src/pages/CoupleRecipeBookPage.jsx + src/components/CoupleRecipeBook.jsx + src/components/WorldShell.jsx + src/themes.js + src/components/AudioController.jsx + src/store/useAppStore.js + src/data/roomSequence.js + src/utils/mediaUtils.js + src/utils/whatsappHelper.js","58465","true","7","27","61","169","35","CoupleRecipeBook","text-amber-400 text-center rounded-3xl bg-slate-950 border-4 border-amber-500/70 shadow-2xl rounded-2xl bg-amber-950/30 border-2 border-amber-400/40 shadow-inner","bf9b4859aa","NO","NO","Recipes for Our Future Days uses CoupleRecipeBookPage. Memory: dropping you at the Language Institute before Japan. Gift: a tiny cinema ticket for one moment Abu would replay. Voice: Samjhana, my Bhoot, Abu made the Couple Recipe Book room around dropping you at the Language Institute before Japan. Read this slowly, Sanu. It was ma.","dropping you at the Language Institute before Japan","Your moods, your laugh, your quiet, and your Bhoot moments all belong to the girl Abu loves.","a tiny cinema ticket for one moment Abu would replay","Samjhana, my Bhoot, Abu made the Couple Recipe Book room around dropping you at the Language Institute before Japan. Read this slowly, Sanu. It was ma","This page is a soft place to land when your day is heavy. Your moods, your laugh, your quiet, and your Bhoot moments all belong to the girl Abu loves."
"221","221","/love-constellation-maker","A Constellation for Sanzu","LoveConstellationMakerPage","src/pages/LoveConstellationMakerPage.jsx + src/components/LoveConstellationMaker.jsx + src/components/WorldShell.jsx + src/themes.js + src/components/AudioController.jsx + src/store/useAppStore.js + src/data/roomSequence.js + src/utils/mediaUtils.js + src/utils/whatsappHelper.js","58797","true","7","27","59","167","36","LoveConstellationMaker","text-purple-300 text-center rounded-3xl bg-slate-950 border-4 border-purple-500/70 shadow-[0_0_50px_rgba rounded-full border-amber-400/80 bg-gradient-to-b from-purple-950/60 via-slate-950","8c6128efc0","NO","NO","A Constellation for Sanzu uses LoveConstellationMakerPage. Memory: the day “Abhay” became “Abu” because you made it yours. Gift: a future postcard from the light-blue scooter road. Voice: Samjhana, my Fuchee, Abu made the Love Constellation Maker room around the day “Abhay” became “Abu” because you made it yours. Read this slowly, Sanu..","the day “Abhay” became “Abu” because you made it yours","You are the person behind every name Abu says with a softer voice.","a future postcard from the light-blue scooter road","Samjhana, my Fuchee, Abu made the Love Constellation Maker room around the day “Abhay” became “Abu” because you made it yours. Read this slowly, Sanu.","This page is a soft place to land when your day is heavy. You are the person behind every name Abu says with a softer voice. This page is Abu’s a Bage"
"222","222","/bhuntu-love-polaroids","Bhuntu Love Polaroids","BhuntuLovePolaroidsPage","src/pages/BhuntuLovePolaroidsPage.jsx + src/components/BhuntuLovePolaroids.jsx + src/components/WorldShell.jsx + src/themes.js + src/components/AudioController.jsx + src/store/useAppStore.js + src/data/roomSequence.js + src/utils/mediaUtils.js + src/utils/whatsappHelper.js","55594","true","7","27","54","180","36","BhuntuLovePolaroids","text-pink-400 text-center rounded-3xl bg-slate-950 border-4 border-pink-400 shadow-2xl rounded-2xl border-2 border-amber-300 shadow-xl bg-black/40","54bc189d5f","NO","NO","Bhuntu Love Polaroids uses BhuntuLovePolaroidsPage. Memory: Water Park laughter and the day moving too quickly. Gift: a quiet “open when” note for your pocket. Voice: Samjhana, my Sanzu, Abu made the Bhuntu Love Polaroids room around Water Park laughter and the day moving too quickly. This page is a soft place to la.","Water Park laughter and the day moving too quickly","Your “huss” can make a long day feel close again.","a quiet “open when” note for your pocket","Samjhana, my Sanzu, Abu made the Bhuntu Love Polaroids room around Water Park laughter and the day moving too quickly. This page is a soft place to la","A small surprise: Abu remembers more than he says. Your “huss” can make a long day feel close again. This page is Abu’s a promise map for the places w"
"223","223","/love-tarot-oracle-2","The Future Abu Wishes You","LoveTarotOracle2Page","src/pages/LoveTarotOracle2Page.jsx + src/components/LoveTarotOracle2.jsx + src/components/WorldShell.jsx + src/themes.js + src/components/AudioController.jsx + src/store/useAppStore.js + src/data/roomSequence.js + src/utils/mediaUtils.js + src/utils/whatsappHelper.js","57707","true","7","27","57","173","39","LoveTarotOracle2","text-purple-300 rounded-3xl border-2 shadow-2xl bg-slate-950 border-purple-400/80 shadow-[0_0_30px_rgba bg-gradient-to-b from-purple-950 via-slate-950 to-indigo-950 border-amber-400/50","0b56089c68","NO","NO","The Future Abu Wishes You uses LoveTarotOracle2Page. Memory: the future light-blue scooter ride toward Bardiya. Gift: a memory ribbon tied to your favourite name. Voice: Samjhana, my Runchi, Abu made the Love Tarot Oracle 2 room around the future light-blue scooter ride toward Bardiya. The secret is simple: Abu would s.","the future light-blue scooter ride toward Bardiya","Your voice can cross the Nepalgunj-to-Sakai distance faster than any flight.","a memory ribbon tied to your favourite name","Samjhana, my Runchi, Abu made the Love Tarot Oracle 2 room around the future light-blue scooter ride toward Bardiya. The secret is simple: Abu would s","The gift inside is not expensive; it is specific to you. Your voice can cross the Nepalgunj-to-Sakai distance faster than any flight. This page is Abu"
"224","224","/romantic-locket-changer","A Locket for the Person Abu Loves","RomanticLocketChangerPage","src/pages/RomanticLocketChangerPage.jsx + src/components/RomanticLocketChanger.jsx + src/components/WorldShell.jsx + src/themes.js + src/components/AudioController.jsx + src/store/useAppStore.js + src/data/roomSequence.js + src/utils/mediaUtils.js + src/utils/whatsappHelper.js","57630","true","7","27","59","166","36","RomanticLocketChanger","from-amber-400 to-yellow-600 border-amber-300 shadow-amber-500/50 from-rose-400 to-pink-600 border-rose-300 shadow-rose-500/50 from-slate-300 to-stone-500 border-slate-200 shadow-slate-400/50","f7c0b07cfc","NO","NO","A Locket for the Person Abu Loves uses RomanticLocketChangerPage. Memory: dropping you at the Language Institute before Japan. Gift: a soft landing place for a difficult day. Voice: Samjhana, my Runchi, Abu made the Romantic Locket Changer room around dropping you at the Language Institute before Japan. Keep this for the next time.","dropping you at the Language Institute before Japan","Your moods, your laugh, your quiet, and your Bhoot moments all belong to the girl Abu loves.","a soft landing place for a difficult day","Samjhana, my Runchi, Abu made the Romantic Locket Changer room around dropping you at the Language Institute before Japan. Keep this for the next time","Read this slowly, Sanu. It was made for your exact heart. Your moods, your laugh, your quiet, and your Bhoot moments all belong to the girl Abu loves."
"225","225","/couple-movie-marathon","Movies Abu Wants to Watch with You","CoupleMovieMarathonPage","src/pages/CoupleMovieMarathonPage.jsx + src/components/CoupleMovieMarathon.jsx + src/components/WorldShell.jsx + src/themes.js + src/components/AudioController.jsx + src/store/useAppStore.js + src/data/roomSequence.js + src/utils/mediaUtils.js + src/utils/whatsappHelper.js","58113","true","7","27","60","169","36","CoupleMovieMarathon","text-amber-400 rounded-3xl bg-gradient-to-b from-red-950 via-slate-950 to-stone-950 border-4 border-amber-500/70 shadow-[0_0_50px_rgba bg-black/90 rounded-2xl border-2","64ccd39b3b","NO","NO","Movies Abu Wants to Watch with You uses CoupleMovieMarathonPage. Memory: the dream of Pokhara, Manang, and Mustang waiting for us. Gift: a promise folded into a keepsake card. Voice: Samjhana, my Fuchee, Abu made the Couple Movie Marathon room around the dream of Pokhara, Manang, and Mustang waiting for us. This page is a soft plac.","the dream of Pokhara, Manang, and Mustang waiting for us","You are beautiful in the moments you never think to pose for.","a promise folded into a keepsake card","Samjhana, my Fuchee, Abu made the Couple Movie Marathon room around the dream of Pokhara, Manang, and Mustang waiting for us. This page is a soft plac","A small surprise: Abu remembers more than he says. You are beautiful in the moments you never think to pose for. This page is Abu’s a compliment saved"
"226","226","/love-language-test","The Language of Your “Huss”","LoveLanguageTestPage","src/pages/LoveLanguageTestPage.jsx + src/components/LoveLanguageTest.jsx + src/components/WorldShell.jsx + src/themes.js + src/components/AudioController.jsx + src/store/useAppStore.js + src/data/roomSequence.js + src/utils/mediaUtils.js + src/utils/whatsappHelper.js","55853","true","7","27","54","176","35","LoveLanguageTest","text-rose-400 text-center rounded-3xl bg-slate-950 border-4 border-rose-400 shadow-2xl rounded-2xl border-2 border-amber-300 shadow-xl bg-black/40","8a4853cf24","NO","NO","The Language of Your “Huss” uses LoveLanguageTestPage. Memory: Water Park laughter and the day moving too quickly. Gift: a tiny memory ticket from Nepalgunj. Voice: Samjhana, my Bhoot, Abu made the Love Language Test room around Water Park laughter and the day moving too quickly. A small surprise: Abu remembers mo.","Water Park laughter and the day moving too quickly","Your “huss” can make a long day feel close again.","a tiny memory ticket from Nepalgunj","Samjhana, my Bhoot, Abu made the Love Language Test room around Water Park laughter and the day moving too quickly. A small surprise: Abu remembers mo","Keep this for the next time distance feels loud. Your “huss” can make a long day feel close again. This page is Abu’s a voice-note moment for the nigh"
"227","227","/love-potion-brewery-2","A Second Bottle of Abu’s Feelings","LovePotionBrewery2Page","src/pages/LovePotionBrewery2Page.jsx + src/components/LovePotionBrewery2.jsx + src/components/WorldShell.jsx + src/themes.js + src/components/AudioController.jsx + src/store/useAppStore.js + src/data/roomSequence.js + src/utils/mediaUtils.js + src/utils/whatsappHelper.js","55852","true","7","27","54","174","35","LovePotionBrewery2","text-purple-400 text-center rounded-3xl bg-slate-950 border-4 border-purple-400 shadow-2xl rounded-2xl border-2 border-amber-300 shadow-xl bg-black/40","e4beb8c1c5","NO","NO","A Second Bottle of Abu’s Feelings uses LovePotionBrewery2Page. Memory: Chau-Chau, Panipuri, momo, and the foods that became our language. Gift: a promise map for the places we still want to see. Voice: Samjhana, my Bhoot, Abu made the Love Potion Brewery 2 room around Chau-Chau, Panipuri, momo, and the foods that became our language. Open this when y.","Chau-Chau, Panipuri, momo, and the foods that became our language","Your kindness is one of the reasons Abu keeps choosing you.","a promise map for the places we still want to see","Samjhana, my Bhoot, Abu made the Love Potion Brewery 2 room around Chau-Chau, Panipuri, momo, and the foods that became our language. Open this when y","The secret is simple: Abu would still choose you in every version of the story. Your kindness is one of the reasons Abu keeps choosing you. This page "
"228","228","/romantic-message-grid","Messages Abu Arranged for You","RomanticMessageGridPage","src/pages/RomanticMessageGridPage.jsx + src/components/RomanticMessageGrid.jsx + src/components/WorldShell.jsx + src/themes.js + src/components/AudioController.jsx + src/store/useAppStore.js + src/data/roomSequence.js + src/utils/mediaUtils.js + src/utils/whatsappHelper.js","55437","true","7","27","54","170","63","RomanticMessageGrid","text-rose-400 text-center rounded-3xl bg-slate-950 border-4 border-rose-400 shadow-2xl rounded-2xl border-2 border-amber-300 shadow-xl bg-black/40","c3e4764052","NO","NO","Messages Abu Arranged for You uses RomanticMessageGridPage. Memory: the room-search conversation that started in Nepalgunj. Gift: a tiny memory ticket from Nepalgunj. Voice: Samjhana, my Bebo, Abu made the Romantic Message Grid room around the room-search conversation that started in Nepalgunj. A small surprise: Abu rememb.","the room-search conversation that started in Nepalgunj","You are the best part of every future Abu imagines.","a tiny memory ticket from Nepalgunj","Samjhana, my Bebo, Abu made the Romantic Message Grid room around the room-search conversation that started in Nepalgunj. A small surprise: Abu rememb","Keep this for the next time distance feels loud. You are the best part of every future Abu imagines. This page is Abu’s a voice-note moment for the ni"
"229","229","/couple-anniversary-clock","The Time We Keep Together","CoupleAnniversaryClockPage","src/pages/CoupleAnniversaryClockPage.jsx + src/components/CoupleAnniversaryClock.jsx + src/components/WorldShell.jsx + src/themes.js + src/components/AudioController.jsx + src/store/useAppStore.js + src/data/roomSequence.js + src/utils/mediaUtils.js + src/utils/whatsappHelper.js","55836","true","7","27","54","163","35","CoupleAnniversaryClock","text-pink-400 text-center rounded-3xl bg-slate-950 border-4 border-pink-400 shadow-2xl rounded-2xl border-2 border-amber-300 shadow-xl bg-black/40","91f6953376","NO","NO","The Time We Keep Together uses CoupleAnniversaryClockPage. Memory: the room-search conversation that started in Nepalgunj. Gift: a quiet “open when” note for your pocket. Voice: Samjhana, my Sanu, Abu made the Couple Anniversary Clock room around the room-search conversation that started in Nepalgunj. This page is a soft place.","the room-search conversation that started in Nepalgunj","You are the best part of every future Abu imagines.","a quiet “open when” note for your pocket","Samjhana, my Sanu, Abu made the Couple Anniversary Clock room around the room-search conversation that started in Nepalgunj. This page is a soft place","A small surprise: Abu remembers more than he says. You are the best part of every future Abu imagines. This page is Abu’s a promise map for the places"
"230","230","/love-doodle-canvas","A Doodle from Abu","LoveDoodleCanvasPage","src/pages/LoveDoodleCanvasPage.jsx + src/components/LoveDoodleCanvas.jsx + src/components/WorldShell.jsx + src/themes.js + src/components/AudioController.jsx + src/store/useAppStore.js + src/data/roomSequence.js + src/utils/mediaUtils.js + src/utils/whatsappHelper.js","55785","true","7","27","54","174","35","LoveDoodleCanvas","text-pink-400 text-center rounded-3xl bg-slate-950 border-4 border-pink-400 shadow-2xl rounded-2xl border-2 border-amber-300 shadow-xl bg-black/40","a388de295a","NO","NO","A Doodle from Abu uses LoveDoodleCanvasPage. Memory: the day “Abhay” became “Abu” because you made it yours. Gift: a promise folded into a keepsake card. Voice: Samjhana, my Sanzu, Abu made the Love Doodle Canvas room around the day “Abhay” became “Abu” because you made it yours. This page is a soft place to l.","the day “Abhay” became “Abu” because you made it yours","You are the person behind every name Abu says with a softer voice.","a promise folded into a keepsake card","Samjhana, my Sanzu, Abu made the Love Doodle Canvas room around the day “Abhay” became “Abu” because you made it yours. This page is a soft place to l","A small surprise: Abu remembers more than he says. You are the person behind every name Abu says with a softer voice. This page is Abu’s a compliment "
"231","231","/bhuntu-comic-strip-2","The Comic Abu Would Draw for You","BhuntuComicStrip2Page","src/pages/BhuntuComicStrip2Page.jsx + src/components/BhuntuComicStrip2.jsx + src/components/WorldShell.jsx + src/themes.js + src/components/AudioController.jsx + src/store/useAppStore.js + src/data/roomSequence.js + src/utils/mediaUtils.js + src/utils/whatsappHelper.js","55926","true","7","27","54","179","35","BhuntuComicStrip2","text-purple-400 text-center rounded-3xl bg-slate-950 border-4 border-purple-400 shadow-2xl rounded-2xl border-2 border-amber-300 shadow-xl bg-black/40","2f290bcf02","NO","NO","The Comic Abu Would Draw for You uses BhuntuComicStrip2Page. Memory: Bageshwori Temple and the prayers we carried home. Gift: a private letter from Abu. Voice: Samjhana, my Bebo, Abu made the Bhuntu Comic Strip 2 room around Bageshwori Temple and the prayers we carried home. This is a reminder that you are lo.","Bageshwori Temple and the prayers we carried home","Your smile makes Abu forget what he was worried about.","a private letter from Abu","Samjhana, my Bebo, Abu made the Bhuntu Comic Strip 2 room around Bageshwori Temple and the prayers we carried home. This is a reminder that you are lo","Open this when you miss Abu. Your smile makes Abu forget what he was worried about. This page is Abu’s a promise folded into a keepsake card for Fuche"
"232","232","/romantic-flower-garden","A Garden for Sanzu","RomanticFlowerGardenPage","src/pages/RomanticFlowerGardenPage.jsx + src/components/RomanticFlowerGarden.jsx + src/components/WorldShell.jsx + src/themes.js + src/components/AudioController.jsx + src/store/useAppStore.js + src/data/roomSequence.js + src/utils/mediaUtils.js + src/utils/whatsappHelper.js","55795","true","7","27","54","167","35","RomanticFlowerGarden","text-rose-400 text-center rounded-3xl bg-slate-950 border-4 border-rose-400 shadow-2xl rounded-2xl border-2 border-amber-300 shadow-xl bg-black/40","e87afe3fd2","NO","NO","A Garden for Sanzu uses RomanticFlowerGardenPage. Memory: the room-search conversation that started in Nepalgunj. Gift: a small surprise box with one true thing inside. Voice: Samjhana, my Samjhana, Abu made the Romantic Flower Garden room around the room-search conversation that started in Nepalgunj. Keep this for the next .","the room-search conversation that started in Nepalgunj","You are the best part of every future Abu imagines.","a small surprise box with one true thing inside","Samjhana, my Samjhana, Abu made the Romantic Flower Garden room around the room-search conversation that started in Nepalgunj. Keep this for the next ","Read this slowly, Sanu. It was made for your exact heart. You are the best part of every future Abu imagines. This page is Abu’s a birthday blessing w"
"233","233","/love-wish-bottle-ocean","A Wish Bottle from Abu","LoveWishBottleOceanPage","src/pages/LoveWishBottleOceanPage.jsx + src/components/LoveWishBottleOcean.jsx + src/components/WorldShell.jsx + src/themes.js + src/components/AudioController.jsx + src/store/useAppStore.js + src/data/roomSequence.js + src/utils/mediaUtils.js + src/utils/whatsappHelper.js","55789","true","7","27","54","173","65","LoveWishBottleOcean","text-cyan-400 text-center rounded-3xl bg-slate-950 border-4 border-cyan-400 shadow-2xl rounded-2xl border-2 border-amber-300 shadow-xl bg-black/40","179e4a0338","NO","NO","A Wish Bottle from Abu uses LoveWishBottleOceanPage. Memory: late-night video calls between Nepalgunj and Sakai, Osaka. Gift: a promise map for the places we still want to see. Voice: Samjhana, my Samjhana, Abu made the Love Wish Bottle Ocean room around late-night video calls between Nepalgunj and Sakai, Osaka. Open this when you m.","late-night video calls between Nepalgunj and Sakai, Osaka","You make ordinary food, ordinary calls, and ordinary rooms feel like memories.","a promise map for the places we still want to see","Samjhana, my Samjhana, Abu made the Love Wish Bottle Ocean room around late-night video calls between Nepalgunj and Sakai, Osaka. Open this when you m","The secret is simple: Abu would still choose you in every version of the story. You make ordinary food, ordinary calls, and ordinary rooms feel like m"
"234","234","/couple-superlatives","The Things You Are Best At","CoupleSuperlativesPage","src/pages/CoupleSuperlativesPage.jsx + src/components/CoupleSuperlatives.jsx + src/components/WorldShell.jsx + src/themes.js + src/components/AudioController.jsx + src/store/useAppStore.js + src/data/roomSequence.js + src/utils/mediaUtils.js + src/utils/whatsappHelper.js","56013","true","7","27","54","169","36","CoupleSuperlatives","text-amber-400 text-center rounded-3xl bg-slate-950 border-4 border-amber-400 shadow-2xl rounded-2xl border-2 border-amber-300 shadow-xl bg-black/40","949785555e","NO","NO","The Things You Are Best At uses CoupleSuperlativesPage. Memory: late-night video calls between Nepalgunj and Sakai, Osaka. Gift: a voice-note moment for the nights you miss home. Voice: Samjhana, my Bhuntu, Abu made the Couple Superlatives room around late-night video calls between Nepalgunj and Sakai, Osaka. The secret is simple: Abu.","late-night video calls between Nepalgunj and Sakai, Osaka","You make ordinary food, ordinary calls, and ordinary rooms feel like memories.","a voice-note moment for the nights you miss home","Samjhana, my Bhuntu, Abu made the Couple Superlatives room around late-night video calls between Nepalgunj and Sakai, Osaka. The secret is simple: Abu","The gift inside is not expensive; it is specific to you. You make ordinary food, ordinary calls, and ordinary rooms feel like memories. This page is A"
"235","235","/love-memory-cube-3d","A Cube of Our Favorite Moments","LoveMemoryCube3DPage","src/pages/LoveMemoryCube3DPage.jsx + src/components/LoveMemoryCube3D.jsx + src/components/WorldShell.jsx + src/themes.js + src/components/AudioController.jsx + src/store/useAppStore.js + src/data/roomSequence.js + src/utils/mediaUtils.js + src/utils/whatsappHelper.js","59843","true","7","27","56","189","49","LoveMemoryCube3D","from-cyan-500 to-blue-600 from-rose-500 to-pink-600 from-amber-400 to-yellow-500 from-orange-400 to-amber-500 from-purple-500 to-indigo-600 from-red-500 to-rose-600","e774519d5b","NO","NO","A Cube of Our Favorite Moments uses LoveMemoryCube3DPage. Memory: the way you can be Sanzu, Bhuntu, Sanu, Babe, or Runchi and still be home. Gift: a bouquet of words for your soft days. Voice: Samjhana, my Bhoot, Abu made the Love Memory Cube 3d room around the way you can be Sanzu, Bhuntu, Sanu, Babe, or Runchi and still be home. The gift i.","the way you can be Sanzu, Bhuntu, Sanu, Babe, or Runchi and still be home","You make Abu want to become gentler, steadier, and more worthy of your trust.","a bouquet of words for your soft days","Samjhana, my Bhoot, Abu made the Love Memory Cube 3d room around the way you can be Sanzu, Bhuntu, Sanu, Babe, or Runchi and still be home. The gift i","This is a reminder that you are loved in the details. You make Abu want to become gentler, steadier, and more worthy of your trust. This page is Abu’s"
"236","236","/love-envelope-collection","Letters Abu Has Been Saving","LoveEnvelopeCollectionPage","src/pages/LoveEnvelopeCollectionPage.jsx + src/components/LoveEnvelopeCollection.jsx + src/components/WorldShell.jsx + src/themes.js + src/components/AudioController.jsx + src/store/useAppStore.js + src/data/roomSequence.js + src/utils/mediaUtils.js + src/utils/whatsappHelper.js","56253","true","7","27","57","178","35","LoveEnvelopeCollection","text-rose-400 text-center rounded-3xl bg-slate-950 border-4 border-rose-400 shadow-2xl rounded-2xl border-2 border-amber-300 shadow-xl bg-black/40","b729de0a2a","NO","NO","Letters Abu Has Been Saving uses LoveEnvelopeCollectionPage. Memory: Water Park laughter and the day moving too quickly. Gift: a tiny memory ticket from Nepalgunj. Voice: Samjhana, my Babe, Abu made the Love Envelope Collection room around Water Park laughter and the day moving too quickly. A small surprise: Abu remembe.","Water Park laughter and the day moving too quickly","Your “huss” can make a long day feel close again.","a tiny memory ticket from Nepalgunj","Samjhana, my Babe, Abu made the Love Envelope Collection room around Water Park laughter and the day moving too quickly. A small surprise: Abu remembe","Keep this for the next time distance feels loud. Your “huss” can make a long day feel close again. This page is Abu’s a voice-note moment for the nigh"
"237","237","/romantic-music-box-2","A Second Song for Bhuntu","RomanticMusicBox2Page","src/pages/RomanticMusicBox2Page.jsx + src/components/RomanticMusicBox2.jsx + src/components/WorldShell.jsx + src/themes.js + src/components/AudioController.jsx + src/store/useAppStore.js + src/data/roomSequence.js + src/utils/mediaUtils.js + src/utils/whatsappHelper.js","56192","true","7","27","57","165","35","RomanticMusicBox2","text-amber-400 text-center rounded-3xl bg-slate-950 border-4 border-amber-400 shadow-2xl rounded-2xl border-2 border-amber-300 shadow-xl bg-black/40","44015dfaee","NO","NO","A Second Song for Bhuntu uses RomanticMusicBox2Page. Memory: Chau-Chau, Panipuri, momo, and the foods that became our language. Gift: a voice-note moment for the nights you miss home. Voice: Samjhana, my Babe, Abu made the Romantic Music Box 2 room around Chau-Chau, Panipuri, momo, and the foods that became our language. The secret is simp.","Chau-Chau, Panipuri, momo, and the foods that became our language","Your kindness is one of the reasons Abu keeps choosing you.","a voice-note moment for the nights you miss home","Samjhana, my Babe, Abu made the Romantic Music Box 2 room around Chau-Chau, Panipuri, momo, and the foods that became our language. The secret is simp","The gift inside is not expensive; it is specific to you. Your kindness is one of the reasons Abu keeps choosing you. This page is Abu’s a small surpri"
"238","238","/couple-future-home-3d","The Home Abu Imagines","CoupleFutureHome3DPage","src/pages/CoupleFutureHome3DPage.jsx + src/components/CoupleFutureHome3D.jsx + src/components/WorldShell.jsx + src/themes.js + src/components/AudioController.jsx + src/store/useAppStore.js + src/data/roomSequence.js + src/utils/mediaUtils.js + src/utils/whatsappHelper.js","55785","true","7","27","54","166","35","CoupleFutureHome3D","text-blue-400 text-center rounded-3xl bg-slate-950 border-4 border-blue-400 shadow-2xl rounded-2xl border-2 border-amber-300 shadow-xl bg-black/40","4876c8a123","NO","NO","The Home Abu Imagines uses CoupleFutureHome3DPage. Memory: the future light-blue scooter ride toward Bardiya. Gift: a bouquet of words for your soft days. Voice: Samjhana, my Sanu, Abu made the Couple Future Home 3d room around the future light-blue scooter ride toward Bardiya. The gift inside is not expensive;.","the future light-blue scooter ride toward Bardiya","Your voice can cross the Nepalgunj-to-Sakai distance faster than any flight.","a bouquet of words for your soft days","Samjhana, my Sanu, Abu made the Couple Future Home 3d room around the future light-blue scooter ride toward Bardiya. The gift inside is not expensive;","This is a reminder that you are loved in the details. Your voice can cross the Nepalgunj-to-Sakai distance faster than any flight. This page is Abu’s "
"239","239","/love-neon-sign-gallery","A Sign with Your Name on It","LoveNeonSignGalleryPage","src/pages/LoveNeonSignGalleryPage.jsx + src/components/LoveNeonSignGallery.jsx + src/components/WorldShell.jsx + src/themes.js + src/components/AudioController.jsx + src/store/useAppStore.js + src/data/roomSequence.js + src/utils/mediaUtils.js + src/utils/whatsappHelper.js","55723","true","7","27","54","174","35","LoveNeonSignGallery","text-pink-400 text-center rounded-3xl bg-slate-950 border-4 border-pink-400 shadow-2xl rounded-2xl border-2 border-amber-300 shadow-xl bg-black/40","6fb60f3846","NO","NO","A Sign with Your Name on It uses LoveNeonSignGalleryPage. Memory: the future light-blue scooter ride toward Bardiya. Gift: a Bageshwori memory pressed between two pages. Voice: Samjhana, my Bhuntu, Abu made the Love Neon Sign Gallery room around the future light-blue scooter ride toward Bardiya. This is a reminder that you ar.","the future light-blue scooter ride toward Bardiya","Your voice can cross the Nepalgunj-to-Sakai distance faster than any flight.","a Bageshwori memory pressed between two pages","Samjhana, my Bhuntu, Abu made the Love Neon Sign Gallery room around the future light-blue scooter ride toward Bardiya. This is a reminder that you ar","Open this when you miss Abu. Your voice can cross the Nepalgunj-to-Sakai distance faster than any flight. This page is Abu’s a quiet “open when” note "
"240","240","/bhuntu-photo-mosaic-2","Pieces of Samjhana in One Picture","BhuntuPhotoMosaic2Page","src/pages/BhuntuPhotoMosaic2Page.jsx + src/components/BhuntuPhotoMosaic2.jsx + src/components/WorldShell.jsx + src/themes.js + src/components/AudioController.jsx + src/store/useAppStore.js + src/data/roomSequence.js + src/utils/mediaUtils.js + src/utils/whatsappHelper.js","55849","true","7","27","54","172","35","BhuntuPhotoMosaic2","text-purple-400 text-center rounded-3xl bg-slate-950 border-4 border-purple-400 shadow-2xl rounded-2xl border-2 border-amber-300 shadow-xl bg-black/40","65f2bca280","NO","NO","Pieces of Samjhana in One Picture uses BhuntuPhotoMosaic2Page. Memory: Bageshwori Temple and the prayers we carried home. Gift: a private letter from Abu. Voice: Samjhana, my Runchi, Abu made the Bhuntu Photo Mosaic 2 room around Bageshwori Temple and the prayers we carried home. This is a reminder that you are.","Bageshwori Temple and the prayers we carried home","Your smile makes Abu forget what he was worried about.","a private letter from Abu","Samjhana, my Runchi, Abu made the Bhuntu Photo Mosaic 2 room around Bageshwori Temple and the prayers we carried home. This is a reminder that you are","Open this when you miss Abu. Your smile makes Abu forget what he was worried about. This page is Abu’s a promise folded into a keepsake card for Bhoot"
"241","241","/couple-relationship-cert","The Certificate of Being Samjhana","CoupleRelationshipCertPage","src/pages/CoupleRelationshipCertPage.jsx + src/components/CoupleRelationshipCert.jsx + src/components/WorldShell.jsx + src/themes.js + src/components/AudioController.jsx + src/store/useAppStore.js + src/data/roomSequence.js + src/utils/mediaUtils.js + src/utils/whatsappHelper.js","55911","true","7","27","54","167","35","CoupleRelationshipCert","text-amber-400 text-center rounded-3xl bg-slate-950 border-4 border-amber-400 shadow-2xl rounded-2xl border-2 border-amber-300 shadow-xl bg-black/40","1d469a217d","NO","NO","The Certificate of Being Samjhana uses CoupleRelationshipCertPage. Memory: dropping you at the Language Institute before Japan. Gift: a tiny memory ticket from Nepalgunj. Voice: Samjhana, my Sanzu, Abu made the Couple Relationship Cert room around dropping you at the Language Institute before Japan. A small surprise: Abu remem.","dropping you at the Language Institute before Japan","Your moods, your laugh, your quiet, and your Bhoot moments all belong to the girl Abu loves.","a tiny memory ticket from Nepalgunj","Samjhana, my Sanzu, Abu made the Couple Relationship Cert room around dropping you at the Language Institute before Japan. A small surprise: Abu remem","Keep this for the next time distance feels loud. Your moods, your laugh, your quiet, and your Bhoot moments all belong to the girl Abu loves. This pag"
"242","242","/grand-love-galaxy-3d","The Big Sky Abu Made for You","GrandLoveGalaxy3DPage","src/pages/GrandLoveGalaxy3DPage.jsx + src/components/GrandLoveGalaxy3D.jsx + src/components/WorldShell.jsx + src/themes.js + src/components/AudioController.jsx + src/store/useAppStore.js + src/data/roomSequence.js + src/utils/mediaUtils.js + src/utils/whatsappHelper.js","56691","true","7","27","55","176","36","GrandLoveGalaxy3D","from-purple-500 to-indigo-600 from-pink-500 to-rose-600 from-amber-400 to-yellow-500 text-purple-400 text-center font-ui rounded-3xl bg-slate-950 border-4","32d1550a15","NO","NO","The Big Sky Abu Made for You uses GrandLoveGalaxy3DPage. Memory: the way you can be Sanzu, Bhuntu, Sanu, Babe, or Runchi and still be home. Gift: a private letter from Abu. Voice: Samjhana, my Bebo, Abu made the Grand Love Galaxy 3d room around the way you can be Sanzu, Bhuntu, Sanu, Babe, or Runchi and still be home. This is a .","the way you can be Sanzu, Bhuntu, Sanu, Babe, or Runchi and still be home","You make Abu want to become gentler, steadier, and more worthy of your trust.","a private letter from Abu","Samjhana, my Bebo, Abu made the Grand Love Galaxy 3d room around the way you can be Sanzu, Bhuntu, Sanu, Babe, or Runchi and still be home. This is a ","Open this when you miss Abu. You make Abu want to become gentler, steadier, and more worthy of your trust. This page is Abu’s a promise folded into a "
"243","243","/love-tetris","A Tower of Tiny Memories","LoveTetrisPage","src/pages/LoveTetrisPage.jsx + src/components/LoveTetris.jsx + src/components/WorldShell.jsx + src/themes.js + src/data/birthdayData.js + src/utils/mediaUtils.js + src/components/AudioController.jsx + src/store/useAppStore.js + src/data/roomSequence.js","116212","true","9","30","80","630","148","LoveTetris","font-ui text-center rounded-full bg-gradient-to-r from-pink-500/20 to-purple-500/20 border-pink-300 text-rose-600 font-bold text-xs text-pink-500 text-4xl","7eec6a2ff5","NO","NO","A Tower of Tiny Memories uses LoveTetrisPage. Memory: Bageshwori Temple and the prayers we carried home. Gift: a Bageshwori memory pressed between two pages. Voice: Samjhana, my Samjhana, Abu made the Love Tetris room around Bageshwori Temple and the prayers we carried home. This is a reminder that you are loved i.","Bageshwori Temple and the prayers we carried home","Your smile makes Abu forget what he was worried about.","a Bageshwori memory pressed between two pages","Samjhana, my Samjhana, Abu made the Love Tetris room around Bageshwori Temple and the prayers we carried home. This is a reminder that you are loved i","Open this when you miss Abu. Your smile makes Abu forget what he was worried about. This page is Abu’s a quiet “open when” note for your pocket for Sa"
"244","244","/love-tetris-block-puzzle","Building a Future from Little Pieces","LoveTetrisBlockPuzzlePage","src/pages/LoveTetrisBlockPuzzlePage.jsx + src/components/LoveTetrisBlockPuzzle.jsx + src/components/WorldShell.jsx + src/themes.js + src/components/AudioController.jsx + src/store/useAppStore.js + src/data/roomSequence.js + src/utils/mediaUtils.js + src/utils/whatsappHelper.js","55823","true","7","27","54","176","36","LoveTetrisBlockPuzzle","text-pink-400 text-center rounded-3xl bg-slate-950 border-4 border-pink-400 shadow-2xl rounded-2xl border-2 border-amber-300 shadow-xl bg-black/40","0c93948f9a","NO","NO","Building a Future from Little Pieces uses LoveTetrisBlockPuzzlePage. Memory: the way you can be Sanzu, Bhuntu, Sanu, Babe, or Runchi and still be home. Gift: a voice-note moment for the nights you miss home. Voice: Samjhana, my Runchi, Abu made the Love Tetris Block Puzzle room around the way you can be Sanzu, Bhuntu, Sanu, Babe, or Runchi and still be home. The .","the way you can be Sanzu, Bhuntu, Sanu, Babe, or Runchi and still be home","You make Abu want to become gentler, steadier, and more worthy of your trust.","a voice-note moment for the nights you miss home","Samjhana, my Runchi, Abu made the Love Tetris Block Puzzle room around the way you can be Sanzu, Bhuntu, Sanu, Babe, or Runchi and still be home. The ","The gift inside is not expensive; it is specific to you. You make Abu want to become gentler, steadier, and more worthy of your trust. This page is Ab"
"245","245","/love-letter-archive-vault","The Archive Abu Locked for You","LoveLetterArchiveVaultPage","src/pages/LoveLetterArchiveVaultPage.jsx + src/utils/mediaUtils.js + src/data/pageGiftData.js + src/data/pageNames.js","321151","true","12","32","6","5952","2307","page-specific source","bg-[ text-[ text-xs font-black text-6xl text-8xl rounded-2xl text-left border-[ bg-white/70 font-bold rounded-[2rem]","80ef2e0f44","NO","NO","The Archive Abu Locked for You uses LoveLetterArchiveVaultPage. Memory: late-night video calls between Nepalgunj and Sakai, Osaka. Gift: a bouquet of words for your soft days. Voice: Samjhana, my Sanu, Abu made the Love Letter Archive Vault room around late-night video calls between Nepalgunj and Sakai, Osaka. The gift inside is no.","late-night video calls between Nepalgunj and Sakai, Osaka","You make ordinary food, ordinary calls, and ordinary rooms feel like memories.","a bouquet of words for your soft days","Samjhana, my Sanu, Abu made the Love Letter Archive Vault room around late-night video calls between Nepalgunj and Sakai, Osaka. The gift inside is no","This is a reminder that you are loved in the details. You make ordinary food, ordinary calls, and ordinary rooms feel like memories. This page is Abu’"
"246","246","/love-spell-caster-studio","Words That Make a Day Softer","LoveSpellCasterStudioPage","src/pages/LoveSpellCasterStudioPage.jsx + src/utils/mediaUtils.js + src/data/pageGiftData.js + src/data/pageNames.js","321280","true","12","32","6","5946","2305","page-specific source","bg-[ text-[ text-violet-200 text-xs font-black text-6xl text-8xl rounded-[2rem] border-violet-200/15 bg-white/[.06] rounded-[1.5rem] rounded-full","66878b5db6","NO","NO","Words That Make a Day Softer uses LoveSpellCasterStudioPage. Memory: the future light-blue scooter ride toward Bardiya. Gift: a compliment saved for your next tired day. Voice: Samjhana, my Sanzu, Abu made the Love Spell Caster Studio room around the future light-blue scooter ride toward Bardiya. Open this when you miss Abu..","the future light-blue scooter ride toward Bardiya","Your voice can cross the Nepalgunj-to-Sakai distance faster than any flight.","a compliment saved for your next tired day","Samjhana, my Sanzu, Abu made the Love Spell Caster Studio room around the future light-blue scooter ride toward Bardiya. Open this when you miss Abu.","The secret is simple: Abu would still choose you in every version of the story. Your voice can cross the Nepalgunj-to-Sakai distance faster than any f"
"247","247","/love-potion-lab-2","The Lab of Abu’s Feelings","LovePotionLab2Page","src/pages/LovePotionLab2Page.jsx + src/utils/mediaUtils.js + src/data/pageGiftData.js + src/data/pageNames.js","321708","true","12","32","6","5947","2307","page-specific source","bg-[ text-[ text-lime-200 text-xs font-black text-6xl text-8xl rounded-[2rem] border-lime-200/15 bg-white/[.06] rounded-[1.5rem] rounded-2xl","c3875ad31b","NO","NO","The Lab of Abu’s Feelings uses LovePotionLab2Page. Memory: the future light-blue scooter ride toward Bardiya. Gift: a compliment saved for your next tired day. Voice: Samjhana, my Bebo, Abu made the Love Potion Lab 2 room around the future light-blue scooter ride toward Bardiya. Open this when you miss Abu..","the future light-blue scooter ride toward Bardiya","Your voice can cross the Nepalgunj-to-Sakai distance faster than any flight.","a compliment saved for your next tired day","Samjhana, my Bebo, Abu made the Love Potion Lab 2 room around the future light-blue scooter ride toward Bardiya. Open this when you miss Abu.","The secret is simple: Abu would still choose you in every version of the story. Your voice can cross the Nepalgunj-to-Sakai distance faster than any f"
"248","248","/couple-milestone-map-2","A Second Map of Our Story","CoupleMilestoneMap2Page","src/pages/CoupleMilestoneMap2Page.jsx + src/utils/mediaUtils.js + src/data/pageGiftData.js + src/data/pageNames.js","321349","true","12","32","6","5943","2305","page-specific source","bg-[ text-[ text-xs font-black text-6xl text-8xl rounded-[2rem] rounded-[1.5rem] rounded-2xl text-left bg-white/60 font-bold","06fb7bdf97","NO","NO","A Second Map of Our Story uses CoupleMilestoneMap2Page. Memory: Water Park laughter and the day moving too quickly. Gift: a future postcard from the light-blue scooter road. Voice: Samjhana, my Sanzu, Abu made the Couple Milestone Map 2 room around Water Park laughter and the day moving too quickly. Read this slowly, Sanu. It was.","Water Park laughter and the day moving too quickly","Your “huss” can make a long day feel close again.","a future postcard from the light-blue scooter road","Samjhana, my Sanzu, Abu made the Couple Milestone Map 2 room around Water Park laughter and the day moving too quickly. Read this slowly, Sanu. It was","This page is a soft place to land when your day is heavy. Your “huss” can make a long day feel close again. This page is Abu’s a Bageshwori memory pre"
"249","249","/secret-vault-2","Secret Vault 2","SecretVaultSecondPage","src/pages/SecretVaultSecondPage.jsx + src/utils/mediaUtils.js + src/data/pageGiftData.js + src/data/pageNames.js","320933","true","12","32","6","5943","2309","page-specific source","bg-[ text-indigo-50 text-xs font-black text-indigo-300/70 text-6xl text-8xl rounded-[2.5rem] shadow-2xl border-indigo-200/15 bg-white/[.06] text-indigo-300","3d8b630ef6","NO","NO","Secret Vault 2 uses SecretVaultSecondPage. Memory: Water Park laughter and the day moving too quickly. Gift: a Sakai-to-Nepalgunj distance token. Voice: Samjhana, my Bhuntu, Abu made the Secret Vault 2 room around Water Park laughter and the day moving too quickly. A small surprise: Abu remembers more .","Water Park laughter and the day moving too quickly","Your “huss” can make a long day feel close again.","a Sakai-to-Nepalgunj distance token","Samjhana, my Bhuntu, Abu made the Secret Vault 2 room around Water Park laughter and the day moving too quickly. A small surprise: Abu remembers more ","Keep this for the next time distance feels loud. Your “huss” can make a long day feel close again. This page is Abu’s a memory ribbon tied to your fav"
"250","250","/love-grand-finale-2","Love Grand Finale 2","LoveGrandFinaleSecondPage","src/pages/LoveGrandFinaleSecondPage.jsx + src/utils/mediaUtils.js + src/data/pageGiftData.js + src/data/pageNames.js","321257","true","12","32","6","5948","2310","page-specific source","bg-gradient-to-b from-[ via-[ to-[ text-[ text-xs font-black text-6xl text-8xl text-lg rounded-[2rem] shadow-xl","f110e0080f","NO","NO","Love Grand Finale 2 uses LoveGrandFinaleSecondPage. Memory: Chau-Chau, Panipuri, momo, and the foods that became our language. Gift: a compliment saved for your next tired day. Voice: Samjhana, my Sanu, Abu made the Love Grand Finale 2 room around Chau-Chau, Panipuri, momo, and the foods that became our language. Open this when you .","Chau-Chau, Panipuri, momo, and the foods that became our language","Your kindness is one of the reasons Abu keeps choosing you.","a compliment saved for your next tired day","Samjhana, my Sanu, Abu made the Love Grand Finale 2 room around Chau-Chau, Panipuri, momo, and the foods that became our language. Open this when you ","The secret is simple: Abu would still choose you in every version of the story. Your kindness is one of the reasons Abu keeps choosing you. This page "
"251","251","/future-house-builder-2","Another Window into Our Future","FutureHouseBuilderSecondPage","src/pages/FutureHouseBuilderSecondPage.jsx + src/utils/mediaUtils.js + src/data/pageGiftData.js + src/data/pageNames.js","321262","true","12","32","6","5946","2305","page-specific source","bg-[ text-[ text-xs font-black text-emerald-700/70 text-6xl text-8xl text-lg rounded-[2rem] shadow-xl border-emerald-200 bg-white","7ca8940afd","NO","NO","Another Window into Our Future uses FutureHouseBuilderSecondPage. Memory: Bageshwori Temple and the prayers we carried home. Gift: a compliment saved for your next tired day. Voice: Samjhana, my Runchi, Abu made the Future House Builder 2 room around Bageshwori Temple and the prayers we carried home. Open this when you miss Abu..","Bageshwori Temple and the prayers we carried home","Your smile makes Abu forget what he was worried about.","a compliment saved for your next tired day","Samjhana, my Runchi, Abu made the Future House Builder 2 room around Bageshwori Temple and the prayers we carried home. Open this when you miss Abu.","The secret is simple: Abu would still choose you in every version of the story. Your smile makes Abu forget what he was worried about. This page is Ab"
"252","252","/ultimate-300th-love-coronation","The Grand Birthday Gift for Samjhana","Ultimate300thLoveCoronationPage","src/pages/Ultimate300thLoveCoronationPage.jsx + src/components/Ultimate300thLoveCoronation.jsx + src/components/WorldShell.jsx + src/themes.js + src/components/AudioController.jsx + src/store/useAppStore.js + src/data/roomSequence.js + src/utils/mediaUtils.js + src/utils/whatsappHelper.js","56580","true","7","27","57","175","36","Ultimate300thLoveCoronation","text-amber-400 text-center rounded-3xl bg-slate-950 border-4 border-amber-400 shadow-2xl rounded-2xl border-2 border-amber-300 shadow-xl bg-black/40","5cb0e38deb","NO","NO","The Grand Birthday Gift for Samjhana uses Ultimate300thLoveCoronationPage. Memory: late-night video calls between Nepalgunj and Sakai, Osaka. Gift: a promise map for the places we still want to see. Voice: Samjhana, my Sanu, Abu made the Ultimate 300th Love Coronation room around late-night video calls between Nepalgunj and Sakai, Osaka. Open this when y.","late-night video calls between Nepalgunj and Sakai, Osaka","You make ordinary food, ordinary calls, and ordinary rooms feel like memories.","a promise map for the places we still want to see","Samjhana, my Sanu, Abu made the Ultimate 300th Love Coronation room around late-night video calls between Nepalgunj and Sakai, Osaka. Open this when y","The secret is simple: Abu would still choose you in every version of the story. You make ordinary food, ordinary calls, and ordinary rooms feel like m"
"253","253","/hall-of-fame","Samjhana’s Hall of Abu’s Favourite Things","HallOfFamePage","src/pages/HallOfFamePage.jsx + src/components/HallOfFame.jsx + src/components/WorldShell.jsx + src/themes.js + src/data/birthdayData.js + src/utils/mediaUtils.js + src/components/AudioController.jsx + src/store/useAppStore.js + src/data/roomSequence.js + src/utils/whatsappHelper.js","113746","true","12","33","58","654","158","HallOfFame","text-amber-400 font-ui rounded-3xl border-4 border-amber-400 bg-gradient-to-br from-amber-950 via-slate-900 to-rose-950 text-white shadow-2xl text-center","17ddc36e0a","NO","NO","Samjhana’s Hall of Abu’s Favourite Things uses HallOfFamePage. Memory: dropping you at the Language Institute before Japan. Gift: a soft landing place for a difficult day. Voice: Samjhana, my Bhoot, Abu made the Hall Of Fame room around dropping you at the Language Institute before Japan. Keep this for the next time distance fe.","dropping you at the Language Institute before Japan","Your moods, your laugh, your quiet, and your Bhoot moments all belong to the girl Abu loves.","a soft landing place for a difficult day","Samjhana, my Bhoot, Abu made the Hall Of Fame room around dropping you at the Language Institute before Japan. Keep this for the next time distance fe","Read this slowly, Sanu. It was made for your exact heart. Your moods, your laugh, your quiet, and your Bhoot moments all belong to the girl Abu loves."
"254","254","/room/2","Room 2 — The Distance Between Us","Room2Page","src/pages/Room2Page.jsx + src/components/NepalgunjToOsakaFlightSim.jsx + src/components/WorldShell.jsx + src/themes.js + src/components/AudioController.jsx + src/store/useAppStore.js + src/data/roomSequence.js + src/utils/mediaUtils.js + src/utils/whatsappHelper.js","57800","true","7","27","54","178","37","NepalgunjToOsakaFlightSim","text-sky-400 text-center font-ui rounded-3xl bg-slate-950 border-4 border-sky-500/80 shadow-[0_0_50px_rgba text-xs font-mono font-bold text-sky-300","0acb351c1f","NO","NO","Room 2 — The Distance Between Us uses Room2Page. Memory: late-night video calls between Nepalgunj and Sakai, Osaka. Gift: a bouquet of words for your soft days. Voice: Samjhana, my Bhoot, Abu made the 2 room around late-night video calls between Nepalgunj and Sakai, Osaka. The gift inside is not expensive; it is spec.","late-night video calls between Nepalgunj and Sakai, Osaka","You make ordinary food, ordinary calls, and ordinary rooms feel like memories.","a bouquet of words for your soft days","Samjhana, my Bhoot, Abu made the 2 room around late-night video calls between Nepalgunj and Sakai, Osaka. The gift inside is not expensive; it is spec","This is a reminder that you are loved in the details. You make ordinary food, ordinary calls, and ordinary rooms feel like memories. This page is Abu’"
"255","255","/room/3","Room 3 — The Photo Abu Keeps","Room3Page","src/pages/Room3Page.jsx + src/components/BhuntuLovePolaroids.jsx + src/components/WorldShell.jsx + src/themes.js + src/components/AudioController.jsx + src/store/useAppStore.js + src/data/roomSequence.js + src/utils/mediaUtils.js + src/utils/whatsappHelper.js","55580","true","7","27","54","178","36","BhuntuLovePolaroids","text-pink-400 text-center rounded-3xl bg-slate-950 border-4 border-pink-400 shadow-2xl rounded-2xl border-2 border-amber-300 shadow-xl bg-black/40","2826255d7a","NO","NO","Room 3 — The Photo Abu Keeps uses Room3Page. Memory: Chau-Chau, Panipuri, momo, and the foods that became our language. Gift: a voice-note moment for the nights you miss home. Voice: Samjhana, my Babe, Abu made the 3 room around Chau-Chau, Panipuri, momo, and the foods that became our language. The secret is simple: Abu would still.","Chau-Chau, Panipuri, momo, and the foods that became our language","Your kindness is one of the reasons Abu keeps choosing you.","a voice-note moment for the nights you miss home","Samjhana, my Babe, Abu made the 3 room around Chau-Chau, Panipuri, momo, and the foods that became our language. The secret is simple: Abu would still","The gift inside is not expensive; it is specific to you. Your kindness is one of the reasons Abu keeps choosing you. This page is Abu’s a small surpri"
"256","256","/room/5","Room 5 — The Story We Tell","Room5Page","src/pages/Room5Page.jsx + src/components/LoveLoveStoryComicStrip.jsx + src/components/WorldShell.jsx + src/themes.js + src/components/AudioController.jsx + src/store/useAppStore.js + src/data/roomSequence.js + src/utils/mediaUtils.js + src/utils/whatsappHelper.js","55701","true","7","27","54","177","36","LoveLoveStoryComicStrip","text-rose-500 text-center rounded-3xl bg-slate-950 border-4 border-rose-500 shadow-2xl rounded-2xl border-2 border-amber-300 shadow-xl bg-black/40","cb81ffc791","NO","NO","Room 5 — The Story We Tell uses Room5Page. Memory: Chau-Chau, Panipuri, momo, and the foods that became our language. Gift: a Bageshwori memory pressed between two pages. Voice: Samjhana, my Runchi, Abu made the 5 room around Chau-Chau, Panipuri, momo, and the foods that became our language. This is a reminder that you are lov.","Chau-Chau, Panipuri, momo, and the foods that became our language","Your kindness is one of the reasons Abu keeps choosing you.","a Bageshwori memory pressed between two pages","Samjhana, my Runchi, Abu made the 5 room around Chau-Chau, Panipuri, momo, and the foods that became our language. This is a reminder that you are lov","Open this when you miss Abu. Your kindness is one of the reasons Abu keeps choosing you. This page is Abu’s a quiet “open when” note for your pocket f"
"257","257","/room/6","Room 6 — The Things Abu Loves","Room6Page","src/pages/Room6Page.jsx + src/components/FirstMomentsTimeline.jsx + src/components/WorldShell.jsx + src/themes.js + src/components/AudioController.jsx + src/store/useAppStore.js + src/data/roomSequence.js + src/utils/mediaUtils.js + src/utils/whatsappHelper.js","61265","true","8","28","63","183","39","FirstMomentsTimeline","text-pink-400 text-center font-ui rounded-3xl bg-slate-950/90 border-4 border-pink-500/60 shadow-2xl text-white bg-pink-950/50 rounded-2xl border-pink-400/30","e85ea15be7","NO","NO","Room 6 — The Things Abu Loves uses Room6Page. Memory: late-night video calls between Nepalgunj and Sakai, Osaka. Gift: a birthday blessing written in Abu’s handwriting. Voice: Samjhana, my Fuchee, Abu made the 6 room around late-night video calls between Nepalgunj and Sakai, Osaka. The gift inside is not expensive; it is spe.","late-night video calls between Nepalgunj and Sakai, Osaka","You make ordinary food, ordinary calls, and ordinary rooms feel like memories.","a birthday blessing written in Abu’s handwriting","Samjhana, my Fuchee, Abu made the 6 room around late-night video calls between Nepalgunj and Sakai, Osaka. The gift inside is not expensive; it is spe","This is a reminder that you are loved in the details. You make ordinary food, ordinary calls, and ordinary rooms feel like memories. This page is Abu’"
"258","258","/room/7","Room 7 — An Envelope for Sanzu","Room7Page","src/pages/Room7Page.jsx + src/components/LoveEnvelope.jsx + src/components/WorldShell.jsx + src/themes.js + src/data/birthdayData.js + src/utils/mediaUtils.js + src/components/AudioController.jsx + src/store/useAppStore.js + src/data/roomSequence.js + src/utils/whatsappHelper.js","120828","true","11","32","83","721","160","LoveEnvelope","from-amber-400 to-amber-600 from-rose-500 to-pink-600 from-purple-500 to-indigo-600 text-rose-500 font-ui bg-white/80 rounded-2xl border-pink-200 shadow-sm","b2af053e2a","NO","NO","Room 7 — An Envelope for Sanzu uses Room7Page. Memory: the future light-blue scooter ride toward Bardiya. Gift: a memory ribbon tied to your favourite name. Voice: Samjhana, my Bhuntu, Abu made the 7 room around the future light-blue scooter ride toward Bardiya. The secret is simple: Abu would still choose you in.","the future light-blue scooter ride toward Bardiya","Your voice can cross the Nepalgunj-to-Sakai distance faster than any flight.","a memory ribbon tied to your favourite name","Samjhana, my Bhuntu, Abu made the 7 room around the future light-blue scooter ride toward Bardiya. The secret is simple: Abu would still choose you in","The gift inside is not expensive; it is specific to you. Your voice can cross the Nepalgunj-to-Sakai distance faster than any flight. This page is Abu"
"259","259","/room/8","Room 8 — The Places We Still Want","Room8Page","src/pages/Room8Page.jsx + src/components/TravelBucketList.jsx + src/components/WorldShell.jsx + src/themes.js + src/data/birthdayData.js + src/utils/mediaUtils.js + src/components/AudioController.jsx + src/store/useAppStore.js + src/data/roomSequence.js","119193","true","9","30","82","666","154","TravelBucketList","font-ui bg-white/80 rounded-3xl border-pink-200 shadow-sm text-xs font-bold text-rose-600 text-rose-500 text-pink-600 font-extrabold rounded-full","03981edc22","NO","NO","Room 8 — The Places We Still Want uses Room8Page. Memory: late-night video calls between Nepalgunj and Sakai, Osaka. Gift: a promise map for the places we still want to see. Voice: Samjhana, my Samjhana, Abu made the 8 room around late-night video calls between Nepalgunj and Sakai, Osaka. Open this when you miss Abu..","late-night video calls between Nepalgunj and Sakai, Osaka","You make ordinary food, ordinary calls, and ordinary rooms feel like memories.","a promise map for the places we still want to see","Samjhana, my Samjhana, Abu made the 8 room around late-night video calls between Nepalgunj and Sakai, Osaka. Open this when you miss Abu.","The secret is simple: Abu would still choose you in every version of the story. You make ordinary food, ordinary calls, and ordinary rooms feel like m"
"260","260","/room/9","Room 9 — A Wish for Bhuntu","Room9Page","src/pages/Room9Page.jsx + src/components/SakuraPromiseTree.jsx + src/components/WorldShell.jsx + src/themes.js + src/data/birthdayData.js + src/utils/mediaUtils.js + src/components/AudioController.jsx + src/store/useAppStore.js + src/data/roomSequence.js","109139","true","9","30","64","641","168","SakuraPromiseTree","rounded-3xl bg-gradient-to-b from-pink-50 via-rose-50 to-pink-100 border-2 border-pink-300 shadow-2xl bg-amber-800 rounded-t-full border-t-2 border-amber-900","9005a0195c","NO","NO","Room 9 — A Wish for Bhuntu uses Room9Page. Memory: the future light-blue scooter ride toward Bardiya. Gift: a private letter from Abu. Voice: Samjhana, my Sanu, Abu made the 9 room around the future light-blue scooter ride toward Bardiya. This is a reminder that you are loved in the details..","the future light-blue scooter ride toward Bardiya","Your voice can cross the Nepalgunj-to-Sakai distance faster than any flight.","a private letter from Abu","Samjhana, my Sanu, Abu made the 9 room around the future light-blue scooter ride toward Bardiya. This is a reminder that you are loved in the details.","Open this when you miss Abu. Your voice can cross the Nepalgunj-to-Sakai distance faster than any flight. This page is Abu’s a promise folded into a k"
"261","261","/room/10","Room 10 — A Voice from Abu","Room10Page","src/pages/Room10Page.jsx + src/components/BhuntuVoiceNoteArchive.jsx + src/components/WorldShell.jsx + src/themes.js + src/components/AudioController.jsx + src/store/useAppStore.js + src/data/roomSequence.js + src/utils/mediaUtils.js + src/utils/whatsappHelper.js","55800","true","7","27","54","175","37","BhuntuVoiceNoteArchive","text-purple-300 text-center rounded-3xl bg-slate-950 border-4 border-purple-400 shadow-2xl rounded-2xl border-2 border-amber-300 shadow-xl bg-black/40","7f83b0b26f","NO","NO","Room 10 — A Voice from Abu uses Room10Page. Memory: late-night video calls between Nepalgunj and Sakai, Osaka. Gift: a Bageshwori memory pressed between two pages. Voice: Samjhana, my Bhuntu, Abu made the 10 room around late-night video calls between Nepalgunj and Sakai, Osaka. This is a reminder that you are loved in t.","late-night video calls between Nepalgunj and Sakai, Osaka","You make ordinary food, ordinary calls, and ordinary rooms feel like memories.","a Bageshwori memory pressed between two pages","Samjhana, my Bhuntu, Abu made the 10 room around late-night video calls between Nepalgunj and Sakai, Osaka. This is a reminder that you are loved in t","Open this when you miss Abu. You make ordinary food, ordinary calls, and ordinary rooms feel like memories. This page is Abu’s a quiet “open when” not"
"262","262","/room/11","Room 11 — The Promise Room","Room11Page","src/pages/Room11Page.jsx + src/components/LoveCoronationCeremony.jsx + src/components/WorldShell.jsx + src/themes.js + src/components/AudioController.jsx + src/store/useAppStore.js + src/data/roomSequence.js + src/utils/mediaUtils.js + src/utils/whatsappHelper.js","56462","true","7","27","57","178","35","LoveCoronationCeremony","text-amber-400 text-center rounded-3xl bg-slate-950 border-4 border-amber-400 shadow-2xl rounded-2xl border-2 border-amber-300 shadow-xl bg-black/40","cf0b588a5e","NO","NO","Room 11 — The Promise Room uses Room11Page. Memory: late-night video calls between Nepalgunj and Sakai, Osaka. Gift: a Bageshwori memory pressed between two pages. Voice: Samjhana, my Samjhana, Abu made the 11 room around late-night video calls between Nepalgunj and Sakai, Osaka. This is a reminder that you are loved in.","late-night video calls between Nepalgunj and Sakai, Osaka","You make ordinary food, ordinary calls, and ordinary rooms feel like memories.","a Bageshwori memory pressed between two pages","Samjhana, my Samjhana, Abu made the 11 room around late-night video calls between Nepalgunj and Sakai, Osaka. This is a reminder that you are loved in","Open this when you miss Abu. You make ordinary food, ordinary calls, and ordinary rooms feel like memories. This page is Abu’s a quiet “open when” not"
"263","263","/room/12","Room 12 — The Final Gift","Room12Page","src/pages/Room12Page.jsx + src/components/LoveGrandFinale.jsx + src/components/WorldShell.jsx + src/themes.js + src/components/AudioController.jsx + src/store/useAppStore.js + src/data/roomSequence.js + src/utils/mediaUtils.js + src/utils/whatsappHelper.js","66151","true","7","27","71","194","37","LoveGrandFinale","from-amber-300 via-yellow-400 to-amber-500 from-sky-300 via-blue-400 to-indigo-500 from-pink-300 via-rose-400 to-pink-500 from-purple-300 via-fuchsia-400 to-purple-600","47f2338fa1","NO","NO","Room 12 — The Final Gift uses Room12Page. Memory: late-night video calls between Nepalgunj and Sakai, Osaka. Gift: a Bageshwori memory pressed between two pages. Voice: Samjhana, my Bebo, Abu made the 12 room around late-night video calls between Nepalgunj and Sakai, Osaka. This is a reminder that you are loved in the.","late-night video calls between Nepalgunj and Sakai, Osaka","You make ordinary food, ordinary calls, and ordinary rooms feel like memories.","a Bageshwori memory pressed between two pages","Samjhana, my Bebo, Abu made the 12 room around late-night video calls between Nepalgunj and Sakai, Osaka. This is a reminder that you are loved in the","Open this when you miss Abu. You make ordinary food, ordinary calls, and ordinary rooms feel like memories. This page is Abu’s a quiet “open when” not"
